<?xml version='1.0' encoding='utf-8'?>
<COLLADA xmlns="http://www.collada.org/2005/11/COLLADASchema" version="1.4.1">
    <asset>
        <contributor>
            <authoring_tool>ctmconv</authoring_tool>
            <comments />
        </contributor>
        <created>2026-07-27T16:20:25</created>
        <modified>2026-07-27T16:20:25</modified>
    </asset>
    <library_effects><effect id="buoy-effect"><profile_COMMON><technique sid="common"><phong><ambient><color>1.0 0.05 0.02 1.0</color></ambient><diffuse><color>1.0 0.05 0.02 1.0</color></diffuse><specular><color>0.1 0.1 0.1 1</color></specular></phong></technique></profile_COMMON></effect></library_effects><library_materials><material id="buoy-material" name="buoy-material"><instance_effect url="#buoy-effect" /></material></library_materials><library_geometries>
        <geometry id="Mesh-1" name="Mesh-1">
            <mesh>
                <source id="Mesh-1-positions" name="position">
                    <float_array id="Mesh-1-positions-array" count="48780">-0.368104 -0.345867 1 -0.368104 0.370103 1 -0.366564 -0.345867 0.968634 -0.366564 -0.345867 1.03137 -0.366564 0.370103 0.968634 -0.366564 0.370103 1.03137 -0.36499 -0.345867 0.955465 -0.36499 -0.345867 1.04454 -0.36499 0.370103 0.955465 -0.36499 0.370103 1.04454 -0.362522 0.375231 1 -0.361956 -0.345867 0.937571 -0.361956 -0.345867 1.06243 -0.361956 0.370103 0.937571 -0.361956 0.370103 1.06243 -0.361008 0.375231 0.969182 -0.361008 0.375231 1.03082 -0.35648 0.375231 0.93866 -0.35648 0.375231 1.06134 -0.355708 -0.345867 0.911796 -0.355708 -0.345867 1.0882 -0.355708 0.370103 0.911796 -0.355708 0.370103 1.0882 -0.354325 -0.345867 0.907109 -0.354325 -0.345867 1.09289 -0.354325 0.370103 0.907109 -0.354325 0.370103 1.09289 -0.348983 0.375231 0.908729 -0.348983 0.375231 1.09127 -0.345008 -0.365998 1 -0.343746 -0.345867 0.877541 -0.343746 -0.345867 1.12246 -0.343746 0.370103 0.877541 -0.343746 0.370103 1.12246 -0.343578 -0.365998 0.970898 -0.343578 -0.365998 1.0291 -0.340468 0.393869 1 -0.340439 -0.345867 0.869844 -0.340439 -0.345867 1.13016 -0.340439 0.370103 0.869844 -0.340439 0.370103 1.13016 -0.339303 -0.365998 0.942077 -0.339303 -0.365998 1.05792 -0.339061 0.393869 0.971343 -0.339061 0.393869 1.02866 -0.338588 0.375231 0.879678 -0.338588 0.375231 1.12032 -0.334851 0.393869 0.942963 -0.334851 0.393869 1.05704 -0.332223 -0.365998 0.913814 -0.332223 -0.365998 1.08619 -0.330319 -0.345867 0.849153 -0.330319 -0.345867 1.15085 -0.330319 0.370103 0.849153 -0.330319 0.370103 1.15085 -0.327879 0.393869 0.915131 -0.327879 0.393869 1.08487 -0.325396 0.375231 0.851785 -0.325396 0.375231 1.14822 -0.322407 -0.365998 0.88638 -0.322407 -0.365998 1.11362 -0.320886 -0.384205 1 -0.319572 -0.384205 0.973263 -0.319572 -0.384205 1.02674 -0.31948 -0.345867 0.830426 -0.31948 -0.345867 1.16957 -0.31948 0.370103 0.830426 -0.31948 0.370103 1.16957 -0.318214 0.393869 0.888117 -0.318214 0.393869 1.11188 -0.316394 0.411543 1 -0.315644 -0.384205 0.946783 -0.315644 -0.384205 1.05322 -0.315102 0.411543 0.973703 -0.315102 0.411543 1.0263 -0.314175 -0.345867 0.822218 -0.314175 -0.345867 1.17778 -0.314175 0.370103 0.822218 -0.314175 0.370103 1.17778 -0.311239 0.411543 0.947659 -0.311239 0.411543 1.05234 -0.30995 -0.365998 0.860041 -0.30995 -0.365998 1.13996 -0.309533 0.375231 0.825319 -0.309533 0.375231 1.17468 -0.30914 -0.384205 0.920816 -0.30914 -0.384205 1.07918 -0.305947 0.393869 0.862181 -0.305947 0.393869 1.13782 -0.304842 0.411543 0.92212 -0.304842 0.411543 1.07788 -0.300122 -0.384205 0.895611 -0.300122 -0.384205 1.10439 -0.295972 0.411543 0.89733 -0.295972 0.411543 1.10267 -0.295862 -0.400426 1 -0.295468 -0.345867 0.796994 -0.295468 -0.345867 1.20301 -0.295468 0.370103 0.796994 -0.295468 0.370103 1.20301 -0.294971 -0.365998 0.835049 -0.294971 -0.365998 1.16495 -0.294669 -0.400426 0.975716 -0.294669 -0.400426 1.02428 -0.293239 -0.345867 0.794308 -0.293239 -0.345867 1.20569 -0.293239 0.370103 0.794308 -0.293239 0.370103 1.20569 -0.291298 0.427354 1 -0.291196 0.393869 0.837571 -0.291196 0.393869 1.16243 -0.291152 0.375231 0.800536 -0.291152 0.375231 1.19946 -0.291102 -0.400426 0.951665 -0.291102 -0.400426 1.04834 -0.290127 0.427354 0.976163 -0.290127 0.427354 1.02384 -0.288676 -0.384205 0.871412 -0.288676 -0.384205 1.12859 -0.286625 0.427354 0.952555 -0.286625 0.427354 1.04744 -0.285194 -0.400426 0.92808 -0.285194 -0.400426 1.07192 -0.284715 0.411543 0.873529 -0.284715 0.411543 1.12647 -0.280826 0.427354 0.929405 -0.280826 0.427354 1.0706 -0.277614 -0.365998 0.811647 -0.277614 -0.365998 1.18835 -0.277003 -0.400426 0.905187 -0.277003 -0.400426 1.09481 -0.274914 -0.384205 0.848451 -0.274914 -0.384205 1.15155 -0.274379 -0.345867 0.773726 -0.274379 -0.345867 1.22627 -0.274379 0.370103 0.773726 -0.274379 0.370103 1.22627 -0.274105 0.393869 0.814526 -0.274105 0.393869 1.18547 -0.272786 0.427354 0.906934 -0.272786 0.427354 1.09307 -0.271179 0.411543 0.850946 -0.271179 0.411543 1.14905 -0.270431 0.375231 0.777673 -0.270431 0.375231 1.22233 -0.269889 -0.414728 1 -0.268822 -0.414728 0.978261 -0.268822 -0.414728 1.02174 -0.266607 -0.400426 0.883208 -0.266607 -0.400426 1.11679 -0.265628 -0.414728 0.956732 -0.265628 -0.414728 1.04327 -0.265112 0.441337 1 -0.264068 0.441337 0.978729 -0.264068 0.441337 1.02127 -0.262582 0.427354 0.88536 -0.262582 0.427354 1.11464 -0.262226 -0.345867 0.762194 -0.262226 -0.345867 1.23781 -0.262226 0.370103 0.762194 -0.262226 0.370103 1.23781 -0.260943 0.441337 0.957664 -0.260943 0.441337 1.04234 -0.260339 -0.414728 0.935619 -0.260339 -0.414728 1.06438 -0.258967 -0.384205 0.826949 -0.258967 -0.384205 1.17305 -0.258047 -0.365998 0.790058 -0.258047 -0.365998 1.20994 -0.255768 0.441337 0.937006 -0.255768 0.441337 1.06299 -0.255495 0.411543 0.829799 -0.255495 0.411543 1.1702 -0.254837 0.393869 0.793267 -0.254837 0.393869 1.20673 -0.254108 -0.400426 0.862353 -0.254108 -0.400426 1.13765 -0.253007 -0.414728 0.915127 -0.253007 -0.414728 1.08487 -0.25111 -0.345867 0.752637 -0.25111 -0.345867 1.24736 -0.25111 0.370103 0.752637 -0.25111 0.370103 1.24736 -0.250312 0.427354 0.864889 -0.250312 0.427354 1.13511 -0.248594 0.441337 0.916955 -0.248594 0.441337 1.08305 -0.247569 0.375231 0.756952 -0.247569 0.375231 1.24305 -0.243701 -0.414728 0.895451 -0.243701 -0.414728 1.10455 -0.242908 -0.427161 1 -0.24197 -0.427161 0.980906 -0.24197 -0.427161 1.01909 -0.24099 -0.384205 0.807114 -0.24099 -0.384205 1.19289 -0.239624 -0.400426 0.842824 -0.239624 -0.400426 1.15718 -0.239488 0.441337 0.897703 -0.239488 0.441337 1.1023 -0.239165 -0.427161 0.961996 -0.239165 -0.427161 1.038 -0.237814 0.411543 0.810291 -0.237814 0.411543 1.18971 -0.237761 0.45351 1 -0.236848 0.45351 0.98141 -0.236848 0.45351 1.01859 -0.236458 -0.365998 0.770491 -0.236458 -0.365998 1.22951 -0.236095 0.427354 0.84572 -0.236095 0.427354 1.15428 -0.23452 -0.427161 0.943452 -0.23452 -0.427161 1.05655 -0.234117 0.45351 0.963 -0.234117 0.45351 1.037 -0.233578 0.393869 0.774 -0.233578 0.393869 1.226 -0.232512 -0.414728 0.876783 -0.232512 -0.414728 1.12322 -0.229595 0.45351 0.944946 -0.229595 0.45351 1.05505 -0.22854 0.441337 0.879437 -0.22854 0.441337 1.12056 -0.228079 -0.427161 0.925452 -0.228079 -0.427161 1.07455 -0.227046 -0.345867 0.734708 -0.227046 -0.345867 1.26529 -0.227046 0.370103 0.734708 -0.227046 0.370103 1.26529 -0.225887 -0.345867 0.73393 -0.225887 -0.345867 1.26607 -0.225887 0.370103 0.73393 -0.225887 0.370103 1.26607 -0.223325 0.45351 0.927421 -0.223325 0.45351 1.07258 -0.223296 -0.400426 0.824809 -0.223296 -0.400426 1.17519 -0.222785 0.375231 0.738572 -0.222785 0.375231 1.26143 -0.221155 -0.384205 0.789137 -0.221155 -0.384205 1.21086 -0.220068 0.427354 0.828037 -0.220068 0.427354 1.17196 -0.219906 -0.427161 0.90817 -0.219906 -0.427161 1.09183 -0.219547 -0.414728 0.859301 -0.219547 -0.414728 1.1407 -0.218306 0.411543 0.792609 -0.218306 0.411543 1.20739 -0.215854 0.441337 0.862332 -0.215854 0.441337 1.13767 -0.215367 0.45351 0.910596 -0.215367 0.45351 1.0894 -0.214847 -0.437756 1 -0.214044 -0.437756 0.983656 -0.214044 -0.437756 1.01634 -0.213055 -0.365998 0.753134 -0.213055 -0.365998 1.24687 -0.211643 -0.437756 0.96747 -0.211643 -0.437756 1.03253 -0.210533 0.393869 0.756908 -0.210533 0.393869 1.24309 -0.210078 -0.427161 0.891773 -0.210078 -0.427161 1.10823 -0.209157 0.463873 1 -0.208382 0.463873 0.984214 -0.208382 0.463873 1.01579 -0.207667 -0.437756 0.951597 -0.207667 -0.437756 1.0484 -0.206062 0.463873 0.96858 -0.206062 0.463873 1.03142 -0.205798 0.45351 0.894632 -0.205798 0.45351 1.10537 -0.20528 -0.400426 0.808481 -0.20528 -0.400426 1.19152 -0.20493 -0.414728 0.843174 -0.20493 -0.414728 1.15683 -0.202385 0.427354 0.812009 -0.202385 0.427354 1.18799 -0.202222 0.463873 0.953249 -0.202222 0.463873 1.04675 -0.202155 -0.437756 0.93619 -0.202155 -0.437756 1.06381 -0.201552 0.441337 0.846552 -0.201552 0.441337 1.15345 -0.199654 -0.384205 0.773191 -0.199654 -0.384205 1.22681 -0.198951 -0.345867 0.717785 -0.198951 -0.345867 1.28221 -0.198951 0.370103 0.717785 -0.198951 0.370103 1.28221 -0.19869 -0.427161 0.876418 -0.19869 -0.427161 1.12358 -0.197158 0.411543 0.776925 -0.197158 0.411543 1.22307 -0.196898 0.463873 0.938368 -0.196898 0.463873 1.06163 -0.19632 0.375231 0.722709 -0.19632 0.375231 1.27729 -0.195159 -0.437756 0.921398 -0.195159 -0.437756 1.0786 -0.194711 0.45351 0.879683 -0.194711 0.45351 1.12032 -0.19014 0.463873 0.92408 -0.19014 0.463873 1.07592 -0.188803 -0.414728 0.828558 -0.188803 -0.414728 1.17144 -0.188383 -0.345867 0.712386 -0.188383 -0.345867 1.28761 -0.188383 0.370103 0.712386 -0.188383 0.370103 1.28761 -0.188064 -0.365998 0.738155 -0.188064 -0.365998 1.26185 -0.186746 -0.437756 0.907363 -0.186746 -0.437756 1.09264 -0.185924 0.393869 0.742158 -0.185924 0.393869 1.25784 -0.185851 -0.427161 0.862253 -0.185851 -0.427161 1.13775 -0.185773 0.441337 0.832251 -0.185773 0.441337 1.16775 -0.185751 -0.400426 0.793997 -0.185751 -0.400426 1.206 -0.185628 -0.446524 1 -0.184966 -0.446524 0.98652 -0.184966 -0.446524 1.01348 -0.183215 0.427354 0.797792 -0.183215 0.427354 1.20221 -0.182986 -0.446524 0.97317 -0.182986 -0.446524 1.02683 -0.182212 0.45351 0.865892 -0.182212 0.45351 1.13411 -0.182015 0.463873 0.910524 -0.182015 0.463873 1.08948 -0.179707 -0.446524 0.960079 -0.179707 -0.446524 1.03992 -0.179206 0.472401 1 -0.178574 0.472401 0.98715 -0.178574 0.472401 1.01285 -0.176998 -0.437756 0.894219 -0.176998 -0.437756 1.10578 -0.176693 -0.384205 0.759428 -0.176693 -0.384205 1.24057 -0.176687 0.472401 0.974423 -0.176687 0.472401 1.02558 -0.17516 -0.446524 0.947372 -0.17516 -0.446524 1.05263 -0.174575 0.411543 0.76339 -0.174575 0.411543 1.23661 -0.17356 0.472401 0.961943 -0.17356 0.472401 1.03806 -0.1726 0.463873 0.897829 -0.1726 0.463873 1.10217 -0.171686 -0.427161 0.849415 -0.171686 -0.427161 1.15059 -0.171322 -0.414728 0.815593 -0.171322 -0.414728 1.18441 -0.170563 -0.345867 0.704359 -0.170563 -0.345867 1.29564 -0.170563 0.370103 0.704359 -0.170563 0.370103 1.29564 -0.16939 -0.446524 0.935172 -0.16939 -0.446524 1.06483 -0.169226 0.472401 0.94983 -0.169226 0.472401 1.05017 -0.168668 0.441337 0.819564 -0.168668 0.441337 1.18044 -0.168427 0.375231 0.709516 -0.168427 0.375231 1.29048 -0.168422 0.45351 0.853393 -0.168422 0.45351 1.14661 -0.16601 -0.437756 0.882095 -0.16601 -0.437756 1.11791 -0.164897 -0.400426 0.781497 -0.164897 -0.400426 1.2185 -0.163725 0.472401 0.938199 -0.163725 0.472401 1.0618 -0.162745 0.427354 0.785523 -0.162745 0.427354 1.21448 -0.162451 -0.446524 0.923596 -0.162451 -0.446524 1.0764 -0.161986 0.463873 0.886119 -0.161986 0.463873 1.11388 -0.161724 -0.365998 0.725697 -0.161724 -0.365998 1.2743 -0.159987 0.393869 0.729891 -0.159987 0.393869 1.27011 -0.157111 0.472401 0.927164 -0.157111 0.472401 1.07284 -0.156502 -0.453197 1 -0.156331 -0.427161 0.838027 -0.156331 -0.427161 1.16197 -0.155981 -0.453197 0.989375 -0.155981 -0.453197 1.01062 -0.15442 -0.453197 0.978853 -0.15442 -0.453197 1.02115 -0.154412 -0.446524 0.912756 -0.154412 -0.446524 1.08724 -0.153885 -0.437756 0.871106 -0.153885 -0.437756 1.12889 -0.153472 0.45351 0.842306 -0.153472 0.45351 1.15769 -0.152653 -0.414728 0.804403 -0.152653 -0.414728 1.1956 -0.152493 -0.384205 0.747983 -0.152493 -0.384205 1.25202 -0.151835 -0.453197 0.968534 -0.151835 -0.453197 1.03147 -0.150774 0.411543 0.752133 -0.150774 0.411543 1.24787 -0.150401 0.441337 0.808616 -0.150401 0.441337 1.19138 -0.150275 0.463873 0.875505 -0.150275 0.463873 1.1245 -0.149447 0.472401 0.91683 -0.149447 0.472401 1.08317 -0.148251 -0.453197 0.958518 -0.148251 -0.453197 1.04148 -0.148105 -0.454766 1 -0.148105 0.479002 1 -0.147623 -0.454766 0.990198 -0.147623 -0.454766 1.0098 -0.147623 0.479002 0.990198 -0.147623 0.479002 1.0098 -0.147375 -0.473382 0.987946 -0.147375 -0.473382 1.01205 -0.147375 -0.454766 0.987946 -0.147375 -0.454766 1.01205 -0.147375 0.479002 0.987946 -0.147375 0.479002 1.01205 -0.147375 0.497618 0.987946 -0.147375 0.497618 1.01205 -0.14699 -0.345867 0.695662 -0.14699 -0.345867 1.30434 -0.14699 0.370103 0.695662 -0.14699 0.370103 1.30434 -0.146183 -0.454766 0.980491 -0.146183 -0.454766 1.01951 -0.146183 0.479002 0.980491 -0.146183 0.479002 1.01951 -0.145349 -0.446524 0.902756 -0.145349 -0.446524 1.09724 -0.143799 -0.454766 0.970972 -0.143799 -0.454766 1.02903 -0.143799 0.479002 0.970972 -0.143799 0.479002 1.02903 -0.143703 -0.453197 0.948902 -0.143703 -0.453197 1.0511 -0.142917 -0.400426 0.771102 -0.142917 -0.400426 1.2289 -0.141606 -0.473382 0.96454 -0.141606 -0.473382 1.03546 -0.141606 -0.454766 0.96454 -0.141606 -0.454766 1.03546 -0.141606 0.479002 0.96454 -0.141606 0.479002 1.03546 -0.141606 0.497618 0.96454 -0.141606 0.497618 1.03546 -0.14117 0.427354 0.775319 -0.14117 0.427354 1.22468 -0.140996 -0.345867 0.693779 -0.140996 -0.345867 1.30622 -0.140996 0.370103 0.693779 -0.140996 0.370103 1.30622 -0.140807 0.472401 0.907297 -0.140807 0.472401 1.0927 -0.140742 -0.437756 0.861358 -0.140742 -0.437756 1.13864 -0.140492 -0.454766 0.961732 -0.140492 -0.454766 1.03827 -0.140492 0.479002 0.961732 -0.140492 0.479002 1.03827 -0.139934 -0.427161 0.828199 -0.139934 -0.427161 1.1718 -0.139375 0.375231 0.699121 -0.139375 0.375231 1.30088 -0.138234 -0.453197 0.939777 -0.138234 -0.453197 1.06022 -0.13758 0.463873 0.86609 -0.13758 0.463873 1.13391 -0.137508 0.45351 0.832738 -0.137508 0.45351 1.16726 -0.136297 -0.454766 0.95286 -0.136297 -0.454766 1.04714 -0.136297 0.479002 0.95286 -0.136297 0.479002 1.04714 -0.135349 -0.446524 0.893693 -0.135349 -0.446524 1.10631 -0.134291 -0.365998 0.715881 -0.134291 -0.365998 1.28412 -0.132978 -0.414728 0.795097 -0.132978 -0.414728 1.2049 -0.132973 0.393869 0.720225 -0.132973 0.393869 1.27977 -0.131897 -0.453197 0.931233 -0.131897 -0.453197 1.06877 -0.131274 0.472401 0.898658 -0.131274 0.472401 1.10134 -0.131251 -0.454766 0.944443 -0.131251 -0.454766 1.05556 -0.131251 0.479002 0.944443 -0.131251 0.479002 1.05556 -0.13115 0.441337 0.799511 -0.13115 0.441337 1.20049 -0.130403 -0.473382 0.943194 -0.130403 -0.473382 1.05681 -0.130403 -0.454766 0.943194 -0.130403 -0.454766 1.05681 -0.130403 0.479002 0.943194 -0.130403 0.479002 1.05681 -0.130403 0.497618 0.943194 -0.130403 0.497618 1.05681 -0.127289 -0.384205 0.738964 -0.127289 -0.384205 1.26104 -0.126707 -0.437756 0.852946 -0.126707 -0.437756 1.14705 -0.125985 0.411543 0.743263 -0.125985 0.411543 1.25674 -0.125406 -0.454766 0.936561 -0.125406 -0.454766 1.06344 -0.125406 0.479002 0.936561 -0.125406 0.479002 1.06344 -0.124753 -0.453197 0.923351 -0.124753 -0.453197 1.07665 -0.124509 -0.446524 0.885653 -0.124509 -0.446524 1.11435 -0.124024 0.463873 0.857964 -0.124024 0.463873 1.14204 -0.122653 -0.427161 0.820025 -0.122653 -0.427161 1.17997 -0.12094 0.472401 0.890993 -0.12094 0.472401 1.10901 -0.120683 0.45351 0.82478 -0.120683 0.45351 1.17522 -0.120025 -0.400426 0.762911 -0.120025 -0.400426 1.23709 -0.118815 -0.454766 0.929289 -0.118815 -0.454766 1.07071 -0.118815 0.479002 0.929289 -0.118815 0.479002 1.07071 -0.1187 0.427354 0.767279 -0.1187 0.427354 1.23272 -0.116871 -0.453197 0.916207 -0.116871 -0.453197 1.08379 -0.114417 -0.473382 0.925149 -0.114417 -0.473382 1.07485 -0.114417 -0.454766 0.925149 -0.114417 -0.454766 1.07485 -0.114417 0.479002 0.925149 -0.114417 0.479002 1.07485 -0.114417 0.497618 0.925149 -0.114417 0.497618 1.07485 -0.112933 -0.446524 0.878715 -0.112933 -0.446524 1.12129 -0.112485 -0.414728 0.787765 -0.112485 -0.414728 1.21223 -0.111914 -0.437756 0.84595 -0.111914 -0.437756 1.15405 -0.111544 -0.454766 0.922699 -0.111544 -0.454766 1.0773 -0.111544 0.479002 0.922699 -0.111544 0.479002 1.0773 -0.111099 0.441337 0.792336 -0.111099 0.441337 1.20766 -0.110533 -0.345867 0.686149 -0.110533 -0.345867 1.31385 -0.110533 0.370103 0.686149 -0.110533 0.370103 1.31385 -0.109905 0.472401 0.884379 -0.109905 0.472401 1.11562 -0.109737 0.463873 0.851207 -0.109737 0.463873 1.14879 -0.109444 0.375231 0.691624 -0.109444 0.375231 1.30838 -0.108327 -0.453197 0.90987 -0.108327 -0.453197 1.09013 -0.106027 -0.365998 0.708802 -0.106027 -0.365998 1.2912 -0.105142 0.393869 0.713254 -0.105142 0.393869 1.28675 -0.104653 -0.427161 0.813585 -0.104653 -0.427161 1.18642 -0.103672 -0.345867 0.684862 -0.103672 -0.345867 1.31514 -0.103672 0.370103 0.684862 -0.103672 0.370103 1.31514 -0.103662 -0.454766 0.916853 -0.103662 -0.454766 1.08315 -0.103662 0.479002 0.916853 -0.103662 0.479002 1.08315 -0.103159 0.45351 0.81851 -0.103159 0.45351 1.18149 -0.101322 -0.384205 0.73246 -0.101322 -0.384205 1.26754 -0.100733 -0.446524 0.872944 -0.100733 -0.446524 1.12706 -0.100445 0.411543 0.736866 -0.100445 0.411543 1.26313 -0.099203 -0.453197 0.904402 -0.099203 -0.453197 1.0956 -0.0982747 0.472401 0.878878 -0.0982747 0.472401 1.12112 -0.0965074 -0.437756 0.840437 -0.0965074 -0.437756 1.15956 -0.0964396 -0.400426 0.757003 -0.0964396 -0.400426 1.243 -0.0955491 0.427354 0.76148 -0.0955491 0.427354 1.23852 -0.0952442 -0.454766 0.911808 -0.0952442 -0.454766 1.08819 -0.0952442 0.479002 0.911808 -0.0952442 0.479002 1.08819 -0.0948556 0.463873 0.845882 -0.0948556 0.463873 1.15412 -0.0945768 -0.473382 0.911454 -0.0945768 -0.473382 1.08855 -0.0945768 0.497618 0.911454 -0.0945768 0.497618 1.08855 -0.0913726 -0.414728 0.782477 -0.0913726 -0.414728 1.21752 -0.0904407 0.441337 0.787162 -0.0904407 0.441337 1.21284 -0.0895866 -0.453197 0.899853 -0.0895866 -0.453197 1.10015 -0.0880256 -0.446524 0.868398 -0.0880256 -0.446524 1.1316 -0.0863728 -0.454766 0.907612 -0.0863728 -0.454766 1.09239 -0.0863728 0.479002 0.907612 -0.0863728 0.479002 1.09239 -0.0861611 0.472401 0.874544 -0.0861611 0.472401 1.12546 -0.0861087 -0.427161 0.80894 -0.0861087 -0.427161 1.19106 -0.0851047 0.45351 0.813987 -0.0851047 0.45351 1.18601 -0.0806344 -0.437756 0.836461 -0.0806344 -0.437756 1.16354 -0.0795708 -0.453197 0.89627 -0.0795708 -0.453197 1.10373 -0.0795243 0.463873 0.842042 -0.0795243 0.463873 1.15796 -0.07947 -0.345867 0.681541 -0.07947 -0.345867 1.31846 -0.07947 0.370103 0.681541 -0.07947 0.370103 1.31846 -0.0789228 0.375231 0.687097 -0.0789228 0.375231 1.3129 -0.0780802 0.536644 1.00121 -0.0780802 0.556644 1.00121 -0.078059 -0.530474 0.998348 -0.078059 -0.510474 0.998348 -0.0779361 -0.530474 1.00317 -0.0779361 -0.510474 1.00317 -0.0778858 0.536644 0.996384 -0.0778858 0.556644 0.996384 -0.0774982 0.536644 1.006 -0.0774982 0.556644 1.006 -0.077406 -0.530474 0.993564 -0.077406 -0.510474 0.993564 -0.0772061 -0.365998 0.704526 -0.0772061 -0.365998 1.29547 -0.077133 -0.454766 0.904306 -0.077133 -0.454766 1.09569 -0.077133 0.479002 0.904306 -0.077133 0.479002 1.09569 -0.0770407 -0.530474 1.00792 -0.0770407 -0.510474 1.00792 -0.07692 0.536644 0.991654 -0.07692 0.556644 0.991654 -0.0767612 0.393869 0.709044 -0.0767612 0.393869 1.29096 -0.076155 0.536644 1.01064 -0.076155 0.556644 1.01064 -0.0759941 -0.530474 0.988947 -0.0759941 -0.510474 0.988947 -0.0757267 -0.626872 1.03571 -0.0757267 -0.513997 1.03571 -0.0756289 -0.629368 1.03556 -0.0753958 -0.530474 1.01246 -0.0753958 -0.510474 1.01246 -0.0752157 -0.632514 1.03492 -0.075208 0.536644 0.987139 -0.075208 0.556644 0.987139 -0.0749341 -0.446524 0.865119 -0.0749341 -0.446524 1.13488 -0.0748418 -0.384205 0.728532 -0.0748418 -0.384205 1.27147 -0.0744927 -0.635467 1.03382 -0.0744015 0.411543 0.733002 -0.0744015 0.411543 1.267 -0.0740853 0.536644 1.015 -0.0740853 0.556644 1.015 -0.0738599 -0.530474 0.984616 -0.0738599 -0.510474 0.984616 -0.0736811 0.472401 0.871418 -0.0736811 0.472401 1.12858 -0.0734847 -0.638127 1.03227 -0.0731045 -0.572506 1 -0.0731045 -0.570508 1 -0.0731045 -0.567506 1 -0.0731045 -0.565508 1 -0.0731045 -0.562506 1 -0.0731045 -0.560508 1 -0.0731045 -0.557506 1 -0.0731045 -0.555508 1 -0.0731045 -0.552506 1 -0.0731045 -0.550508 1 -0.0731045 -0.547506 1 -0.0731045 -0.545508 1 -0.0731045 -0.542506 1 -0.0731045 -0.540508 1 -0.0731045 -0.537506 1 -0.0731045 -0.535508 1 -0.0731045 -0.532506 1 -0.0731045 -0.530508 1 -0.0731045 -0.527506 1 -0.0731045 -0.525508 1 -0.0731045 -0.522506 1 -0.0731045 -0.520508 1 -0.0731045 -0.517506 1 -0.0731045 -0.515508 1 -0.0731045 -0.512506 1 -0.0731045 -0.510508 1 -0.0731045 -0.507506 1 -0.0731045 -0.505508 1 -0.0731045 -0.502506 1 -0.0731045 -0.500508 1 -0.0731045 -0.497506 1 -0.0731045 -0.495508 1 -0.0731045 -0.492506 1 -0.0731045 -0.473382 1 -0.0731045 0.497618 1 -0.0731045 0.516742 1 -0.0731045 0.519744 1 -0.0731045 0.521742 1 -0.0731045 0.524744 1 -0.0731045 0.526742 1 -0.0731045 0.529744 1 -0.0731045 0.531742 1 -0.0731045 0.534744 1 -0.0731045 0.536644 1 -0.0731045 0.536742 1 -0.0731045 0.539744 1 -0.0731045 0.541742 1 -0.0731045 0.544744 1 -0.0731045 0.546742 1 -0.0731045 0.549744 1 -0.0731045 0.551742 1 -0.0731045 0.554744 1 -0.0731045 0.556644 1 -0.0731045 0.556742 1 -0.0731045 0.559744 1 -0.0731045 0.561742 1 -0.0731045 0.564744 1 -0.0731045 0.566742 1 -0.0731045 0.569744 1 -0.0731045 0.571742 1 -0.0731045 0.574744 1 -0.0731045 0.576742 1 -0.0731045 0.579744 1 -0.0731045 0.581742 1 -0.0731045 0.584744 1 -0.0731045 0.586742 1 -0.0731045 0.589744 1 -0.0731045 0.591742 1 -0.0731045 0.594744 1 -0.0731045 0.596742 1 -0.0731045 -0.487507 0.999967 -0.0731045 0.511743 0.999967 -0.0731044 -0.490506 1.00006 -0.0731044 0.514742 1.00006 -0.0731044 -0.492503 1.00009 -0.0731044 0.516739 1.00009 -0.0731038 -0.495502 1.00018 -0.0731038 0.519738 1.00018 -0.0731037 -0.497499 1.00021 -0.0731037 0.521735 1.00021 -0.0731027 -0.500498 1.0003 -0.0731027 0.524734 1.0003 -0.0731024 -0.502496 1.00032 -0.0731024 0.526732 1.00032 -0.073101 -0.505494 1.00042 -0.073101 0.52973 1.00042 -0.0731006 -0.507492 1.00044 -0.0731006 0.531728 1.00044 -0.0730987 -0.51049 1.00054 -0.0730987 0.534726 1.00054 -0.0730982 -0.512488 1.00056 -0.0730982 0.536724 1.00056 -0.0730958 -0.515486 1.00066 -0.0730958 0.539722 1.00066 -0.0730952 -0.517484 1.00068 -0.0730952 0.54172 1.00068 -0.0730924 -0.520483 1.00078 -0.0730924 0.544719 1.00078 -0.0730917 -0.52248 1.0008 -0.0730917 0.546716 1.0008 -0.0730884 -0.525479 1.0009 -0.0730884 0.549715 1.0009 -0.0730876 -0.527476 1.00092 -0.0730876 0.551712 1.00092 -0.0730839 -0.530475 1.00101 -0.0730839 0.554711 1.00101 -0.0730829 -0.532473 1.00104 -0.0730829 0.556709 1.00104 -0.0730788 -0.535471 1.00113 -0.0730788 0.559707 1.00113 -0.0730777 -0.537469 1.00116 -0.0730777 0.561705 1.00116 -0.0730731 -0.540467 1.00125 -0.0730731 0.564703 1.00125 -0.0730719 -0.542465 1.00128 -0.0730719 0.566701 1.00128 -0.0730669 -0.545464 1.00137 -0.0730669 0.569699 1.00137 -0.0730665 -0.530474 0.998623 -0.0730665 -0.510474 0.998623 -0.0730656 -0.547461 1.00139 -0.0730656 0.571697 1.00139 -0.0730601 -0.55046 1.00149 -0.0730601 0.574696 1.00149 -0.0730586 -0.552457 1.00151 -0.0730586 0.576693 1.00151 -0.0730527 -0.555456 1.00161 -0.0730527 0.579692 1.00161 -0.0730512 -0.557454 1.00163 -0.0730512 0.58169 1.00163 -0.0730447 -0.560452 1.00173 -0.0730447 0.584688 1.00173 -0.0730441 -0.530474 1.01667 -0.0730441 -0.510474 1.01667 -0.0730431 -0.56245 1.00175 -0.0730431 0.586686 1.00175 -0.0730362 -0.565448 1.00185 -0.0730362 0.589684 1.00185 -0.0730345 -0.567446 1.00187 -0.0730345 0.591682 1.00187 -0.0730272 -0.570444 1.00196 -0.0730272 0.59468 1.00196 -0.0730253 -0.572442 1.00199 -0.0730253 0.596678 1.00199 -0.0730021 -0.487511 0.999967 -0.0730021 0.514738 1.00006 -0.073002 -0.492507 1.00009 -0.0730015 0.519734 1.00018 -0.0730013 -0.497503 1.0002 -0.0730004 0.52473 1.0003 -0.0730001 -0.502499 1.00032 -0.0729987 0.529727 1.00042 -0.0729983 -0.507495 1.00044 -0.0729964 0.534723 1.00054 -0.0729959 -0.512491 1.00056 -0.0729935 0.539719 1.00066 -0.0729929 -0.517488 1.00068 -0.0729901 0.544715 1.00077 -0.0729894 -0.522484 1.0008 -0.0729862 0.549711 1.00089 -0.0729853 -0.52748 1.00092 -0.0729816 0.554707 1.00101 -0.0729807 -0.532476 1.00103 -0.0729766 0.559704 1.00113 -0.0729755 -0.537472 1.00115 -0.0729709 0.5647 1.00125 -0.0729697 -0.542468 1.00127 -0.0729647 0.569696 1.00137 -0.0729634 -0.547465 1.00139 -0.0729579 0.574692 1.00148 -0.0729565 -0.552461 1.00151 -0.0729506 0.579688 1.0016 -0.0729491 -0.557457 1.00163 -0.0729427 0.584684 1.00172 -0.072941 -0.562453 1.00174 -0.0729342 0.589681 1.00184 -0.0729325 -0.567449 1.00186 -0.0729264 -0.530474 1.00298 -0.0729264 -0.510474 1.00298 -0.0729252 0.594677 1.00196 -0.0729233 -0.572446 1.00198 -0.072794 0.536644 0.982958 -0.072794 0.556644 0.982958 -0.0727247 0.536644 0.995659 -0.0727247 0.536644 1.00434 -0.0727247 0.556644 0.995659 -0.0727247 0.556644 1.00434 -0.0727226 0.511793 0.999969 -0.0727226 -0.490456 1.00006 -0.0727225 0.516789 1.00009 -0.072722 -0.495452 1.00018 -0.0727218 0.521785 1.0002 -0.0727209 -0.500449 1.0003 -0.0727206 0.526781 1.00032 -0.0727192 -0.505445 1.00041 -0.0727188 0.531777 1.00044 -0.072717 -0.510441 1.00053 -0.0727164 0.536773 1.00055 -0.0727142 -0.515437 1.00065 -0.0727135 0.54177 1.00067 -0.0727108 -0.520433 1.00076 -0.07271 0.546766 1.00079 -0.0727069 -0.525429 1.00088 -0.072706 0.551762 1.00091 -0.0727024 -0.530426 1.001 -0.0727014 0.556758 1.00102 -0.0726974 -0.535422 1.00112 -0.0726962 0.561754 1.00114 -0.0726918 -0.540418 1.00123 -0.0726905 0.56675 1.00126 -0.0726872 -0.572653 0.995451 -0.0726872 0.596889 0.995451 -0.0726857 -0.545414 1.00135 -0.0726843 0.571747 1.00137 -0.0726831 -0.570655 0.995429 -0.0726831 0.594891 0.995429 -0.0726789 -0.55041 1.00147 -0.0726775 0.576743 1.00149 -0.0726717 -0.555406 1.00158 -0.0726701 0.581739 1.00161 -0.0726655 -0.567656 0.995335 -0.0726655 0.591892 0.995335 -0.0726639 -0.560403 1.0017 -0.0726622 0.586735 1.00172 -0.0726613 -0.565659 0.995313 -0.0726613 0.589894 0.995313 -0.0726555 -0.565399 1.00182 -0.072655 -0.487576 0.999969 -0.0726549 0.514673 1.00006 -0.0726548 -0.492572 1.00009 -0.0726544 0.519669 1.00018 -0.0726542 -0.497568 1.0002 -0.0726537 0.591731 1.00184 -0.0726532 0.524665 1.00029 -0.0726529 -0.502565 1.00032 -0.0726516 0.529661 1.00041 -0.0726511 -0.507561 1.00044 -0.0726493 0.534657 1.00053 -0.0726488 -0.512557 1.00055 -0.0726466 -0.570395 1.00193 -0.0726465 0.539653 1.00064 -0.0726458 -0.517553 1.00067 -0.0726446 0.596727 1.00196 -0.0726432 -0.56266 0.99522 -0.0726432 0.586896 0.99522 -0.0726432 0.54465 1.00076 -0.0726424 -0.522549 1.00079 -0.0726393 0.549646 1.00088 -0.0726389 -0.560662 0.995197 -0.0726389 0.584898 0.995197 -0.0726383 -0.527545 1.0009 -0.0726348 0.554642 1.001 -0.0726338 -0.532542 1.00102 -0.0726298 0.559638 1.00111 -0.0726286 -0.537538 1.00114 -0.0726242 0.564634 1.00123 -0.0726229 -0.542534 1.00125 -0.0726204 -0.557664 0.995104 -0.0726204 0.5819 0.995104 -0.0726181 0.569631 1.00135 -0.0726167 -0.54753 1.00137 -0.072616 -0.555666 0.995082 -0.072616 0.579902 0.995082 -0.0726114 0.574627 1.00146 -0.0726099 -0.552526 1.00149 -0.0726042 0.579623 1.00158 -0.0726025 -0.557522 1.0016 -0.072597 -0.552667 0.994988 -0.072597 0.576903 0.994988 -0.0725964 0.584619 1.0017 -0.0725946 -0.562519 1.00172 -0.0725925 -0.55067 0.994966 -0.0725925 0.574906 0.994966 -0.0725881 0.589615 1.00181 -0.0725866 -0.572656 0.99547 -0.0725862 -0.567515 1.00184 -0.0725825 0.594887 0.995448 -0.0725792 0.594611 1.00193 -0.0725771 -0.572511 1.00195 -0.0725731 -0.547671 0.994873 -0.0725731 0.571907 0.994873 -0.0725685 -0.545673 0.994851 -0.0725685 0.569909 0.994851 -0.0725649 -0.56766 0.995354 -0.0725608 0.589891 0.995333 -0.0725487 -0.542675 0.994758 -0.0725487 0.566911 0.994758 -0.072544 -0.540677 0.994736 -0.072544 0.564913 0.994736 -0.0725427 -0.562664 0.995239 -0.0725385 0.584895 0.995217 -0.0725329 -0.639921 1.03082 -0.0725237 -0.537679 0.994643 -0.0725237 0.561915 0.994643 -0.07252 -0.557667 0.995124 -0.0725189 -0.535681 0.994621 -0.0725189 0.559917 0.994621 -0.0725156 0.579898 0.995102 -0.0724982 -0.532682 0.994528 -0.0724982 0.556918 0.994528 -0.0724967 -0.552671 0.995009 -0.0724934 -0.530685 0.994506 -0.0724934 0.55492 0.994506 -0.0724923 0.574902 0.994987 -0.0724729 -0.547675 0.994894 -0.0724722 -0.527686 0.994413 -0.0724722 0.551922 0.994413 -0.0724684 0.569906 0.994872 -0.0724673 -0.525688 0.994391 -0.0724673 0.549924 0.994391 -0.0724486 -0.542678 0.994779 -0.0724482 -0.530474 0.994309 -0.0724482 -0.510474 0.994309 -0.0724457 -0.52269 0.994298 -0.0724457 0.546926 0.994298 -0.072444 0.56491 0.994757 -0.0724406 -0.520692 0.994277 -0.0724406 0.544928 0.994277 -0.0724237 -0.537682 0.994664 -0.072419 0.559913 0.994643 -0.0724186 -0.517693 0.994184 -0.0724186 0.541929 0.994184 -0.0724135 -0.515696 0.994163 -0.0724135 0.539932 0.994163 -0.0723983 -0.532686 0.99455 -0.0723935 0.554917 0.994529 -0.072391 -0.512697 0.99407 -0.072391 0.536933 0.99407 -0.072389 -0.400426 0.753435 -0.072389 -0.400426 1.24656 -0.0723877 0.511925 0.999973 -0.0723876 -0.490323 1.00006 -0.0723875 0.516922 1.00009 -0.0723871 -0.495319 1.00017 -0.0723868 0.521918 1.0002 -0.072386 -0.500316 1.00029 -0.0723858 -0.510699 0.994049 -0.0723858 0.534935 0.994049 -0.0723856 0.526914 1.00032 -0.0723843 -0.505312 1.0004 -0.0723838 0.53191 1.00044 -0.0723821 -0.510308 1.00052 -0.0723814 0.536906 1.00055 -0.0723794 -0.515304 1.00063 -0.0723785 0.541902 1.00067 -0.0723761 -0.5203 1.00075 -0.0723751 0.546899 1.00078 -0.0723724 -0.52769 0.994436 -0.0723722 -0.525297 1.00087 -0.0723711 0.551895 1.0009 -0.0723678 -0.530293 1.00098 -0.0723675 0.549921 0.994414 -0.0723665 0.556891 1.00101 -0.0723629 -0.507701 0.993956 -0.0723629 0.531937 0.993956 -0.0723629 -0.535289 1.0011 -0.0723614 0.561887 1.00113 -0.0723576 -0.505703 0.993935 -0.0723576 0.529939 0.993935 -0.0723574 -0.540285 1.00121 -0.0723558 0.566883 1.00124 -0.0723514 -0.545281 1.00133 -0.0723496 0.571879 1.00136 -0.072346 -0.522693 0.994322 -0.0723448 -0.550277 1.00144 -0.0723429 0.576876 1.00147 -0.072341 0.544924 0.9943 -0.0723376 -0.555274 1.00156 -0.0723356 0.581872 1.00159 -0.0723343 -0.502704 0.993842 -0.0723343 0.52694 0.993842 -0.0723341 -0.48772 0.999973 -0.072334 0.514529 1.00006 -0.0723339 -0.492716 1.00009 -0.0723335 0.519525 1.00017 -0.0723332 -0.497712 1.0002 -0.0723324 0.524521 1.00029 -0.072332 -0.502709 1.00032 -0.0723308 0.529517 1.0004 -0.0723302 -0.507705 1.00043 -0.0723299 -0.56027 1.00167 -0.0723289 -0.500707 0.993821 -0.0723289 0.524943 0.993821 -0.0723286 0.534513 1.00052 -0.0723279 -0.512701 1.00055 -0.0723277 0.586868 1.00171 -0.0723259 0.53951 1.00063 -0.072325 -0.517697 1.00067 -0.0723226 0.544506 1.00075 -0.0723217 -0.565266 1.00179 -0.0723215 -0.522693 1.00078 -0.0723194 0.591864 1.00182 -0.0723191 -0.517697 0.994208 -0.0723187 0.549502 1.00086 -0.0723175 -0.527689 1.0009 -0.0723144 0.554498 1.00098 -0.072314 0.539928 0.994187 -0.072313 -0.532686 1.00101 -0.0723129 -0.570262 1.0019 -0.0723119 0.596938 0.995522 -0.0723104 0.59686 1.00194 -0.0723094 0.559494 1.00109 -0.0723079 -0.537682 1.00113 -0.0723076 -0.570605 0.995498 -0.0723051 -0.497708 0.993729 -0.0723051 0.521944 0.993729 -0.072304 0.56449 1.00121 -0.0723023 -0.542678 1.00124 -0.0722997 -0.49571 0.993708 -0.0722997 0.519946 0.993708 -0.0722979 0.569487 1.00132 -0.0722961 -0.547674 1.00136 -0.0722916 -0.512701 0.994094 -0.0722913 0.574483 1.00144 -0.0722905 0.591942 0.995408 -0.0722893 -0.55267 1.00147 -0.0722864 0.534932 0.994073 -0.072286 -0.565609 0.995384 -0.0722842 0.579479 1.00155 -0.0722821 -0.557666 1.00159 -0.0722766 0.584475 1.00167 -0.0722755 -0.492712 0.993615 -0.0722755 0.516948 0.993615 -0.0722742 -0.562663 1.0017 -0.07227 -0.490714 0.993594 -0.07227 0.51495 0.993594 -0.0722686 0.586945 0.995293 -0.0722684 0.589471 1.00178 -0.0722659 -0.567659 1.00182 -0.072264 -0.560613 0.99527 -0.0722636 -0.507704 0.993981 -0.0722624 -0.487299 1.00643 -0.0722624 0.511535 1.00643 -0.0722596 0.594467 1.0019 -0.0722584 0.529935 0.99396 -0.072257 -0.572655 1.00193 -0.0722526 -0.572298 1.00647 -0.0722526 -0.570299 1.00647 -0.0722526 -0.567298 1.00647 -0.0722526 -0.565299 1.00647 -0.0722526 -0.562298 1.00647 -0.0722526 -0.560299 1.00647 -0.0722526 -0.557298 1.00647 -0.0722526 -0.555299 1.00647 -0.0722526 -0.552298 1.00647 -0.0722526 -0.550299 1.00647 -0.0722526 -0.547298 1.00647 -0.0722526 -0.545299 1.00647 -0.0722526 -0.542298 1.00647 -0.0722526 -0.540299 1.00647 -0.0722526 -0.537298 1.00647 -0.0722526 -0.535299 1.00647 -0.0722526 -0.532298 1.00647 -0.0722526 -0.530299 1.00647 -0.0722526 -0.527298 1.00647 -0.0722526 -0.525299 1.00647 -0.0722526 -0.522298 1.00647 -0.0722526 -0.520299 1.00647 -0.0722526 -0.517298 1.00647 -0.0722526 -0.515299 1.00647 -0.0722526 -0.512715 0.993529 -0.0722526 -0.512298 1.00647 -0.0722526 -0.510716 0.993529 -0.0722526 -0.510299 1.00647 -0.0722526 -0.507715 0.993529 -0.0722526 -0.507298 1.00647 -0.0722526 -0.505716 0.993529 -0.0722526 -0.505299 1.00647 -0.0722526 -0.502714 0.993529 -0.0722526 -0.502298 1.00647 -0.0722526 -0.500716 0.993529 -0.0722526 -0.500299 1.00647 -0.0722526 -0.497714 0.993529 -0.0722526 -0.497298 1.00647 -0.0722526 -0.495716 0.993529 -0.0722526 -0.495299 1.00647 -0.0722526 -0.492714 0.993529 -0.0722526 -0.492298 1.00647 -0.0722526 -0.473382 0.993529 -0.0722526 -0.473382 1.00647 -0.0722526 0.497618 0.993529 -0.0722526 0.497618 1.00647 -0.0722526 0.516534 1.00647 -0.0722526 0.51695 0.993529 -0.0722526 0.519535 1.00647 -0.0722526 0.519952 0.993529 -0.0722526 0.521534 1.00647 -0.0722526 0.52195 0.993529 -0.0722526 0.524535 1.00647 -0.0722526 0.524952 0.993529 -0.0722526 0.526534 1.00647 -0.0722526 0.52695 0.993529 -0.0722526 0.529535 1.00647 -0.0722526 0.529952 0.993529 -0.0722526 0.531534 1.00647 -0.0722526 0.53195 0.993529 -0.0722526 0.534535 1.00647 -0.0722526 0.534952 0.993529 -0.0722526 0.536534 1.00647 -0.0722526 0.53695 0.993529 -0.0722526 0.539535 1.00647 -0.0722526 0.541534 1.00647 -0.0722526 0.544535 1.00647 -0.0722526 0.546534 1.00647 -0.0722526 0.549535 1.00647 -0.0722526 0.551534 1.00647 -0.0722526 0.554535 1.00647 -0.0722526 0.556534 1.00647 -0.0722526 0.559535 1.00647 -0.0722526 0.561534 1.00647 -0.0722526 0.564535 1.00647 -0.0722526 0.566534 1.00647 -0.0722526 0.569535 1.00647 -0.0722526 0.571534 1.00647 -0.0722526 0.574535 1.00647 -0.0722526 0.576534 1.00647 -0.0722526 0.579535 1.00647 -0.0722526 0.581534 1.00647 -0.0722526 0.584535 1.00647 -0.0722526 0.586534 1.00647 -0.0722526 0.589535 1.00647 -0.0722526 0.591534 1.00647 -0.0722526 0.594535 1.00647 -0.0722526 0.596534 1.00647 -0.0722526 -0.572715 0.993529 -0.0722526 -0.570716 0.993529 -0.0722526 -0.567715 0.993529 -0.0722526 -0.565716 0.993529 -0.0722526 -0.562714 0.993529 -0.0722526 -0.560716 0.993529 -0.0722526 -0.557714 0.993529 -0.0722526 -0.555716 0.993529 -0.0722526 -0.552714 0.993529 -0.0722526 -0.550716 0.993529 -0.0722526 -0.547714 0.993529 -0.0722526 -0.545716 0.993529 -0.0722526 -0.542714 0.993529 -0.0722526 -0.540716 0.993529 -0.0722526 -0.537714 0.993529 -0.0722526 -0.535716 0.993529 -0.0722526 -0.532714 0.993529 -0.0722526 -0.530716 0.993529 -0.0722526 -0.527714 0.993529 -0.0722526 -0.525716 0.993529 -0.0722526 -0.522714 0.993529 -0.0722526 -0.520716 0.993529 -0.0722526 -0.517715 0.993529 -0.0722526 -0.515716 0.993529 -0.0722526 0.539952 0.993529 -0.0722526 0.54195 0.993529 -0.0722526 0.544952 0.993529 -0.0722526 0.54695 0.993529 -0.0722526 0.549952 0.993529 -0.0722526 0.55195 0.993529 -0.0722526 0.554952 0.993529 -0.0722526 0.55695 0.993529 -0.0722526 0.559952 0.993529 -0.0722526 0.56195 0.993529 -0.0722526 0.564952 0.993529 -0.0722526 0.56695 0.993529 -0.0722526 0.569952 0.993529 -0.0722526 0.57195 0.993529 -0.0722526 0.574952 0.993529 -0.0722526 0.57695 0.993529 -0.0722526 0.579952 0.993529 -0.0722526 0.58195 0.993529 -0.0722526 0.584952 0.993529 -0.0722526 0.58695 0.993529 -0.0722526 0.589952 0.993529 -0.0722526 0.59195 0.993529 -0.0722526 0.594952 0.993529 -0.0722526 0.59695 0.993529 -0.0722461 0.581949 0.995179 -0.0722455 -0.572721 0.995535 -0.0722453 -0.487715 0.993502 -0.0722453 0.511951 0.993502 -0.0722414 -0.555617 0.995156 -0.0722409 0.594822 0.99551 -0.0722377 -0.490297 1.00653 -0.0722377 0.514533 1.00653 -0.0722351 -0.502708 0.993867 -0.0722321 -0.492295 1.00655 -0.0722321 0.516531 1.00655 -0.0722298 0.524939 0.993847 -0.0722241 -0.567725 0.995421 -0.0722231 0.576953 0.995066 -0.0722195 0.589826 0.995396 -0.0722183 -0.55062 0.995042 -0.0722069 -0.495294 1.00664 -0.0722069 0.51953 1.00664 -0.0722061 -0.497712 0.993754 -0.0722022 -0.562729 0.995307 -0.0722011 -0.497292 1.00666 -0.0722011 0.521528 1.00666 -0.0722007 0.519943 0.993734 -0.0721996 0.571957 0.994952 -0.0721975 0.584829 0.995282 -0.0721947 -0.545624 0.994929 -0.0721798 -0.557733 0.995193 -0.0721765 -0.492715 0.993641 -0.0721755 -0.50029 1.00675 -0.0721755 0.524526 1.00675 -0.0721755 0.56696 0.994838 -0.072175 0.579833 0.995169 -0.0721711 0.514946 0.993621 -0.0721705 -0.540628 0.994815 -0.0721696 -0.502288 1.00677 -0.0721696 0.526524 1.00677 -0.0721636 -0.487303 1.00641 -0.0721569 -0.552736 0.99508 -0.0721519 0.574837 0.995055 -0.0721509 0.561964 0.994725 -0.0721465 -0.487719 0.993529 -0.0721459 -0.535631 0.994702 -0.0721436 -0.505287 1.00686 -0.0721436 0.529522 1.00686 -0.0721389 0.51453 1.0065 -0.0721376 -0.507284 1.00689 -0.0721376 0.53152 1.00689 -0.0721334 -0.54774 0.994966 -0.0721333 -0.492299 1.00652 -0.0721284 0.56984 0.994942 -0.0721258 0.556968 0.994612 -0.0721207 -0.530635 0.994589 -0.0721111 -0.510283 1.00698 -0.0721111 0.534519 1.00698 -0.0721094 -0.542744 0.994853 -0.0721082 0.519526 1.00661 -0.072105 -0.512281 1.007 -0.072105 0.536517 1.007 -0.0721043 0.564844 0.994829 -0.0721025 -0.497295 1.00663 -0.072102 0.512127 0.999979 -0.072102 -0.490122 1.00005 -0.0721018 0.517123 1.00009 -0.0721014 -0.495118 1.00016 -0.0721011 0.52212 1.00021 -0.0721004 -0.500114 1.00028 -0.0721002 0.551971 0.994499 -0.0720998 0.527116 1.00032 -0.0720988 -0.50511 1.00039 -0.072098 0.532112 1.00044 -0.0720966 -0.510106 1.00051 -0.0720957 0.537108 1.00055 -0.072095 -0.525639 0.994476 -0.072094 -0.515102 1.00062 -0.0720928 0.542104 1.00066 -0.0720907 -0.520099 1.00074 -0.0720894 0.5471 1.00078 -0.072087 -0.525095 1.00085 -0.0720854 0.552097 1.00089 -0.0720849 -0.537748 0.99474 -0.0720826 -0.530091 1.00096 -0.0720809 0.557093 1.00101 -0.0720797 0.559848 0.994716 -0.0720781 -0.515279 1.00709 -0.0720781 0.539515 1.00709 -0.0720778 -0.535087 1.00108 -0.072077 0.524523 1.00672 -0.0720758 0.562089 1.00112 -0.0720741 0.546975 0.994386 -0.0720724 -0.540083 1.00119 -0.0720719 -0.517277 1.00711 -0.0720719 0.541513 1.00711 -0.0720711 -0.502292 1.00674 -0.0720702 0.567085 1.00124 -0.0720687 -0.520642 0.994364 -0.0720664 -0.545079 1.00131 -0.072064 0.572081 1.00135 -0.0720599 -0.550076 1.00142 -0.0720599 -0.532751 0.994627 -0.0720574 0.577077 1.00146 -0.0720562 -0.487934 0.99998 -0.0720562 0.514315 1.00005 -0.0720561 -0.49293 1.00009 -0.0720557 0.519311 1.00016 -0.0720553 -0.497926 1.00021 -0.0720546 0.524307 1.00028 -0.0720546 0.554852 0.994604 -0.0720541 -0.502923 1.00032 -0.0720531 0.529303 1.00039 -0.0720529 -0.555072 1.00153 -0.0720523 -0.507919 1.00044 -0.0720509 0.534299 1.0005 -0.0720501 0.582074 1.00158 -0.0720499 -0.512915 1.00055 -0.0720482 0.539295 1.00062 -0.0720474 0.541979 0.994274 -0.072047 -0.517911 1.00066 -0.0720453 -0.560068 1.00165 -0.0720452 0.529519 1.00684 -0.072045 0.544292 1.00073 -0.0720445 -0.520276 1.0072 -0.0720445 0.544511 1.0072 -0.0720436 -0.522907 1.00078 -0.0720423 0.58707 1.00169 -0.072042 -0.515646 0.994251 -0.0720413 0.549288 1.00085 -0.0720396 -0.527903 1.00089 -0.0720392 -0.507288 1.00686 -0.0720382 -0.522273 1.00722 -0.0720382 0.546509 1.00722 -0.0720372 -0.565064 1.00176 -0.072037 0.554284 1.00096 -0.0720361 -0.473382 0.902906 -0.0720361 -0.473382 1.09709 -0.0720361 -0.454766 0.902906 -0.0720361 -0.454766 1.09709 -0.0720361 0.479002 0.902906 -0.0720361 0.479002 1.09709 -0.0720361 0.497618 0.902906 -0.0720361 0.497618 1.09709 -0.0720351 -0.5329 1.00101 -0.0720344 -0.527755 0.994515 -0.072034 0.592066 1.0018 -0.0720321 -0.530474 1.00724 -0.0720321 -0.510474 1.00724 -0.0720321 0.55928 1.00107 -0.07203 -0.537896 1.00112 -0.0720289 0.549855 0.994491 -0.0720286 -0.57006 1.00188 -0.0720267 0.564276 1.00119 -0.0720252 0.597062 1.00192 -0.0720244 -0.542892 1.00123 -0.0720208 0.569273 1.0013 -0.0720203 0.536982 0.994161 -0.0720183 -0.547888 1.00135 -0.0720147 -0.51065 0.994139 -0.0720143 0.574269 1.00142 -0.0720128 0.534515 1.00695 -0.0720116 -0.552884 1.00146 -0.0720104 -0.525272 1.00731 -0.0720104 0.549508 1.00731 -0.0720083 -0.522759 0.994402 -0.0720073 0.579265 1.00153 -0.0720068 -0.512284 1.00697 -0.0720044 -0.55788 1.00158 -0.0720039 -0.52727 1.00734 -0.0720039 0.551506 1.00734 -0.0720028 0.544859 0.994379 -0.0719998 0.584261 1.00164 -0.0719966 -0.562877 1.00169 -0.0719926 0.531986 0.994049 -0.0719917 0.589257 1.00176 -0.0719883 -0.567873 1.0018 -0.071987 -0.505654 0.994027 -0.0719832 0.597071 0.995586 -0.0719831 0.594253 1.00187 -0.0719817 -0.517762 0.99429 -0.0719799 0.539512 1.00706 -0.0719795 -0.572869 1.00192 -0.0719776 -0.570472 0.995556 -0.0719761 0.539863 0.994266 -0.0719758 -0.530268 1.00743 -0.0719758 0.554504 1.00743 -0.0719738 -0.517281 1.00708 -0.0719692 -0.532266 1.00745 -0.0719692 0.556502 1.00745 -0.0719644 0.52699 0.993937 -0.0719621 0.592075 0.995474 -0.0719587 -0.500657 0.993915 -0.0719563 -0.565476 0.995443 -0.0719547 -0.512766 0.994178 -0.0719489 0.534866 0.994154 -0.0719465 0.544508 1.00717 -0.0719416 0.427354 0.757978 -0.0719416 0.427354 1.24202 -0.0719406 -0.535264 1.00754 -0.0719406 0.5595 1.00754 -0.0719404 0.587078 0.995361 -0.0719402 -0.522277 1.00719 -0.0719357 0.521993 0.993825 -0.0719346 -0.56048 0.995331 -0.0719339 -0.537262 1.00756 -0.0719339 0.561498 1.00756 -0.0719307 -0.572865 0.995597 -0.0719299 -0.495661 0.993803 -0.0719271 -0.50777 0.994066 -0.0719247 0.594678 0.995565 -0.0719212 0.52987 0.994043 -0.0719183 0.582082 0.995249 -0.0719125 0.549504 1.00728 -0.0719123 -0.555484 0.995218 -0.0719096 -0.567869 0.995484 -0.0719065 0.516997 0.993714 -0.0719061 -0.527273 1.00731 -0.0719048 -0.540261 1.00765 -0.0719048 0.564497 1.00765 -0.0719035 0.589682 0.995452 -0.0719007 -0.490664 0.993692 -0.071899 -0.502773 0.993954 -0.071898 -0.542259 1.00767 -0.071898 0.566495 1.00767 -0.0718956 0.577086 0.995136 -0.0718933 0.511584 1.00634 -0.071893 0.524874 0.993931 -0.0718895 -0.550487 0.995106 -0.071888 -0.562873 0.995372 -0.0718818 0.584685 0.99534 -0.071878 0.554501 1.0074 -0.0718768 0.512001 0.993602 -0.0718724 0.572089 0.995024 -0.0718715 -0.532269 1.00742 -0.0718703 -0.497777 0.993843 -0.0718693 -0.490248 1.00643 -0.0718685 -0.545257 1.00776 -0.0718685 0.569493 1.00776 -0.0718661 -0.545491 0.994994 -0.0718659 -0.557877 0.99526 -0.0718643 0.519877 0.99382 -0.0718633 0.516581 1.00645 -0.0718617 0.512403 0.999987 -0.0718616 -0.489846 1.00004 -0.0718616 -0.547255 1.00778 -0.0718616 0.571491 1.00778 -0.0718615 0.517399 1.0001 -0.0718612 -0.494842 1.00015 -0.0718607 0.522395 1.00021 -0.0718602 -0.499838 1.00027 -0.0718596 0.579689 0.995228 -0.0718594 0.527391 1.00033 -0.0718586 -0.504834 1.00038 -0.0718576 0.532388 1.00044 -0.0718566 -0.50983 1.00049 -0.0718552 0.537384 1.00055 -0.0718539 -0.514827 1.00061 -0.0718523 0.54238 1.00067 -0.0718508 -0.519823 1.00072 -0.0718489 0.547376 1.00078 -0.0718487 0.567093 0.994912 -0.0718471 -0.524819 1.00083 -0.0718449 0.552372 1.00089 -0.0718433 -0.55288 0.995148 -0.071843 0.559497 1.00751 -0.0718429 -0.529815 1.00095 -0.0718423 -0.540495 0.994882 -0.0718412 -0.492781 0.993731 -0.0718404 0.557369 1.00101 -0.071839 -0.495244 1.00654 -0.0718381 -0.534811 1.00106 -0.0718368 0.574693 0.995116 -0.0718363 -0.537266 1.00753 -0.0718354 0.562365 1.00112 -0.0718351 0.514881 0.993708 -0.0718329 0.521577 1.00656 -0.0718328 -0.539807 1.00117 -0.0718317 -0.550253 1.00788 -0.0718317 0.574489 1.00788 -0.0718298 0.567361 1.00123 -0.0718277 -0.487368 1.00632 -0.0718269 -0.544804 1.00128 -0.0718246 -0.552251 1.0079 -0.0718246 0.576487 1.0079 -0.0718245 0.562097 0.994801 -0.0718236 0.572357 1.00134 -0.071823 -0.488227 0.999989 -0.071823 0.514022 1.00004 -0.0718228 -0.493223 1.0001 -0.0718225 0.519018 1.00015 -0.0718221 -0.49822 1.00022 -0.0718216 0.524014 1.00026 -0.0718208 -0.503216 1.00033 -0.0718205 -0.5498 1.0014 -0.0718202 -0.547884 0.995036 -0.07182 0.52901 1.00038 -0.0718189 -0.508212 1.00044 -0.071818 0.534006 1.00049 -0.0718179 -0.535498 0.994771 -0.071817 0.577353 1.00146 -0.0718166 -0.513208 1.00055 -0.0718154 0.539002 1.0006 -0.0718137 -0.518204 1.00067 -0.0718136 -0.554796 1.00151 -0.0718135 0.569696 0.995004 -0.0718122 0.543999 1.00072 -0.0718116 -0.487784 0.99362 -0.0718102 -0.5232 1.00078 -0.0718098 0.582349 1.00157 -0.0718085 0.548995 1.00083 -0.0718081 -0.500241 1.00665 -0.0718074 0.564493 1.00762 -0.0718062 -0.528197 1.00089 -0.0718062 -0.559792 1.00162 -0.0718043 0.553991 1.00094 -0.0718041 0.514464 1.00641 -0.071802 0.587346 1.00168 -0.0718018 0.526573 1.00667 -0.0718017 -0.533193 1.00101 -0.0718006 -0.542262 1.00764 -0.0717998 0.557101 0.994689 -0.0717996 0.558987 1.00106 -0.0717982 -0.564788 1.00174 -0.0717979 -0.492364 1.00643 -0.0717967 -0.538189 1.00112 -0.0717965 -0.542888 0.994924 -0.0717943 -0.55525 1.00799 -0.0717943 0.579486 1.00799 -0.0717943 0.563983 1.00117 -0.0717938 0.592342 1.0018 -0.0717931 -0.530502 0.994659 -0.0717911 -0.543185 1.00123 -0.0717897 0.5647 0.994893 -0.0717897 -0.569785 1.00185 -0.0717884 0.568979 1.00128 -0.0717871 -0.557247 1.00801 -0.0717871 0.581483 1.00801 -0.0717849 -0.548181 1.00134 -0.0717821 0.573976 1.00139 -0.0717783 -0.553177 1.00146 -0.0717767 -0.505237 1.00676 -0.0717752 0.578972 1.00151 -0.0717745 0.552104 0.994577 -0.0717739 0.519461 1.00652 -0.0717724 -0.537892 0.994813 -0.0717717 0.597358 1.00191 -0.0717712 0.56949 1.00773 -0.0717711 -0.558174 1.00157 -0.0717703 0.53157 1.00678 -0.0717677 0.583968 1.00162 -0.0717677 -0.525506 0.994548 -0.0717675 -0.497361 1.00654 -0.0717654 0.559704 0.994781 -0.0717643 -0.547258 1.00775 -0.0717634 -0.56317 1.00168 -0.0717598 0.588964 1.00173 -0.0717563 -0.560246 1.0081 -0.0717563 0.584482 1.0081 -0.0717551 -0.568166 1.00179 -0.0717513 0.59396 1.00184 -0.071749 -0.562244 1.00812 -0.071749 0.58648 1.00812 -0.0717487 0.547108 0.994466 -0.0717477 -0.532895 0.994702 -0.0717447 -0.510233 1.00687 -0.0717432 -0.573382 0.999473 -0.0717431 0.524457 1.00663 -0.0717418 -0.52051 0.994437 -0.0717406 0.554708 0.99467 -0.0717391 -0.573174 1.00191 -0.0717382 0.536566 1.00689 -0.0717366 -0.502357 1.00665 -0.0717345 0.574486 1.00784 -0.0717275 -0.552255 1.00786 -0.0717225 -0.527899 0.99459 -0.0717225 0.542112 0.994355 -0.0717224 -0.573037 0.995779 -0.0717179 -0.565242 1.00821 -0.0717179 0.589478 1.00821 -0.0717154 -0.515513 0.994326 -0.0717153 0.549711 0.994559 -0.0717122 -0.51523 1.00698 -0.0717117 0.529454 1.00674 -0.0717105 -0.56724 1.00823 -0.0717105 0.591476 1.00823 -0.0717085 0.512694 0.999997 -0.0717085 -0.489555 1.00003 -0.0717083 0.51769 1.00011 -0.0717081 -0.494551 1.00014 -0.0717075 0.522686 1.00022 -0.0717071 -0.499547 1.00026 -0.0717062 0.527682 1.00033 -0.0717057 -0.504543 1.00037 -0.0717056 0.541562 1.007 -0.0717051 -0.507353 1.00676 -0.0717043 0.532679 1.00045 -0.0717036 -0.50954 1.00048 -0.0717033 0.597273 0.995644 -0.0717019 0.537675 1.00056 -0.0717011 -0.514536 1.00059 -0.071699 0.542671 1.00067 -0.071698 -0.519532 1.00071 -0.0716973 0.579482 1.00795 -0.0716968 -0.522903 0.994479 -0.0716957 0.537115 0.994244 -0.0716956 -0.570271 0.995602 -0.0716955 0.547667 1.00078 -0.0716944 -0.524528 1.00082 -0.0716915 0.552663 1.0009 -0.0716902 -0.557251 1.00798 -0.0716902 -0.529524 1.00093 -0.0716897 -0.573382 1.00124 -0.0716895 0.544715 0.994448 -0.0716885 -0.510517 0.994215 -0.071687 0.557659 1.00101 -0.0716855 -0.53452 1.00104 -0.0716825 0.592276 0.995533 -0.0716819 0.562656 1.00112 -0.0716803 -0.539517 1.00116 -0.0716798 0.53445 1.00685 -0.0716791 -0.520226 1.00709 -0.0716789 -0.570238 1.00832 -0.0716789 0.594474 1.00832 -0.0716782 -0.488542 0.999999 -0.0716782 0.513706 1.00003 -0.0716779 -0.493538 1.00011 -0.0716778 0.518703 1.00014 -0.0716771 -0.498535 1.00022 -0.0716769 0.523699 1.00025 -0.0716763 0.567652 1.00123 -0.0716758 -0.503531 1.00034 -0.0716754 0.528695 1.00037 -0.0716746 -0.565274 0.995491 -0.0716745 -0.544513 1.00127 -0.0716739 -0.508527 1.00045 -0.0716734 0.533691 1.00048 -0.0716731 -0.51235 1.00687 -0.0716724 0.546559 1.00711 -0.0716715 -0.513523 1.00056 -0.0716713 -0.572236 1.00834 -0.0716713 0.596472 1.00834 -0.0716708 0.538687 1.00059 -0.0716706 -0.517906 0.994368 -0.0716702 0.572648 1.00134 -0.0716686 -0.518519 1.00067 -0.0716684 0.532119 0.994134 -0.0716682 -0.549509 1.00138 -0.0716677 0.543683 1.0007 -0.0716651 -0.523516 1.00078 -0.0716641 0.54868 1.00081 -0.0716636 0.577644 1.00146 -0.0716631 0.539719 0.994337 -0.0716614 -0.554505 1.00149 -0.0716612 0.58728 0.995421 -0.0716611 -0.528512 1.0009 -0.0716611 -0.505521 0.994104 -0.07166 0.553676 1.00093 -0.0716595 0.584478 1.00807 -0.0716566 -0.533508 1.00101 -0.0716564 0.58264 1.00157 -0.0716553 0.558672 1.00104 -0.071654 -0.559501 1.0016 -0.0716531 -0.560278 0.99538 -0.0716523 -0.562247 1.00809 -0.0716515 -0.538504 1.00112 -0.0716504 0.594464 0.99561 -0.0716501 0.563668 1.00115 -0.0716486 0.587636 1.00168 -0.0716474 0.539446 1.00696 -0.0716461 -0.564497 1.00172 -0.0716459 -0.5435 1.00123 -0.0716455 -0.525222 1.0072 -0.0716444 0.568664 1.00126 -0.0716439 -0.51291 0.994258 -0.0716409 0.597618 0.997392 -0.0716406 0.527123 0.994023 -0.0716405 -0.517346 1.00698 -0.0716404 0.592633 1.00179 -0.0716398 -0.548496 1.00135 -0.0716393 0.582284 0.99531 -0.0716392 0.597377 0.995929 -0.0716387 0.551555 1.00722 -0.0716381 0.57366 1.00137 -0.0716378 -0.568083 0.995542 -0.0716377 -0.569494 1.00183 -0.0716363 0.534722 0.994227 -0.0716359 -0.573382 1.0019 -0.0716359 0.597618 1.0019 -0.0716332 -0.500524 0.993994 -0.0716331 -0.553493 1.00146 -0.0716313 0.578657 1.00149 -0.071631 -0.555282 0.995269 -0.0716294 0.589468 0.995498 -0.0716259 -0.558489 1.00157 -0.0716239 0.583653 1.0016 -0.0716239 0.513002 1.00001 -0.0716239 -0.489246 1.00002 -0.0716236 0.517999 1.00012 -0.0716235 -0.494243 1.00013 -0.0716228 0.522995 1.00023 -0.0716226 -0.499239 1.00025 -0.0716214 0.527991 1.00034 -0.0716212 0.589475 1.00818 -0.0716212 -0.504235 1.00036 -0.0716195 0.532987 1.00045 -0.0716192 -0.509231 1.00047 -0.0716182 -0.563485 1.00168 -0.0716171 0.537983 1.00057 -0.0716169 0.577288 0.995199 -0.0716167 -0.514227 1.00058 -0.0716166 -0.507914 0.994147 -0.0716165 -0.563087 0.995431 -0.0716161 0.588649 1.00171 -0.0716145 0.544443 1.00707 -0.0716141 0.542979 1.00068 -0.0716139 -0.567243 1.0082 -0.0716137 -0.519223 1.00069 -0.0716124 0.522126 0.993913 -0.0716114 -0.530219 1.00731 -0.0716106 0.547975 1.00079 -0.0716101 -0.52422 1.00081 -0.0716099 -0.568481 1.00179 -0.0716097 -0.488882 1.00001 -0.0716097 0.513367 1.00002 -0.0716094 -0.493878 1.00012 -0.0716094 0.518363 1.00013 -0.0716091 -0.573177 0.995941 -0.071609 0.529726 0.994117 -0.0716086 -0.498874 1.00023 -0.0716085 0.523359 1.00024 -0.0716084 -0.550286 0.995158 -0.0716079 0.584471 0.995387 -0.0716077 0.593645 1.00182 -0.0716075 -0.522342 1.00709 -0.0716072 -0.50387 1.00035 -0.0716071 0.528355 1.00035 -0.0716066 0.552972 1.0009 -0.071606 -0.529216 1.00092 -0.0716053 -0.508867 1.00046 -0.0716051 0.533352 1.00047 -0.0716048 -0.495528 0.993884 -0.0716044 0.556551 1.00734 -0.0716043 0.597618 1.00222 -0.0716028 -0.513863 1.00057 -0.0716026 0.538348 1.00058 -0.071602 0.557968 1.00101 -0.0716014 -0.534212 1.00103 -0.0715998 -0.518859 1.00068 -0.0715996 0.543344 1.00069 -0.0715969 0.562964 1.00113 -0.0715968 0.536644 0.991449 -0.0715968 0.536644 1.00855 -0.0715968 0.556644 0.991449 -0.0715968 0.556644 1.00855 -0.0715963 -0.523855 1.00079 -0.0715962 -0.539208 1.00114 -0.0715961 0.54834 1.0008 -0.0715947 -0.558091 0.99532 -0.071594 0.572291 0.995089 -0.0715923 -0.528851 1.00091 -0.071592 0.553336 1.00091 -0.0715913 0.56796 1.00124 -0.0715905 -0.544204 1.00125 -0.0715889 -0.502917 0.994037 -0.0715877 -0.533847 1.00102 -0.0715874 0.558332 1.00102 -0.0715859 0.579475 0.995277 -0.0715854 -0.545289 0.995047 -0.0715852 0.572956 1.00135 -0.0715843 -0.5492 1.00136 -0.0715836 0.51713 0.993803 -0.0715826 -0.538844 1.00113 -0.0715823 0.594471 1.00829 -0.0715822 0.563329 1.00114 -0.0715811 0.52473 0.994006 -0.071581 0.549439 1.00718 -0.0715785 0.577953 1.00146 -0.0715775 -0.554197 1.00148 -0.071577 -0.54384 1.00124 -0.0715768 -0.535215 1.00742 -0.0715766 0.568325 1.00125 -0.0715759 -0.490532 0.993774 -0.0715749 -0.57224 1.00831 -0.0715738 -0.527339 1.00721 -0.0715723 -0.553094 0.99521 -0.0715713 0.582949 1.00157 -0.0715708 -0.548836 1.00135 -0.0715706 0.567295 0.994978 -0.0715703 0.573321 1.00136 -0.0715702 -0.559193 1.00159 -0.0715696 0.561548 1.00745 -0.0715686 0.511717 1.00625 -0.0715641 -0.553832 1.00146 -0.0715636 0.578317 1.00147 -0.0715635 0.587945 1.00168 -0.0715634 0.574479 0.995166 -0.0715624 -0.564189 1.0017 -0.0715618 -0.540293 0.994937 -0.0715607 -0.497921 0.993927 -0.0715569 -0.558828 1.00158 -0.0715563 0.583313 1.00158 -0.0715552 0.592941 1.0018 -0.0715543 0.512134 0.993693 -0.0715541 -0.569185 1.00181 -0.0715528 0.519733 0.993896 -0.0715495 -0.548098 0.995099 -0.0715491 -0.563824 1.00169 -0.0715485 0.588309 1.00169 -0.071547 0.554435 1.00729 -0.0715469 -0.490115 1.00633 -0.0715467 0.562299 0.994867 -0.0715416 -0.540211 1.00753 -0.0715408 -0.568821 1.0018 -0.0715403 0.569482 0.995056 -0.0715402 0.593306 1.00181 -0.0715397 -0.532335 1.00732 -0.0715391 0.516714 1.00636 -0.0715377 -0.535297 0.994826 -0.0715343 0.566544 1.00756 -0.071532 -0.492925 0.993817 -0.0715261 -0.543102 0.994989 -0.0715239 0.514737 0.993787 -0.0715223 0.557302 0.994757 -0.071517 -0.495112 1.00644 -0.0715168 0.564486 0.994945 -0.0715166 -0.487512 1.00624 -0.0715154 0.597618 1.00294 -0.0715131 -0.5303 0.994716 -0.0715124 0.559431 1.0074 -0.071509 0.52171 1.00647 -0.0715058 -0.545208 1.00764 -0.071505 -0.537331 1.00743 -0.0715028 -0.487928 0.993708 -0.0715023 -0.538106 0.994879 -0.0714985 0.57154 1.00767 -0.0714974 0.552306 0.994647 -0.0714954 0.514321 1.00632 -0.0714927 0.55949 0.994835 -0.071488 -0.525304 0.994606 -0.0714872 -0.492508 1.00635 -0.0714865 -0.500108 1.00655 -0.0714784 0.526706 1.00658 -0.0714779 -0.533109 0.994768 -0.0714773 0.564428 1.00751 -0.0714719 0.54731 0.994537 -0.0714698 -0.542328 1.00754 -0.0714695 -0.550204 1.00775 -0.0714682 0.554494 0.994725 -0.0714656 0.519317 1.00643 -0.0714624 -0.520308 0.994496 -0.0714621 0.576537 1.00778 -0.0714578 -0.569995 0.995638 -0.0714571 -0.497505 1.00646 -0.0714555 -0.505104 1.00666 -0.071453 -0.528113 0.994659 -0.071448 0.592552 0.995586 -0.0714473 0.531703 1.00669 -0.071446 0.542313 0.994427 -0.0714431 0.549497 0.994615 -0.0714417 0.569424 1.00762 -0.071437 -0.564999 0.995528 -0.0714363 -0.515311 0.994387 -0.0714352 0.524313 1.00654 -0.071434 -0.547324 1.00765 -0.0714327 -0.5552 1.00786 -0.0714277 -0.523117 0.994549 -0.0714269 0.587556 0.995475 -0.0714266 -0.502501 1.00657 -0.0714251 0.581533 1.00789 -0.071424 -0.510101 1.00677 -0.071421 0.597569 1.00367 -0.0714196 0.537317 0.994318 -0.0714195 0.594171 0.995643 -0.0714176 0.597618 0.995659 -0.0714175 0.544501 0.994506 -0.0714156 -0.560002 0.995418 -0.0714156 0.536699 1.0068 -0.0714103 -0.568376 0.995595 -0.0714097 -0.510315 0.994277 -0.0714055 0.57442 1.00773 -0.0714053 0.58256 0.995366 -0.0714043 0.52931 1.00665 -0.0714018 -0.51812 0.994439 -0.0713987 0.589174 0.995533 -0.0713977 -0.55232 1.00776 -0.0713955 -0.507497 1.00668 -0.0713954 -0.560196 1.00797 -0.0713938 -0.555006 0.995308 -0.0713926 0.532321 0.994208 -0.071392 -0.515097 1.00688 -0.0713915 0.539505 0.994396 -0.0713893 -0.56338 0.995485 -0.0713876 0.586529 1.008 -0.0713834 0.541695 1.00691 -0.0713831 0.577563 0.995256 -0.0713826 -0.505319 0.994168 -0.0713773 0.584178 0.995423 -0.0713754 -0.513124 0.99433 -0.0713728 0.534306 1.00676 -0.0713714 -0.55001 0.995198 -0.0713688 0.579417 1.00784 -0.0713677 -0.558384 0.995375 -0.0713652 0.527324 0.994099 -0.0713649 0.534508 0.994287 -0.0713639 -0.512494 1.00679 -0.0713609 -0.557316 1.00787 -0.0713605 0.572567 0.995146 -0.0713594 -0.520093 1.00699 -0.0713575 -0.565193 1.00808 -0.0713555 0.579182 0.995314 -0.071355 -0.500322 0.994059 -0.0713506 0.546692 1.00702 -0.0713496 0.591525 1.00811 -0.0713485 -0.508128 0.994221 -0.0713485 -0.545014 0.995089 -0.0713456 -0.553388 0.995265 -0.0713426 0.536644 1.01897 -0.0713426 0.556644 1.01897 -0.0713408 0.539302 1.00687 -0.0713379 0.529512 0.994178 -0.0713374 0.567571 0.995036 -0.0713373 0.522328 0.99399 -0.0713331 0.574186 0.995204 -0.0713318 -0.51749 1.0069 -0.0713315 0.584413 1.00795 -0.0713269 -0.495326 0.99395 -0.0713263 -0.52509 1.0071 -0.0713251 -0.540017 0.994979 -0.0713235 -0.562313 1.00798 -0.0713231 -0.548391 0.995156 -0.0713212 -0.503131 0.994112 -0.0713191 -0.570189 1.00819 -0.0713174 0.551688 1.00713 -0.0713138 0.562574 0.994927 -0.0713111 0.596522 1.00822 -0.0713103 0.524516 0.994069 -0.0713103 0.569189 0.995095 -0.0713089 0.517332 0.993881 -0.0713083 0.544299 1.00698 -0.0713056 -0.569704 0.995657 -0.0713012 -0.535021 0.99487 -0.0713 -0.543395 0.995046 -0.0712992 0.592843 0.995623 -0.0712991 -0.522486 1.00701 -0.0712983 -0.49033 0.993841 -0.0712937 0.589409 1.00806 -0.0712933 -0.498135 0.994003 -0.0712926 -0.530086 1.00721 -0.0712911 0.511919 1.00619 -0.0712896 0.557578 0.994818 -0.0712869 0.564193 0.994986 -0.0712856 -0.567309 1.00808 -0.0712849 -0.564708 0.995548 -0.0712836 0.556684 1.00724 -0.0712823 0.519519 0.99396 -0.07128 0.512335 0.993773 -0.0712782 0.587847 0.995514 -0.0712768 -0.530025 0.994761 -0.0712764 -0.538399 0.994937 -0.0712753 0.593856 0.99566 -0.0712753 0.549295 1.00708 -0.0712727 -0.489913 1.00625 -0.0712699 -0.568691 0.995631 -0.0712659 -0.527483 1.00712 -0.071265 0.552582 0.994709 -0.071265 -0.493139 0.993894 -0.0712636 -0.559712 0.995439 -0.0712631 0.559197 0.994877 -0.0712618 0.516915 1.00629 -0.0712584 -0.535082 1.00732 -0.0712568 0.582851 0.995404 -0.0712554 0.594405 1.00817 -0.0712546 0.588859 0.995551 -0.0712537 0.514523 0.993852 -0.0712523 -0.533402 0.994828 -0.0712519 -0.525028 0.994652 -0.0712492 0.561681 1.00735 -0.071249 -0.563695 0.995522 -0.0712471 -0.572305 1.00819 -0.0712465 -0.487726 1.00618 -0.0712431 -0.49491 1.00636 -0.0712418 -0.554715 0.995329 -0.0712417 0.554291 1.00719 -0.0712398 0.547586 0.9946 -0.0712387 0.5542 0.994768 -0.0712361 -0.488142 0.993786 -0.0712349 0.577854 0.995295 -0.0712333 0.583863 0.995442 -0.0712322 -0.532479 1.00722 -0.0712321 0.521912 1.0064 -0.0712288 0.514107 1.00624 -0.0712277 -0.528406 0.994719 -0.0712276 -0.558699 0.995413 -0.0712265 -0.520032 0.994543 -0.0712237 -0.540078 1.00743 -0.0712206 -0.569396 0.995663 -0.0712195 -0.549719 0.99522 -0.0712178 0.593151 0.995648 -0.0712173 -0.492722 1.00628 -0.0712144 0.566677 1.00746 -0.0712142 0.542589 0.994491 -0.0712139 0.549204 0.994659 -0.071213 -0.499906 1.00647 -0.0712125 0.572858 0.995186 -0.0712116 0.578867 0.995333 -0.0712076 0.559288 1.0073 -0.071206 0.593516 0.995662 -0.0712057 -0.553703 0.995304 -0.0712047 -0.573382 1.0047 -0.0712046 -0.569031 0.995655 -0.0712026 -0.52341 0.994611 -0.0712018 0.526908 1.00651 -0.0712007 -0.515036 0.994435 -0.0711999 -0.564399 0.995554 -0.0711993 0.519103 1.00635 -0.0711979 -0.537475 1.00733 -0.071197 0.588155 0.995539 -0.0711968 -0.544723 0.995111 -0.0711895 0.567862 0.995077 -0.0711893 0.57387 0.995224 -0.0711885 -0.545075 1.00754 -0.0711885 0.544208 0.99455 -0.0711881 0.537593 0.994383 -0.0711876 -0.497719 1.00639 -0.0711853 0.58852 0.995553 -0.0711838 -0.564035 0.995546 -0.0711833 -0.548706 0.995195 -0.0711824 -0.504902 1.00658 -0.071179 0.571673 1.00757 -0.0711787 -0.559403 0.995445 -0.0711771 -0.518413 0.994502 -0.0711757 0.583159 0.99543 -0.0711743 -0.510039 0.994326 -0.0711735 -0.539726 0.995003 -0.071173 0.564284 1.00741 -0.071171 0.531904 1.00662 -0.0711693 0.524099 1.00646 -0.0711665 0.568874 0.995115 -0.0711661 0.562865 0.994969 -0.0711641 0.583524 0.995444 -0.0711631 -0.542471 1.00744 -0.0711626 0.539211 0.994442 -0.0711625 -0.559038 0.995437 -0.0711615 0.532597 0.994275 -0.0711604 -0.54371 0.995086 -0.0711574 -0.502715 1.0065 -0.0711569 -0.554407 0.995337 -0.0711539 0.578163 0.995322 -0.0711527 -0.550071 1.00765 -0.0711513 -0.509899 1.00669 -0.071151 -0.513417 0.994394 -0.0711497 -0.53473 0.994894 -0.0711491 0.59752 1.00511 -0.0711474 -0.505043 0.994218 -0.0711433 0.563878 0.995007 -0.0711431 0.576669 1.00767 -0.0711423 0.578527 0.995336 -0.0711421 0.557869 0.99486 -0.0711407 -0.554042 0.995328 -0.0711397 0.536901 1.00673 -0.0711388 0.529096 1.00657 -0.0711379 0.56928 1.00752 -0.071137 -0.538714 0.994978 -0.0711363 0.534215 0.994334 -0.0711347 -0.54941 0.995228 -0.0711343 0.5276 0.994166 -0.0711316 0.573166 0.995213 -0.0711278 -0.547468 1.00755 -0.0711267 -0.507711 1.00661 -0.0711254 -0.529734 0.994786 -0.0711244 -0.508421 0.994286 -0.0711201 0.573531 0.995227 -0.07112 -0.500047 0.99411 -0.0711197 -0.514895 1.0068 -0.0711195 0.558882 0.994898 -0.0711185 -0.549046 0.995219 -0.0711177 0.552873 0.994752 -0.0711164 -0.555067 1.00775 -0.0711131 -0.533718 0.994869 -0.0711119 -0.544414 0.995119 -0.0711095 0.529219 0.994226 -0.0711088 0.56817 0.995104 -0.0711078 0.541897 1.00684 -0.0711077 0.534092 1.00667 -0.0711067 0.522604 0.994059 -0.0711066 0.581666 1.00778 -0.0711022 0.574276 1.00763 -0.0711007 -0.524737 0.994678 -0.0710973 -0.503425 0.994178 -0.0710973 0.568535 0.995119 -0.0710957 -0.54405 0.995111 -0.0710954 -0.512708 1.00672 -0.0710953 0.553885 0.99479 -0.0710928 0.547876 0.994644 -0.0710922 -0.49505 0.994003 -0.071092 -0.552464 1.00766 -0.0710902 -0.530474 0.990168 -0.0710902 -0.510474 0.990168 -0.0710887 -0.528721 0.994761 -0.0710887 -0.539418 0.995011 -0.0710875 -0.519891 1.0069 -0.0710855 0.563174 0.994996 -0.0710821 0.524222 0.994118 -0.0710796 -0.560064 1.00786 -0.0710786 0.517608 0.993951 -0.0710762 0.539088 1.00678 -0.0710755 0.546893 1.00694 -0.0710754 -0.519741 0.99457 -0.0710741 0.563538 0.995011 -0.0710739 -0.573382 0.993961 -0.0710724 -0.539053 0.995003 -0.0710705 0.548889 0.994682 -0.0710698 -0.498428 0.99407 -0.0710697 0.586662 1.00789 -0.0710673 0.54288 0.994536 -0.071066 0.579273 1.00774 -0.071065 -0.534422 0.994903 -0.0710638 -0.490054 0.993895 -0.0710638 -0.523725 0.994653 -0.0710636 -0.517704 1.00682 -0.0710617 0.558177 0.994888 -0.0710587 -0.530474 0.980684 -0.0710587 -0.510474 0.980684 -0.0710567 0.512195 1.00613 -0.0710556 -0.55746 1.00777 -0.0710548 -0.524888 1.00701 -0.0710543 0.519226 0.99401 -0.0710503 0.558542 0.994902 -0.0710501 0.512611 0.993843 -0.0710496 -0.514745 0.994462 -0.0710486 -0.534057 0.994895 -0.0710453 0.543893 0.994574 -0.0710441 0.544085 1.00689 -0.0710428 -0.489638 1.00618 -0.0710426 0.55189 1.00705 -0.0710423 -0.56506 1.00797 -0.0710417 -0.493432 0.993962 -0.0710414 0.537884 0.994428 -0.0710407 -0.529425 0.994795 -0.0710385 -0.518729 0.994545 -0.0710374 0.553181 0.99478 -0.0710321 0.591658 1.008 -0.0710313 -0.5227 1.00693 -0.0710292 0.584269 1.00784 -0.0710277 0.517191 1.00624 -0.0710261 0.553546 0.994795 -0.071026 0.51423 0.993903 -0.0710244 -0.529061 0.994787 -0.0710234 -0.509748 0.994354 -0.0710216 -0.529884 1.00712 -0.0710195 0.538896 0.994466 -0.0710189 -0.488019 1.00612 -0.0710187 -0.562457 1.00787 -0.071016 -0.524429 0.994687 -0.071015 0.532887 0.99432 -0.0710136 -0.494634 1.00629 -0.0710132 -0.488435 0.993855 -0.0710126 -0.513732 0.994438 -0.0710125 0.548185 0.994672 -0.0710114 0.549081 1.007 -0.0710091 0.556886 1.00716 -0.071006 0.513813 1.00617 -0.0710044 -0.570056 1.00808 -0.0710014 0.548549 0.994687 -0.0709996 -0.524064 0.994679 -0.0709984 -0.527697 1.00704 -0.0709982 0.522188 1.00635 -0.0709966 -0.504752 0.994247 -0.0709941 0.596654 1.00811 -0.0709933 0.5339 0.994359 -0.070992 0.589265 1.00795 -0.0709908 -0.519433 0.99458 -0.0709899 -0.493015 1.00623 -0.0709881 0.527891 0.994213 -0.0709878 -0.53488 1.00723 -0.0709873 0.543189 0.994565 -0.0709862 -0.508736 0.99433 -0.0709839 -0.49963 1.0064 -0.0709813 -0.567453 1.00798 -0.0709783 0.554077 1.0071 -0.0709769 0.51881 1.00628 -0.0709762 0.543553 0.994579 -0.0709752 0.561882 1.00727 -0.0709743 -0.519068 0.994572 -0.0709694 -0.499756 0.994139 -0.0709682 0.527184 1.00645 -0.0709666 0.528904 0.994252 -0.0709651 -0.514436 0.994472 -0.0709651 -0.532693 1.00715 -0.0709615 0.538192 0.994457 -0.0709607 0.522895 0.994106 -0.0709605 -0.498012 1.00634 -0.0709594 -0.50374 0.994223 -0.0709542 0.594262 1.00806 -0.0709536 -0.504627 1.00651 -0.0709536 -0.539877 1.00733 -0.0709504 0.538557 0.994472 -0.0709486 -0.514072 0.994464 -0.0709472 0.523806 1.00639 -0.0709446 0.559074 1.00721 -0.0709433 -0.572449 1.00809 -0.0709417 -0.494759 0.994032 -0.0709407 0.566879 1.00737 -0.0709394 0.523907 0.994144 -0.0709389 -0.50944 0.994365 -0.0709377 0.53218 1.00656 -0.0709352 0.533196 0.99435 -0.0709329 0.517898 0.993999 -0.070932 -0.498743 0.994116 -0.0709312 -0.537689 1.00725 -0.0709305 -0.503008 1.00645 -0.0709242 0.533561 0.994365 -0.0709229 -0.509623 1.00661 -0.0709223 -0.509075 0.994357 -0.0709188 -0.544873 1.00744 -0.070917 0.528802 1.00649 -0.0709135 -0.489763 0.993925 -0.0709122 -0.504444 0.994258 -0.0709117 0.518911 0.994037 -0.0709104 0.56407 1.00732 -0.0709084 0.5282 0.994243 -0.0709066 0.537177 1.00667 -0.0709064 0.512486 1.0061 -0.0709057 0.571875 1.00748 -0.0709045 0.512902 0.993892 -0.0709042 -0.493747 0.994009 -0.0709 -0.508004 1.00655 -0.0708975 0.528564 0.994258 -0.0708973 -0.489347 1.00613 -0.0708968 -0.542686 1.00736 -0.0708956 -0.504079 0.99425 -0.0708916 -0.514619 1.00672 -0.0708863 0.533799 1.0066 -0.070885 -0.499447 0.994151 -0.0708835 0.513915 0.993931 -0.0708835 -0.549869 1.00755 -0.0708812 0.523203 0.994136 -0.0708776 0.517482 1.00621 -0.0708764 -0.488334 1.0061 -0.0708759 -0.488751 0.993902 -0.0708757 0.569066 1.00743 -0.0708751 0.542173 1.00678 -0.0708704 0.523568 0.994151 -0.0708702 0.576871 1.00759 -0.070869 -0.513001 1.00666 -0.0708687 0.513498 1.00612 -0.0708684 -0.499083 0.994143 -0.0708684 -0.494343 1.00624 -0.0708618 -0.547682 1.00747 -0.0708598 -0.519616 1.00683 -0.0708573 -0.494451 0.994044 -0.070855 0.538795 1.00671 -0.0708535 0.518207 0.99403 -0.0708482 0.522478 1.00631 -0.0708476 -0.554866 1.00766 -0.0708476 -0.493331 1.0062 -0.070843 0.547169 1.00688 -0.0708427 0.518571 0.994044 -0.0708407 -0.494086 0.994037 -0.0708404 0.574062 1.00753 -0.0708398 0.518495 1.00623 -0.0708389 -0.499339 1.00635 -0.0708375 -0.517997 1.00677 -0.0708341 0.581867 1.0077 -0.0708292 -0.489455 0.993938 -0.0708274 -0.524612 1.00693 -0.0708264 -0.552678 1.00758 -0.0708253 0.513211 0.993923 -0.0708233 0.543791 1.00681 -0.0708221 0.512794 1.00609 -0.0708184 0.527475 1.00642 -0.0708183 -0.498327 1.00631 -0.0708181 -0.489038 1.0061 -0.0708146 0.513575 0.993938 -0.0708125 -0.48909 0.99393 -0.0708113 -0.559862 1.00776 -0.0708104 0.523491 1.00634 -0.0708104 0.552166 1.00699 -0.0708088 -0.504336 1.00645 -0.0708075 -0.488674 1.00609 -0.0708054 -0.522993 1.00687 -0.0708054 0.513159 1.0061 -0.0708047 0.579059 1.00764 -0.0707976 0.586864 1.0078 -0.0707946 -0.529608 1.00704 -0.0707933 0.51779 1.0062 -0.070791 0.548788 1.00692 -0.0707904 -0.557674 1.00768 -0.0707893 -0.494035 1.00621 -0.0707885 -0.503323 1.00642 -0.070788 0.532471 1.00653 -0.0707804 0.528487 1.00644 -0.0707787 -0.49367 1.00619 -0.0707783 -0.509332 1.00656 -0.0707772 0.557162 1.0071 -0.0707766 0.518155 1.0062 -0.0707744 -0.564858 1.00787 -0.0707729 -0.52799 1.00698 -0.0707684 0.584055 1.00775 -0.0707641 0.522787 1.0063 -0.0707612 -0.534605 1.00715 -0.0707605 0.59186 1.00791 -0.07076 -0.499031 1.00632 -0.0707582 0.553784 1.00703 -0.0707581 -0.50832 1.00652 -0.0707571 0.537467 1.00663 -0.0707545 0.597618 1.00647 -0.0707539 -0.562671 1.00779 -0.0707499 0.533484 1.00655 -0.0707494 -0.498666 1.0063 -0.0707473 0.523151 1.00631 -0.0707473 -0.514328 1.00667 -0.0707436 0.562158 1.0072 -0.0707398 -0.532986 1.00709 -0.070737 -0.569854 1.00798 -0.0707343 0.527783 1.00641 -0.0707316 0.589051 1.00786 -0.0707301 -0.504027 1.00642 -0.0707273 -0.539601 1.00725 -0.0707272 -0.513316 1.00663 -0.0707257 0.542464 1.00674 -0.0707249 0.55878 1.00713 -0.0707228 0.596856 1.00802 -0.0707196 -0.503663 1.00641 -0.0707189 0.53848 1.00666 -0.0707175 0.528148 1.00641 -0.0707168 -0.567667 1.0079 -0.0707157 -0.519325 1.00677 -0.0707094 0.567154 1.00731 -0.0707062 -0.537982 1.00719 -0.070704 0.53278 1.00651 -0.0706997 -0.509024 1.00653 -0.0706959 -0.518312 1.00673 -0.0706942 0.594047 1.00796 -0.0706938 0.54746 1.00685 -0.0706929 -0.544597 1.00736 -0.070692 -0.573382 1.00668 -0.0706911 0.563777 1.00724 -0.0706893 -0.508659 1.00651 -0.0706874 0.543476 1.00676 -0.0706871 0.533144 1.00652 -0.0706848 -0.572858 0.98927 -0.0706848 0.597094 0.98927 -0.0706836 -0.524321 1.00688 -0.0706793 -0.572663 1.008 -0.0706748 -0.570861 0.989249 -0.0706748 0.595097 0.989249 -0.0706747 0.572151 1.00742 -0.0706731 0.537776 1.00662 -0.0706721 -0.542979 1.0073 -0.0706688 -0.51402 1.00663 -0.070664 -0.523309 1.00684 -0.0706613 0.552456 1.00695 -0.0706585 -0.513655 1.00662 -0.070658 -0.549593 1.00747 -0.0706568 0.568773 1.00735 -0.0706563 0.53814 1.00663 -0.0706554 0.548473 1.00687 -0.070651 -0.529317 1.00699 -0.0706418 0.542772 1.00673 -0.0706395 0.577147 1.00752 -0.0706374 -0.547975 1.00741 -0.0706374 -0.519016 1.00674 -0.0706336 -0.567862 0.989163 -0.0706336 0.592098 0.989163 -0.0706316 -0.528305 1.00695 -0.0706284 0.557453 1.00706 -0.0706272 -0.518652 1.00672 -0.0706249 0.543137 1.00673 -0.0706234 -0.565865 0.989142 -0.0706234 0.590101 0.989142 -0.0706228 0.553469 1.00697 -0.0706225 -0.55459 1.00757 -0.0706219 0.573769 1.00745 -0.0706179 -0.534314 1.00709 -0.0706099 0.547769 1.00683 -0.0706055 -0.524013 1.00685 -0.0706038 0.582143 1.00763 -0.0706023 -0.552971 1.00751 -0.0705986 -0.533301 1.00705 -0.0705953 -0.523648 1.00683 -0.0705949 0.562449 1.00716 -0.070593 0.548133 1.00684 -0.0705924 -0.572862 0.989314 -0.0705898 0.558465 1.00708 -0.0705866 -0.559586 1.00768 -0.0705865 0.578766 1.00756 -0.0705843 -0.53931 1.0072 -0.0705824 0.595093 0.989293 -0.0705818 -0.562866 0.989056 -0.0705818 0.587102 0.989056 -0.0705776 0.552765 1.00694 -0.0705731 -0.529009 1.00695 -0.0705715 -0.560868 0.989035 -0.0705715 0.585104 0.989035 -0.0705676 0.58714 1.00773 -0.0705666 -0.557967 1.00762 -0.0705652 -0.538297 1.00716 -0.0705629 -0.528644 1.00694 -0.0705609 0.567445 1.00727 -0.0705606 0.553129 1.00694 -0.0705562 0.563462 1.00719 -0.0705506 0.583762 1.00766 -0.0705501 -0.544306 1.0073 -0.0705501 -0.564582 1.00778 -0.0705447 0.557761 1.00704 -0.0705413 -0.567866 0.989207 -0.0705401 -0.534005 1.00706 -0.0705312 0.590097 0.989186 -0.0705312 -0.543294 1.00726 -0.0705308 0.592136 1.00784 -0.0705304 -0.562964 1.00772 -0.0705301 -0.533641 1.00704 -0.0705295 -0.55787 0.988949 -0.0705295 0.582106 0.988949 -0.0705277 0.558126 1.00705 -0.0705264 0.572442 1.00738 -0.0705221 0.568458 1.00729 -0.0705191 -0.555872 0.988928 -0.0705191 0.580108 0.988928 -0.0705155 -0.549303 1.00741 -0.0705142 0.588758 1.00777 -0.0705131 -0.569579 1.00789 -0.0705113 0.562757 1.00715 -0.0705066 -0.539002 1.00716 -0.0704968 -0.54829 1.00737 -0.0704967 -0.538637 1.00715 -0.0704943 0.563122 1.00716 -0.0704937 -0.56796 1.00783 -0.0704914 0.577438 1.00748 -0.0704897 -0.56287 0.989101 -0.0704875 0.573454 1.0074 -0.0704804 0.597153 1.00794 -0.0704803 -0.554299 1.00751 -0.0704796 0.585101 0.98908 -0.0704774 0.567754 1.00725 -0.0704773 0.593754 1.00788 -0.0704766 -0.552874 0.988843 -0.0704766 0.57711 0.988843 -0.0704727 -0.543998 1.00727 -0.0704661 -0.550876 0.988822 -0.0704661 0.575112 0.988822 -0.0704628 -0.543633 1.00725 -0.0704618 -0.553286 1.00747 -0.0704603 0.568118 1.00726 -0.0704558 0.582434 1.00759 -0.0704524 0.57845 1.0075 -0.0704448 -0.572977 1.00793 -0.0704446 -0.559295 1.00762 -0.0704429 0.57275 1.00736 -0.0704382 -0.548994 1.00737 -0.0704376 -0.557873 0.988994 -0.0704351 0.597618 0.991756 -0.0704283 -0.54863 1.00736 -0.0704274 0.580105 0.988973 -0.0704263 -0.558283 1.00758 -0.0704259 0.573115 1.00737 -0.0704233 -0.547878 0.988736 -0.0704233 0.572114 0.988736 -0.0704205 -0.573382 1.00751 -0.0704198 0.58743 1.00769 -0.0704167 0.583447 1.00761 -0.0704127 -0.54588 0.988715 -0.0704127 0.570116 0.988715 -0.0704108 -0.530474 1.01129 -0.0704108 -0.510474 1.01129 -0.0704084 -0.564291 1.00773 -0.070408 0.577746 1.00746 -0.0704032 -0.55399 1.00748 -0.0703934 -0.553626 1.00746 -0.0703909 0.578111 1.00747 -0.0703903 -0.563279 1.00769 -0.070385 -0.552877 0.988888 -0.0703832 0.592427 1.0078 -0.0703806 0.588443 1.00771 -0.0703746 0.575108 0.988867 -0.0703726 0.582743 1.00757 -0.0703717 -0.569288 1.00783 -0.0703694 -0.542881 0.98863 -0.0703694 0.567117 0.98863 -0.0703676 -0.558987 1.00758 -0.0703587 -0.540884 0.988609 -0.0703587 0.56512 0.988609 -0.070358 -0.558622 1.00757 -0.0703554 0.583107 1.00758 -0.0703537 -0.568275 1.00779 -0.0703439 0.593439 1.00782 -0.0703434 0.597431 1.0079 -0.0703403 0.597144 0.989435 -0.0703366 0.587739 1.00767 -0.0703319 -0.547881 0.988782 -0.0703316 -0.563983 1.00769 -0.0703297 -0.570811 0.989412 -0.070322 -0.563618 1.00767 -0.0703214 0.570112 0.988762 -0.0703194 0.588103 1.00768 -0.0703167 -0.573271 1.0079 -0.0703151 -0.537885 0.988524 -0.0703151 0.562121 0.988524 -0.0703042 -0.535887 0.988503 -0.0703042 0.560123 0.988503 -0.0703001 0.592735 1.00778 -0.0702951 -0.568979 1.00779 -0.0702898 0.592148 0.989329 -0.0702859 -0.573382 1.00789 -0.0702859 0.597618 1.00789 -0.0702855 -0.568615 1.00778 -0.0702829 0.5931 1.00779 -0.0702794 -0.572927 0.989464 -0.0702791 -0.565815 0.989307 -0.0702783 -0.542885 0.988677 -0.0702684 0.595028 0.989441 -0.0702677 0.565116 0.988656 -0.0702602 -0.532889 0.988419 -0.0702602 0.557125 0.988419 -0.0702493 -0.530891 0.988398 -0.0702493 0.555127 0.988398 -0.0702388 0.587151 0.989224 -0.0702291 -0.567931 0.989359 -0.070228 -0.560819 0.989202 -0.0702241 -0.537889 0.988571 -0.0702179 0.590032 0.989336 -0.0702134 0.56012 0.988551 -0.0702048 -0.527893 0.988313 -0.0702048 0.552129 0.988313 -0.0701938 -0.525895 0.988293 -0.0701938 0.550131 0.988293 -0.0701873 0.582155 0.989119 -0.0701782 -0.562935 0.989254 -0.0701763 -0.555823 0.989096 -0.0701695 -0.532893 0.988466 -0.0701669 0.585035 0.989231 -0.0701587 0.555124 0.988445 -0.0701489 -0.522897 0.988208 -0.0701489 0.547133 0.988208 -0.0701378 -0.520899 0.988187 -0.0701378 0.545135 0.988187 -0.0701353 0.577159 0.989014 -0.0701268 -0.557939 0.989149 -0.0701242 -0.550827 0.988991 -0.0701155 0.580039 0.989126 -0.0701143 -0.527896 0.988361 -0.0701034 0.550128 0.988341 -0.0700925 -0.517901 0.988104 -0.0700925 0.542136 0.988104 -0.0700828 0.572163 0.988909 -0.0700813 -0.515903 0.988083 -0.0700813 0.540139 0.988083 -0.070075 -0.552943 0.989044 -0.0700716 -0.54583 0.988887 -0.0700635 0.575043 0.989021 -0.0700586 -0.5229 0.988257 -0.0700476 0.545131 0.988236 -0.0700465 -0.530474 1.02046 -0.0700465 -0.510474 1.02046 -0.0700458 -0.573063 0.989701 -0.0700393 0.597277 0.989582 -0.0700356 -0.512904 0.987999 -0.0700356 0.53714 0.987999 -0.0700298 0.567167 0.988805 -0.0700257 -0.570678 0.989553 -0.0700243 -0.510907 0.987978 -0.0700243 0.535143 0.987978 -0.0700226 -0.547946 0.98894 -0.0700184 -0.540834 0.988782 -0.070011 0.570047 0.988917 -0.0700025 -0.517904 0.988152 -0.0699914 0.540135 0.988132 -0.0699895 0.592281 0.989478 -0.0699782 -0.507908 0.987895 -0.0699782 0.532144 0.987895 -0.069977 0.594884 0.989576 -0.0699762 0.562171 0.9887 -0.0699758 -0.565682 0.989449 -0.0699738 -0.573382 0.990513 -0.0699697 -0.54295 0.988836 -0.0699668 -0.50591 0.987874 -0.0699668 0.530146 0.987874 -0.0699648 -0.535838 0.988678 -0.069958 0.565051 0.988813 -0.0699458 -0.512908 0.988048 -0.0699416 -0.568075 0.989502 -0.0699392 0.587284 0.989374 -0.0699346 0.535139 0.988028 -0.0699276 -0.573185 0.989876 -0.0699271 0.589888 0.989472 -0.0699253 -0.560686 0.989345 -0.0699222 0.557174 0.988596 -0.0699203 -0.502912 0.987791 -0.0699203 0.527148 0.987791 -0.0699193 -0.643841 1.02682 -0.0699163 -0.537954 0.988732 -0.0699106 -0.530842 0.988574 -0.0699088 -0.500914 0.98777 -0.0699088 0.52515 0.98777 -0.0699045 0.560055 0.988709 -0.0698914 -0.563079 0.989398 -0.0698887 -0.507912 0.987944 -0.0698884 0.582288 0.98927 -0.0698773 0.530143 0.987924 -0.0698768 0.584891 0.989368 -0.0698744 -0.55569 0.989242 -0.0698677 0.552178 0.988493 -0.0698624 -0.532958 0.988628 -0.0698619 -0.497916 0.987687 -0.0698619 0.522152 0.987687 -0.069856 -0.525846 0.988471 -0.0698505 0.555058 0.988605 -0.0698503 -0.495918 0.987666 -0.0698503 0.520154 0.987666 -0.0698432 -0.414728 0.779283 -0.0698432 -0.414728 1.22072 -0.0698408 -0.558083 0.989294 -0.0698371 0.577292 0.989166 -0.069831 -0.502916 0.98784 -0.069826 0.579895 0.989264 -0.069823 -0.550694 0.989138 -0.0698196 0.525147 0.98782 -0.0698126 0.547182 0.988389 -0.0698081 -0.527962 0.988525 -0.069803 -0.49292 0.987583 -0.069803 0.517156 0.987583 -0.0698009 -0.52085 0.988367 -0.069796 0.550062 0.988502 -0.0697913 -0.490922 0.987563 -0.0697913 0.515158 0.987563 -0.0697896 -0.553087 0.989191 -0.0697853 0.572296 0.989063 -0.0697838 0.597479 0.98971 -0.0697765 -0.487091 1.01246 -0.0697765 0.511327 1.01246 -0.0697747 0.574899 0.989161 -0.0697728 -0.497919 0.987737 -0.069771 -0.545698 0.989035 -0.0697653 -0.570477 0.989671 -0.0697613 0.520151 0.987717 -0.0697571 0.542186 0.988286 -0.0697551 -0.572923 0.9875 -0.0697551 -0.570924 0.9875 -0.0697551 -0.567923 0.9875 -0.0697551 -0.565924 0.9875 -0.0697551 -0.562923 0.9875 -0.0697551 -0.560924 0.9875 -0.0697551 -0.557923 0.9875 -0.0697551 -0.555924 0.9875 -0.0697551 -0.552923 0.9875 -0.0697551 -0.550924 0.9875 -0.0697551 -0.547923 0.9875 -0.0697551 -0.545924 0.9875 -0.0697551 -0.542923 0.9875 -0.0697551 -0.540924 0.9875 -0.0697551 -0.537923 0.9875 -0.0697551 -0.535924 0.9875 -0.0697551 -0.532923 0.9875 -0.0697551 -0.530924 0.9875 -0.0697551 -0.527923 0.9875 -0.0697551 -0.525924 0.9875 -0.0697551 -0.522923 0.9875 -0.0697551 -0.520924 0.9875 -0.0697551 -0.517923 0.9875 -0.0697551 -0.515924 0.9875 -0.0697551 -0.512923 0.9875 -0.0697551 -0.510924 0.9875 -0.0697551 -0.507923 0.9875 -0.0697551 -0.505924 0.9875 -0.0697551 -0.502923 0.9875 -0.0697551 -0.500924 0.9875 -0.0697551 -0.497923 0.9875 -0.0697551 -0.497089 1.0125 -0.0697551 -0.495924 0.9875 -0.0697551 -0.495091 1.0125 -0.0697551 -0.492923 0.9875 -0.0697551 -0.473382 0.9875 -0.0697551 -0.473382 1.0125 -0.0697551 0.497618 0.9875 -0.0697551 0.497618 1.0125 -0.0697551 0.517159 0.9875 -0.0697551 0.519327 1.0125 -0.0697551 0.52016 0.9875 -0.0697551 0.521325 1.0125 -0.0697551 0.522159 0.9875 -0.0697551 0.52516 0.9875 -0.0697551 0.527159 0.9875 -0.0697551 0.53016 0.9875 -0.0697551 0.532159 0.9875 -0.0697551 0.53516 0.9875 -0.0697551 0.536644 1.0125 -0.0697551 0.537159 0.9875 -0.0697551 0.54016 0.9875 -0.0697551 0.542159 0.9875 -0.0697551 0.54516 0.9875 -0.0697551 0.547159 0.9875 -0.0697551 0.55016 0.9875 -0.0697551 0.552159 0.9875 -0.0697551 0.55516 0.9875 -0.0697551 0.556644 1.0125 -0.0697551 0.557159 0.9875 -0.0697551 0.56016 0.9875 -0.0697551 0.562159 0.9875 -0.0697551 0.56516 0.9875 -0.0697551 0.567159 0.9875 -0.0697551 0.57016 0.9875 -0.0697551 0.572159 0.9875 -0.0697551 0.57516 0.9875 -0.0697551 0.577159 0.9875 -0.0697551 0.58016 0.9875 -0.0697551 0.582159 0.9875 -0.0697551 0.58516 0.9875 -0.0697551 0.587159 0.9875 -0.0697551 0.59016 0.9875 -0.0697551 0.592159 0.9875 -0.0697551 0.59516 0.9875 -0.0697551 0.597159 0.9875 -0.0697551 -0.572089 1.0125 -0.0697551 -0.570091 1.0125 -0.0697551 -0.567089 1.0125 -0.0697551 -0.565091 1.0125 -0.0697551 -0.562089 1.0125 -0.0697551 -0.560091 1.0125 -0.0697551 -0.557089 1.0125 -0.0697551 -0.555091 1.0125 -0.0697551 -0.552089 1.0125 -0.0697551 -0.550091 1.0125 -0.0697551 -0.547089 1.0125 -0.0697551 -0.545091 1.0125 -0.0697551 -0.542089 1.0125 -0.0697551 -0.540091 1.0125 -0.0697551 -0.537089 1.0125 -0.0697551 -0.535091 1.0125 -0.0697551 -0.532089 1.0125 -0.0697551 -0.530091 1.0125 -0.0697551 -0.527089 1.0125 -0.0697551 -0.525091 1.0125 -0.0697551 -0.522089 1.0125 -0.0697551 -0.520091 1.0125 -0.0697551 -0.517089 1.0125 -0.0697551 -0.515091 1.0125 -0.0697551 -0.512089 1.0125 -0.0697551 -0.510091 1.0125 -0.0697551 -0.507089 1.0125 -0.0697551 -0.505091 1.0125 -0.0697551 -0.502089 1.0125 -0.0697551 -0.500091 1.0125 -0.0697551 0.524327 1.0125 -0.0697551 0.526325 1.0125 -0.0697551 0.529327 1.0125 -0.0697551 0.531325 1.0125 -0.0697551 0.534327 1.0125 -0.0697551 0.536325 1.0125 -0.0697551 0.536644 0.9875 -0.0697551 0.539327 1.0125 -0.0697551 0.541325 1.0125 -0.0697551 0.544327 1.0125 -0.0697551 0.546325 1.0125 -0.0697551 0.549327 1.0125 -0.0697551 0.551325 1.0125 -0.0697551 0.554327 1.0125 -0.0697551 0.556325 1.0125 -0.0697551 0.556644 0.9875 -0.0697551 0.559327 1.0125 -0.0697551 0.561325 1.0125 -0.0697551 0.564327 1.0125 -0.0697551 0.566325 1.0125 -0.0697551 0.569327 1.0125 -0.0697551 0.571325 1.0125 -0.0697551 0.574327 1.0125 -0.0697551 0.576325 1.0125 -0.0697551 0.579327 1.0125 -0.0697551 0.581325 1.0125 -0.0697551 0.584327 1.0125 -0.0697551 0.586325 1.0125 -0.0697551 0.589327 1.0125 -0.0697551 0.591325 1.0125 -0.0697551 0.594327 1.0125 -0.0697551 0.596325 1.0125 -0.0697532 -0.522966 0.988421 -0.0697452 -0.515853 0.988264 -0.0697437 -0.487924 0.98748 -0.0697437 0.512159 0.98748 -0.069741 0.545066 0.988399 -0.0697406 0.536644 0.979218 -0.0697406 0.556644 0.979218 -0.0697379 -0.54809 0.989088 -0.0697346 0.592482 0.989607 -0.069733 0.5673 0.98896 -0.0697287 -0.490089 1.01255 -0.0697287 0.514325 1.01255 -0.0697234 0.59467 0.989689 -0.0697228 0.569903 0.989058 -0.0697186 -0.540701 0.988932 -0.0697169 -0.492087 1.01257 -0.0697169 0.516323 1.01257 -0.0697159 -0.56548 0.989568 -0.0697142 -0.492923 0.987634 -0.0697072 -0.626872 1.03964 -0.0697072 -0.513997 1.03964 -0.0697026 0.515154 0.987614 -0.0697011 0.53719 0.988183 -0.0696978 -0.517969 0.988319 -0.0696939 -0.568289 0.989628 -0.0696891 -0.510857 0.988161 -0.0696878 -0.487094 1.01241 -0.0696857 -0.543094 0.988985 -0.0696855 0.54007 0.988296 -0.0696849 0.587486 0.989504 -0.0696803 0.562303 0.988857 -0.0696741 0.589674 0.989587 -0.0696705 0.564907 0.988955 -0.0696688 -0.495085 1.01265 -0.0696688 0.519321 1.01265 -0.069666 -0.560484 0.989465 -0.0696657 -0.535705 0.988829 -0.0696624 0.597618 0.989772 -0.0696568 -0.497083 1.01267 -0.0696568 0.521319 1.01267 -0.069655 -0.487927 0.987531 -0.0696445 0.532194 0.98808 -0.0696444 -0.563293 0.989525 -0.0696419 -0.512973 0.988216 -0.0696402 0.514322 1.01249 -0.0696348 0.58249 0.989402 -0.0696331 -0.538098 0.988883 -0.0696325 -0.505861 0.988058 -0.0696295 0.535074 0.988193 -0.0696285 -0.49209 1.01251 -0.069627 0.557307 0.988755 -0.0696243 0.584677 0.989484 -0.0696177 0.559911 0.988853 -0.0696157 -0.555488 0.989363 -0.0696122 -0.530709 0.988727 -0.0696094 -0.629368 1.03949 -0.0696083 -0.500082 1.01275 -0.0696083 0.524318 1.01275 -0.0695962 -0.502079 1.01277 -0.0695962 0.526315 1.01277 -0.0695943 -0.558297 0.989423 -0.0695875 0.527197 0.987978 -0.0695856 -0.507977 0.988113 -0.0695841 0.577494 0.989299 -0.0695804 0.519318 1.0126 -0.0695799 -0.533102 0.98878 -0.0695753 -0.500865 0.987956 -0.0695741 0.579681 0.989382 -0.0695732 0.552311 0.988652 -0.069573 0.530078 0.988091 -0.0695686 -0.497087 1.01262 -0.0695648 -0.550492 0.989261 -0.0695644 0.554914 0.988751 -0.0695583 -0.525713 0.988624 -0.0695473 -0.505078 1.01285 -0.0695473 0.529314 1.01285 -0.0695447 -0.570201 0.989767 -0.0695437 -0.553301 0.989321 -0.0695352 -0.507075 1.01287 -0.0695352 0.531311 1.01287 -0.0695329 0.572498 0.989197 -0.06953 0.522201 0.987876 -0.0695287 -0.502981 0.988011 -0.0695262 -0.528106 0.988678 -0.0695233 0.574685 0.98928 -0.0695217 0.592758 0.989718 -0.0695202 0.524314 1.0127 -0.0695189 0.547315 0.98855 -0.0695177 -0.495869 0.987854 -0.0695161 0.525081 0.987989 -0.0695135 -0.545496 0.989159 -0.0695106 0.549918 0.988649 -0.069509 0.594377 0.989782 -0.0695083 -0.502083 1.01272 -0.0695039 -0.520717 0.988522 -0.0694958 -0.565205 0.989665 -0.0694927 -0.548304 0.989219 -0.0694876 -0.568582 0.989737 -0.0694858 -0.510074 1.01296 -0.0694858 0.53431 1.01296 -0.0694813 0.567501 0.989095 -0.0694736 -0.512072 1.01298 -0.0694736 0.536308 1.01298 -0.0694735 0.597618 1.00984 -0.0694725 0.587762 0.989617 -0.0694721 -0.52311 0.988576 -0.0694721 0.517205 0.987774 -0.0694721 0.569689 0.989178 -0.0694714 -0.497985 0.987909 -0.0694642 0.542319 0.988449 -0.0694616 -0.5405 0.989057 -0.0694602 0.58938 0.98968 -0.0694597 -0.490873 0.987752 -0.0694595 0.52931 1.0128 -0.0694586 0.520085 0.987887 -0.0694563 0.544922 0.988547 -0.0694522 -0.63362 1.0261 -0.069449 -0.51572 0.988421 -0.0694475 -0.507079 1.01282 -0.0694464 -0.560208 0.989563 -0.0694451 0.511376 1.01227 -0.0694411 -0.543308 0.989117 -0.0694386 -0.563586 0.989635 -0.0694292 0.562505 0.988994 -0.0694239 -0.51507 1.01306 -0.0694239 0.539306 1.01306 -0.0694229 0.582766 0.989515 -0.0694203 0.564693 0.989076 -0.0694175 -0.518113 0.988475 -0.0694136 0.512209 0.987672 -0.0694136 -0.492989 0.987808 -0.0694116 -0.517068 1.01308 -0.0694116 0.541304 1.01308 -0.0694109 0.584384 0.989578 -0.0694093 -0.535503 0.988955 -0.0694089 0.537323 0.988347 -0.0694026 -0.56991 0.989824 -0.0694015 0.539926 0.988445 -0.0694007 0.515089 0.987785 -0.0693989 -0.49004 1.01235 -0.0693983 0.534306 1.0129 -0.0693965 -0.555212 0.989462 -0.0693936 -0.510724 0.988319 -0.0693891 -0.538312 0.989016 -0.069389 -0.55859 0.989534 -0.0693875 0.593049 0.989793 -0.0693864 0.516372 1.01237 -0.0693862 -0.512075 1.01292 -0.0693862 -0.48716 1.01224 -0.0693765 0.557509 0.988892 -0.069375 0.441337 0.784037 -0.069375 0.441337 1.21596 -0.0693741 0.594061 0.989835 -0.0693728 0.57777 0.989414 -0.0693681 0.559696 0.988975 -0.0693623 -0.513117 0.988373 -0.0693615 -0.520066 1.01316 -0.0693615 0.544302 1.01316 -0.0693613 -0.568897 0.989808 -0.069361 0.579388 0.989477 -0.0693565 -0.530507 0.988854 -0.0693553 -0.487992 0.987706 -0.069354 -0.564914 0.989723 -0.0693532 0.532326 0.988246 -0.0693491 -0.522064 1.01318 -0.0693491 0.5463 1.01318 -0.0693463 0.53493 0.988344 -0.0693461 -0.550216 0.989361 -0.0693406 0.514256 1.01232 -0.0693398 -0.495036 1.01245 -0.069339 -0.553594 0.989433 -0.0693387 0.588053 0.989692 -0.0693378 -0.505728 0.988218 -0.0693366 0.539303 1.013 -0.0693366 -0.533316 0.988915 -0.0693276 -0.492156 1.01234 -0.0693272 0.521369 1.01248 -0.0693255 0.589065 0.989734 -0.0693244 -0.517071 1.01302 -0.0693234 0.552513 0.988791 -0.0693221 0.572773 0.989313 -0.069322 -0.569602 0.989852 -0.0693154 0.593357 0.989838 -0.0693153 0.5547 0.988874 -0.0693126 -0.563901 0.989708 -0.0693107 0.574392 0.989376 -0.0693077 0.593722 0.989855 -0.0693067 -0.508121 0.988272 -0.0693048 -0.559918 0.989622 -0.0693042 -0.569237 0.989848 -0.0693032 -0.525511 0.988753 -0.0692986 -0.525062 1.01326 -0.0692986 0.549298 1.01326 -0.069297 0.52733 0.988145 -0.0692953 -0.54522 0.98926 -0.0692905 0.529934 0.988243 -0.0692895 0.583057 0.989591 -0.0692885 -0.548598 0.989332 -0.0692861 -0.52706 1.01328 -0.0692861 0.551296 1.01328 -0.0692835 -0.52832 0.988814 -0.0692817 0.519252 1.01242 -0.0692814 -0.500732 0.988117 -0.0692803 -0.500032 1.01256 -0.0692764 0.584069 0.989633 -0.0692744 0.544299 1.0131 -0.0692735 -0.564605 0.989751 -0.0692711 0.567777 0.989212 -0.0692698 0.547517 0.98869 -0.0692686 -0.497152 1.01244 -0.0692675 0.526365 1.01258 -0.0692669 0.588361 0.989738 -0.0692634 -0.558905 0.989607 -0.0692622 -0.522067 1.01312 -0.0692621 0.549704 0.988773 -0.0692599 0.569396 0.989275 -0.0692592 0.588726 0.989754 -0.0692557 -0.564241 0.989747 -0.0692552 -0.554921 0.989522 -0.0692519 -0.453197 0.893685 -0.0692519 -0.453197 1.10632 -0.0692507 -0.503125 0.988171 -0.0692494 -0.520515 0.988652 -0.0692439 -0.540224 0.989159 -0.0692403 0.522334 0.988044 -0.0692397 0.57806 0.98949 -0.0692375 -0.543601 0.989231 -0.0692352 -0.530059 1.01336 -0.0692352 0.554295 1.01336 -0.0692343 0.524937 0.988142 -0.06923 -0.523324 0.988713 -0.0692269 0.579073 0.989533 -0.0692246 -0.495736 0.988016 -0.0692245 -0.559609 0.989651 -0.0692226 -0.532056 1.01338 -0.0692226 0.556292 1.01338 -0.0692223 0.524249 1.01252 -0.0692202 -0.505028 1.01266 -0.0692195 0.562781 0.989111 -0.0692178 0.583365 0.989637 -0.0692157 0.542521 0.98859 -0.0692137 -0.553909 0.989506 -0.0692118 0.549295 1.01321 -0.0692102 0.58373 0.989654 -0.0692091 -0.502148 1.01254 -0.0692087 0.5644 0.989175 -0.0692084 0.544708 0.988673 -0.0692074 0.531361 1.01268 -0.0692067 -0.559245 0.989647 -0.0692051 -0.549925 0.989421 -0.0691994 -0.527064 1.01322 -0.0691962 -0.632514 1.03886 -0.0691951 -0.515519 0.988552 -0.0691941 -0.498129 0.988071 -0.0691921 -0.535228 0.989058 -0.0691895 0.573064 0.98939 -0.069186 -0.538605 0.989131 -0.0691831 0.517338 0.987943 -0.0691776 0.519941 0.988042 -0.0691768 0.574077 0.989432 -0.0691761 -0.518327 0.988613 -0.0691751 -0.554613 0.98955 -0.0691714 -0.535055 1.01346 -0.0691714 0.559291 1.01346 -0.0691683 0.578369 0.989537 -0.0691674 0.557785 0.989011 -0.0691673 -0.49074 0.987916 -0.0691636 -0.548913 0.989406 -0.0691624 0.529245 1.01262 -0.0691611 0.537524 0.988489 -0.0691607 0.578733 0.989553 -0.0691597 -0.510025 1.01276 -0.0691587 -0.537053 1.01348 -0.0691587 0.561288 1.01348 -0.0691572 -0.554248 0.989546 -0.0691569 0.559403 0.989075 -0.0691545 -0.544929 0.989321 -0.0691543 0.539712 0.988572 -0.0691529 0.511509 1.01211 -0.0691491 -0.507144 1.01264 -0.0691487 0.554291 1.01331 -0.0691468 0.536357 1.01278 -0.0691403 -0.510523 0.988451 -0.0691397 -0.530231 0.988958 -0.0691387 0.568068 0.98929 -0.069137 -0.493133 0.987971 -0.0691362 -0.53206 1.01333 -0.069134 -0.533609 0.989031 -0.0691263 0.569081 0.989332 -0.0691254 0.512342 0.987843 -0.0691251 -0.549617 0.98945 -0.0691216 -0.513331 0.988512 -0.0691204 0.514945 0.987942 -0.0691182 0.573373 0.989437 -0.0691148 0.552789 0.988911 -0.0691129 -0.543917 0.989306 -0.0691109 -0.489907 1.01218 -0.0691108 0.573737 0.989453 -0.0691072 -0.549252 0.989446 -0.0691071 -0.540051 1.01356 -0.0691071 0.564287 1.01356 -0.0691061 0.532528 0.988389 -0.069106 -0.487304 1.01208 -0.0691046 0.554407 0.988974 -0.0691035 -0.539933 0.989221 -0.0691021 0.534241 1.01272 -0.0690996 0.534716 0.988472 -0.0690987 -0.515021 1.01286 -0.069095 0.516505 1.01221 -0.0690943 -0.542049 1.01358 -0.0690943 0.566285 1.01358 -0.0690887 -0.512141 1.01274 -0.0690875 0.563072 0.98919 -0.0690869 -0.525235 0.988858 -0.0690857 0.541353 1.01288 -0.0690851 0.559287 1.01341 -0.0690851 -0.505526 0.988351 -0.0690815 -0.528613 0.988931 -0.0690795 -0.488136 0.987871 -0.0690753 0.564084 0.989232 -0.0690747 -0.544621 0.98935 -0.0690726 -0.537056 1.01343 -0.0690677 0.568377 0.989337 -0.0690667 -0.508335 0.988412 -0.069065 0.514112 1.01215 -0.0690618 0.547792 0.988811 -0.0690618 -0.53892 0.989206 -0.0690604 0.568741 0.989353 -0.0690568 -0.544256 0.989346 -0.0690527 -0.494903 1.01228 -0.0690519 -0.534937 0.989121 -0.0690519 0.549411 0.988875 -0.0690506 0.527532 0.988289 -0.0690482 -0.4923 1.01218 -0.0690445 0.52972 0.988372 -0.0690423 -0.545047 1.01366 -0.0690423 0.569283 1.01366 -0.0690413 0.539237 1.01282 -0.0690373 -0.520017 1.01296 -0.0690366 0.521501 1.01231 -0.0690358 0.558076 0.98909 -0.0690337 -0.530474 0.986326 -0.0690337 -0.510474 0.986326 -0.0690336 -0.520239 0.988758 -0.0690294 -0.547045 1.01368 -0.0690294 0.571281 1.01368 -0.0690294 -0.50053 0.988251 -0.0690286 -0.523617 0.988831 -0.0690278 -0.517137 1.01284 -0.0690241 0.546349 1.01298 -0.0690238 0.559088 0.989132 -0.0690237 -0.539624 0.989251 -0.0690211 0.564283 1.01351 -0.0690167 0.56338 0.989237 -0.0690112 -0.503339 0.988313 -0.0690102 -0.533924 0.989106 -0.0690095 0.563745 0.989254 -0.0690084 -0.542052 1.01352 -0.0690083 0.542796 0.988711 -0.0690069 0.519109 1.01225 -0.0690058 -0.53926 0.989247 -0.0689999 -0.529941 0.989021 -0.0689987 0.544415 0.988775 -0.0689945 0.522536 0.98819 -0.068994 -0.499899 1.01238 -0.06899 -0.497296 1.01228 -0.0689889 0.524723 0.988273 -0.0689836 0.55308 0.98899 -0.06898 0.544233 1.01292 -0.0689799 -0.515243 0.988659 -0.0689777 0.526498 1.01241 -0.0689771 -0.550043 1.01376 -0.0689771 0.574279 1.01376 -0.0689753 -0.525013 1.01306 -0.0689752 -0.518621 0.988731 -0.0689732 -0.495534 0.988152 -0.0689723 -0.534628 0.989151 -0.0689718 0.554092 0.989033 -0.0689664 -0.522133 1.01294 -0.0689653 0.558384 0.989138 -0.0689641 -0.552041 1.01378 -0.0689641 0.576277 1.01378 -0.0689621 0.551346 1.01308 -0.0689581 -0.528928 0.989007 -0.0689581 0.558749 0.989155 -0.0689565 0.56928 1.0136 -0.0689553 -0.498343 0.988213 -0.0689544 -0.534264 0.989147 -0.0689543 0.5378 0.988612 -0.0689483 0.524105 1.01235 -0.0689474 -0.524944 0.988922 -0.068945 0.539419 0.988676 -0.0689438 -0.547048 1.01362 -0.0689397 0.597618 1.01091 -0.0689381 0.51754 0.98809 -0.0689348 -0.504895 1.01248 -0.0689328 0.519727 0.988173 -0.0689312 -0.502292 1.01238 -0.068931 0.548083 0.988891 -0.0689256 -0.510247 0.98856 -0.0689213 -0.513624 0.988632 -0.0689204 -0.529632 0.989052 -0.0689194 0.549096 0.988934 -0.0689184 0.531494 1.01251 -0.0689182 0.54923 1.01302 -0.0689165 -0.490538 0.988053 -0.0689133 0.553388 0.989038 -0.068913 -0.530009 1.01316 -0.0689113 -0.55504 1.01386 -0.0689113 0.579275 1.01386 -0.0689062 0.553753 0.989055 -0.0689055 -0.523932 0.988908 -0.0689045 -0.527129 1.01304 -0.0689025 -0.529268 0.989048 -0.0689023 0.511711 1.01197 -0.0688998 0.532804 0.988513 -0.0688996 0.556342 1.01318 -0.068899 -0.493347 0.988114 -0.0688983 -0.557037 1.01388 -0.0688983 0.581273 1.01388 -0.0688944 -0.519948 0.988823 -0.0688916 0.574276 1.0137 -0.0688908 0.534423 0.988576 -0.0688893 0.529101 1.01245 -0.0688811 0.512544 0.987991 -0.0688788 -0.552045 1.01372 -0.0688779 0.543087 0.988792 -0.0688762 0.514731 0.988074 -0.0688751 -0.509892 1.01258 -0.068872 -0.507288 1.01248 -0.0688709 -0.505251 0.98846 -0.0688681 -0.524636 0.988953 -0.0688669 -0.508628 0.988533 -0.0688668 -0.489705 1.01203 -0.0688664 0.5441 0.988835 -0.068862 -0.487518 1.01195 -0.0688609 0.548392 0.98894 -0.0688586 0.53649 1.01261 -0.068856 0.554226 1.01312 -0.0688538 0.548756 0.988956 -0.0688524 -0.518936 0.988809 -0.0688501 -0.524271 0.988949 -0.0688501 -0.535005 1.01325 -0.0688452 -0.560036 1.01396 -0.0688452 0.584272 1.01396 -0.068845 0.516707 1.01207 -0.0688449 0.527808 0.988414 -0.0688422 -0.532125 1.01314 -0.0688421 -0.48835 0.988015 -0.068841 -0.514952 0.988724 -0.0688367 0.561338 1.01328 -0.0688362 0.529426 0.988478 -0.0688321 -0.562033 1.01398 -0.0688321 0.586269 1.01398 -0.0688297 0.534097 1.01255 -0.0688278 0.513898 1.01201 -0.0688261 0.579272 1.0138 -0.0688243 0.538091 0.988693 -0.0688157 -0.500254 0.988362 -0.0688152 -0.51964 0.988854 -0.0688149 -0.514888 1.01268 -0.0688132 -0.557041 1.01382 -0.068813 0.539104 0.988736 -0.0688123 -0.512285 1.01258 -0.0688121 -0.503632 0.988434 -0.0688092 -0.494701 1.01213 -0.068808 0.543396 0.988841 -0.0688048 -0.492514 1.01205 -0.068801 0.54376 0.988858 -0.0687989 -0.51394 0.98871 -0.0687983 0.541486 1.01271 -0.0687973 -0.519275 0.988851 -0.0687933 0.559222 1.01322 -0.0687895 0.522812 0.988315 -0.0687873 0.521703 1.01217 -0.068787 -0.509956 0.988625 -0.0687868 -0.540002 1.01335 -0.0687811 0.52443 0.988379 -0.0687794 -0.537121 1.01324 -0.0687785 -0.565032 1.01406 -0.0687785 0.589268 1.01406 -0.0687733 0.566334 1.01337 -0.0687704 0.518894 1.01211 -0.0687702 0.533095 0.988595 -0.0687697 0.539093 1.01265 -0.0687653 -0.56703 1.01408 -0.0687653 0.591265 1.01408 -0.0687619 -0.514644 0.988756 -0.0687602 0.584268 1.0139 -0.0687601 -0.495258 0.988263 -0.0687592 0.534107 0.988638 -0.0687568 -0.498636 0.988336 -0.0687546 0.5384 0.988742 -0.0687543 -0.519884 1.01278 -0.0687522 -0.517281 1.01268 -0.0687512 -0.499698 1.01223 -0.0687477 0.538764 0.988759 -0.0687473 -0.562037 1.01392 -0.0687472 -0.49751 1.01215 -0.0687449 -0.508943 0.988612 -0.068744 -0.514279 0.988752 -0.0687376 0.546482 1.0128 -0.0687336 0.517816 0.988217 -0.0687326 -0.50496 0.988527 -0.0687302 0.564218 1.01332 -0.0687291 0.526699 1.01227 -0.0687255 0.519434 0.988281 -0.068723 -0.544998 1.01345 -0.0687162 -0.542118 1.01334 -0.0687156 0.528099 0.988496 -0.0687125 0.523891 1.01221 -0.0687115 -0.570028 1.01415 -0.0687115 0.594264 1.01415 -0.0687094 0.57133 1.01347 -0.0687092 0.544089 1.01275 -0.0687082 -0.509647 0.988658 -0.0687048 0.529111 0.988539 -0.0687039 -0.490262 0.988165 -0.068701 -0.49364 0.988238 -0.0687008 0.533403 0.988644 -0.0686982 -0.572026 1.01417 -0.0686982 0.596262 1.01417 -0.068694 0.533768 0.988661 -0.0686939 0.589264 1.014 -0.0686933 -0.52488 1.01288 -0.0686927 -0.504694 1.01233 -0.0686916 -0.522277 1.01278 -0.0686904 -0.503947 0.988514 -0.0686902 -0.509283 0.988654 -0.0686898 0.511987 1.01186 -0.0686891 -0.502506 1.01225 -0.0686808 -0.567033 1.01402 -0.0686778 -0.499964 0.988429 -0.0686772 0.512819 0.988119 -0.0686764 0.551478 1.0129 -0.0686705 0.531696 1.01237 -0.0686695 0.514438 0.988183 -0.0686666 0.569214 1.01341 -0.0686631 -0.489429 1.01191 -0.0686606 0.523103 0.988398 -0.0686587 -0.549994 1.01355 -0.0686554 -0.487811 1.01184 -0.0686541 0.528887 1.0123 -0.0686539 -0.504651 0.98856 -0.0686525 -0.547114 1.01344 -0.06865 0.524115 0.988441 -0.0686483 0.549086 1.01285 -0.0686465 0.528407 0.988546 -0.068645 0.576326 1.01357 -0.0686447 -0.488644 0.98814 -0.0686397 0.528772 0.988563 -0.0686359 -0.504287 0.988556 -0.0686355 -0.498951 0.988416 -0.0686338 -0.50969 1.01243 -0.0686331 0.516983 1.01196 -0.0686317 -0.529876 1.01297 -0.0686306 -0.507502 1.01234 -0.0686306 0.513605 1.01188 -0.0686305 -0.527273 1.01287 -0.0686271 0.594261 1.0141 -0.0686224 -0.494967 0.988331 -0.0686147 0.556475 1.013 -0.0686139 -0.572029 1.01412 -0.0686114 0.536692 1.01246 -0.0686062 -0.494426 1.012 -0.0686051 0.518106 0.988301 -0.0686025 0.57421 1.01351 -0.0685992 -0.499655 0.988462 -0.0685988 -0.492807 1.01194 -0.0685953 0.533883 1.0124 -0.0685947 0.519119 0.988344 -0.068594 -0.55499 1.01365 -0.0685917 0.523411 0.988449 -0.0685883 -0.55211 1.01353 -0.0685869 0.554082 1.01294 -0.0685851 0.523776 0.988466 -0.0685812 -0.499291 0.988459 -0.0685802 0.581323 1.01367 -0.0685801 -0.493955 0.988318 -0.0685759 0.521979 1.01206 -0.0685744 -0.514686 1.01252 -0.0685738 0.518601 1.01198 -0.0685716 -0.512499 1.01244 -0.0685697 -0.534872 1.01307 -0.068569 -0.532269 1.01297 -0.0685666 -0.489971 0.988233 -0.0685526 0.561471 1.0131 -0.0685526 0.512278 1.01179 -0.0685518 0.541688 1.01256 -0.0685492 0.51311 0.988203 -0.0685488 -0.499422 1.0121 -0.068544 -0.494659 0.988364 -0.0685417 -0.497803 1.01204 -0.068539 0.514123 0.988246 -0.068538 0.579207 1.01361 -0.0685364 0.518415 0.988351 -0.068536 0.538879 1.0125 -0.0685351 -0.489139 1.01182 -0.0685299 0.518779 0.988368 -0.0685289 -0.559986 1.01374 -0.068526 -0.494294 0.988361 -0.0685251 0.559078 1.01304 -0.068525 -0.488126 1.01178 -0.0685242 -0.488959 0.988221 -0.0685237 -0.557106 1.01363 -0.0685183 0.526975 1.01215 -0.0685164 0.523597 1.01208 -0.068515 0.586319 1.01376 -0.0685145 -0.519682 1.01262 -0.0685121 -0.517495 1.01254 -0.0685102 0.51329 1.0118 -0.0685073 -0.539869 1.01317 -0.068507 -0.537265 1.01307 -0.0684962 0.517274 1.01189 -0.0684917 0.546684 1.01266 -0.0684909 -0.504418 1.0122 -0.0684901 0.566467 1.01319 -0.0684884 -0.489663 0.988267 -0.0684841 -0.502799 1.01213 -0.0684807 0.513419 0.988254 -0.0684786 -0.494135 1.01192 -0.0684763 0.543875 1.0126 -0.0684744 0.512586 1.01176 -0.0684743 0.513783 0.988271 -0.0684732 -0.635467 1.03775 -0.068473 0.584203 1.01371 -0.0684703 -0.489298 0.988264 -0.0684687 -0.493122 1.01188 -0.0684667 -0.48883 1.01177 -0.0684633 -0.564982 1.01384 -0.0684628 0.564074 1.01314 -0.0684603 -0.488465 1.01175 -0.0684602 0.531971 1.01225 -0.0684587 0.528594 1.01218 -0.0684586 -0.562102 1.01373 -0.0684563 0.512951 1.01176 -0.0684542 -0.524678 1.01272 -0.0684538 0.518286 1.0119 -0.0684522 -0.522491 1.01264 -0.0684493 0.591315 1.01386 -0.0684446 -0.542262 1.01317 -0.0684444 -0.544865 1.01327 -0.0684393 0.52227 1.01199 -0.0684326 -0.509414 1.0123 -0.0684312 0.55168 1.01276 -0.068427 0.571463 1.01329 -0.0684261 -0.507796 1.01223 -0.0684216 -0.499131 1.01202 -0.0684182 0.517582 1.01185 -0.0684161 0.548872 1.01269 -0.0684119 -0.498118 1.01197 -0.0684105 -0.493826 1.01187 -0.0684076 0.589199 1.0138 -0.0684041 -0.493462 1.01185 -0.0684016 0.536967 1.01235 -0.0684005 0.53359 1.01227 -0.0684001 0.517947 1.01186 -0.0684 0.56907 1.01324 -0.0683972 -0.569979 1.01394 -0.0683969 0.523282 1.012 -0.0683934 -0.529675 1.01282 -0.0683931 -0.567098 1.01382 -0.0683918 -0.527487 1.01273 -0.0683832 0.596311 1.01396 -0.068382 0.527266 1.01208 -0.0683817 -0.547258 1.01326 -0.068381 -0.549861 1.01336 -0.0683738 -0.51441 1.01239 -0.0683703 0.556676 1.01285 -0.0683676 -0.512792 1.01233 -0.0683641 -0.504127 1.01211 -0.0683635 0.576459 1.01339 -0.0683615 0.522578 1.01195 -0.0683554 0.553868 1.01279 -0.0683546 -0.503115 1.01207 -0.0683537 -0.498822 1.01196 -0.0683499 0.597548 0.987048 -0.0683474 -0.498458 1.01195 -0.0683434 0.522943 1.01195 -0.0683426 0.541964 1.01244 -0.0683418 0.538586 1.01237 -0.0683417 0.594195 1.0139 -0.0683395 0.528279 1.01209 -0.0683368 0.574066 1.01333 -0.0683322 -0.534671 1.01291 -0.0683309 -0.532483 1.01283 -0.0683271 -0.572095 1.01392 -0.0683243 0.532262 1.01218 -0.0683184 -0.552254 1.01336 -0.0683172 -0.554857 1.01346 -0.0683146 -0.519406 1.01249 -0.0683089 0.561673 1.01295 -0.0683087 -0.517788 1.01242 -0.0683062 -0.509123 1.01221 -0.0683043 0.527574 1.01205 -0.0682996 0.581455 1.01348 -0.0682969 -0.508111 1.01216 -0.0682965 -0.503819 1.01206 -0.0682943 0.558864 1.01289 -0.0682903 -0.503454 1.01204 -0.0682862 0.527939 1.01205 -0.0682831 0.54696 1.01254 -0.0682827 0.543582 1.01247 -0.0682817 0.533275 1.01219 -0.0682731 0.579063 1.01343 -0.0682705 -0.539667 1.01301 -0.0682696 -0.537479 1.01292 -0.068266 0.537258 1.01227 -0.0682549 -0.524403 1.01258 -0.0682546 -0.55725 1.01346 -0.068253 -0.559853 1.01355 -0.0682493 -0.522784 1.01252 -0.0682479 -0.514119 1.0123 -0.068247 0.566669 1.01304 -0.0682467 0.532571 1.01214 -0.0682388 -0.508815 1.01216 -0.0682388 -0.513107 1.01226 -0.0682353 0.586452 1.01358 -0.0682327 0.56386 1.01298 -0.0682327 -0.50845 1.01214 -0.0682286 0.532935 1.01215 -0.0682272 -0.573382 0.986993 -0.0682234 0.538271 1.01229 -0.0682232 0.551956 1.01263 -0.0682231 0.548578 1.01256 -0.068209 0.584059 1.01352 -0.0682083 -0.544663 1.0131 -0.0682079 -0.542476 1.01302 -0.0682074 0.542255 1.01237 -0.0681947 -0.529399 1.01268 -0.0681904 -0.562246 1.01355 -0.0681895 -0.52778 1.01262 -0.0681891 -0.519116 1.0124 -0.0681887 0.537567 1.01224 -0.0681883 -0.56485 1.01365 -0.0681847 0.571665 1.01314 -0.0681807 -0.513811 1.01225 -0.0681801 -0.518103 1.01236 -0.0681747 -0.513446 1.01223 -0.0681707 0.568856 1.01308 -0.0681705 0.537931 1.01224 -0.0681704 0.591448 1.01368 -0.0681646 0.543267 1.01238 -0.068163 0.553575 1.01266 -0.0681628 0.556952 1.01273 -0.0681482 0.547251 1.01247 -0.0681457 -0.549659 1.0132 -0.0681457 -0.547472 1.01312 -0.0681444 0.589055 1.01362 -0.0681341 -0.534395 1.01278 -0.0681302 0.542563 1.01233 -0.0681298 -0.524112 1.0125 -0.0681292 -0.532776 1.01271 -0.0681257 -0.567242 1.01365 -0.0681231 -0.569846 1.01375 -0.0681222 -0.518807 1.01235 -0.0681219 0.576661 1.01324 -0.0681211 -0.523099 1.01245 -0.0681162 -0.518443 1.01233 -0.068112 0.542928 1.01234 -0.0681117 -0.530474 1.01499 -0.0681117 -0.510474 1.01499 -0.0681082 0.573852 1.01317 -0.0681055 0.548263 1.01248 -0.0681052 0.596444 1.01377 -0.0681026 0.558571 1.01275 -0.068102 0.561948 1.01283 -0.0680887 0.552247 1.01256 -0.0680831 -0.552468 1.01321 -0.0680827 -0.554655 1.01329 -0.0680794 0.594051 1.01371 -0.0680731 -0.539391 1.01287 -0.0680712 0.547559 1.01243 -0.0680701 -0.529108 1.01259 -0.0680684 -0.537773 1.01281 -0.0680631 -0.523803 1.01244 -0.0680616 -0.528095 1.01255 -0.0680606 -0.572239 1.01374 -0.0680588 0.581657 1.01333 -0.0680573 -0.523439 1.01243 -0.0680531 0.547924 1.01243 -0.0680458 0.553259 1.01257 -0.0680453 0.578849 1.01327 -0.0680416 0.563567 1.01285 -0.0680407 0.566944 1.01292 -0.0680286 0.557243 1.01266 -0.0680249 -0.573382 1.01249 -0.068022 0.597618 0.986656 -0.06802 -0.557464 1.01331 -0.0680192 -0.559652 1.01339 -0.0680118 0.552555 1.01252 -0.0680116 -0.544387 1.01297 -0.0680099 -0.534104 1.01269 -0.0680073 -0.542769 1.0129 -0.0680037 -0.528799 1.01254 -0.0680016 -0.533092 1.01264 -0.0679982 0.536644 1.02246 -0.0679982 0.556644 1.02246 -0.0679979 -0.528435 1.01252 -0.0679951 0.586653 1.01343 -0.0679936 0.55292 1.01253 -0.0679858 0.558256 1.01267 -0.067982 0.583845 1.01336 -0.0679802 0.568563 1.01294 -0.067979 0.571941 1.01302 -0.0679682 0.562239 1.01275 -0.0679565 -0.56246 1.0134 -0.0679553 -0.564648 1.01348 -0.067952 0.557552 1.01262 -0.0679497 -0.549383 1.01306 -0.0679493 -0.5391 1.01278 -0.0679456 -0.547765 1.013 -0.0679438 -0.533796 1.01263 -0.0679412 -0.538088 1.01274 -0.067938 -0.533431 1.01261 -0.0679338 0.557916 1.01262 -0.067931 0.59165 1.01352 -0.0679252 0.563252 1.01276 -0.0679184 0.573559 1.01304 -0.0679182 0.588841 1.01346 -0.0679168 0.576937 1.01311 -0.0679073 0.567235 1.01285 -0.0678925 -0.567456 1.0135 -0.0678917 0.562548 1.01271 -0.0678909 -0.569644 1.01358 -0.0678882 -0.544096 1.01287 -0.0678873 -0.55438 1.01315 -0.0678836 -0.552761 1.01309 -0.0678834 -0.538792 1.01273 -0.0678804 -0.543084 1.01283 -0.0678778 -0.538427 1.01271 -0.0678735 0.562912 1.01272 -0.0678665 0.596646 1.01361 -0.0678643 0.568248 1.01286 -0.0678562 0.578555 1.01313 -0.0678542 0.581933 1.0132 -0.067854 0.593837 1.01355 -0.0678459 0.572232 1.01294 -0.0678309 0.567544 1.01281 -0.0678281 -0.572453 1.01359 -0.0678267 -0.549093 1.01297 -0.0678245 -0.559376 1.01325 -0.0678226 -0.543788 1.01282 -0.0678211 -0.557757 1.01318 -0.0678191 -0.54808 1.01293 -0.0678171 -0.543423 1.0128 -0.0678127 0.567908 1.01281 -0.0678029 0.573244 1.01295 -0.0677935 0.583552 1.01323 -0.0677912 0.586929 1.0133 -0.0677841 0.577228 1.01303 -0.0677698 0.57254 1.0129 -0.0677648 -0.554089 1.01306 -0.0677614 -0.548784 1.01291 -0.0677612 -0.564372 1.01334 -0.0677581 -0.562753 1.01328 -0.0677574 -0.553076 1.01302 -0.0677559 -0.54842 1.0129 -0.0677516 0.572905 1.0129 -0.067741 0.57824 1.01304 -0.0677303 0.588548 1.01332 -0.0677277 0.591925 1.01339 -0.0677219 0.582224 1.01313 -0.0677081 0.577536 1.01299 -0.0677024 -0.559085 1.01316 -0.0676997 -0.55378 1.01301 -0.0676976 -0.569368 1.01344 -0.0676952 -0.558072 1.01311 -0.0676948 -0.56775 1.01337 -0.0676943 -0.553416 1.01299 -0.0676899 0.577901 1.013 -0.0676787 0.583236 1.01314 -0.0676668 0.593544 1.01341 -0.0676638 0.596922 1.01348 -0.0676629 -0.530474 0.977252 -0.0676629 -0.510474 0.977252 -0.0676592 0.58722 1.01322 -0.0676461 0.582532 1.01309 -0.0676396 -0.564081 1.01325 -0.0676376 -0.558776 1.0131 -0.0676326 -0.563069 1.01321 -0.0676323 -0.558412 1.01308 -0.067631 -0.572746 1.01346 -0.0676279 0.582897 1.01309 -0.067616 0.588233 1.01323 -0.0676135 -0.454766 0.901921 -0.0676135 -0.454766 1.09808 -0.0676135 0.479002 0.901921 -0.0676135 0.479002 1.09808 -0.0675961 0.592216 1.01331 -0.0675836 0.587529 1.01318 -0.0675764 -0.569077 1.01334 -0.0675751 -0.563773 1.01319 -0.0675698 -0.563408 1.01318 -0.0675696 -0.568065 1.0133 -0.0675654 0.587893 1.01318 -0.0675529 0.593229 1.01332 -0.0675207 0.592525 1.01327 -0.0675121 -0.568769 1.01329 -0.067507 -0.568404 1.01327 -0.0675061 -0.573061 1.01339 -0.0675025 0.592889 1.01327 -0.067482 0.597145 1.01352 -0.0674772 0.597618 1.01331 -0.0674651 -0.638127 1.03621 -0.0674453 -0.573382 1.01336 -0.0674043 -0.626872 1.02297 -0.0674043 -0.530474 1.02297 -0.0674043 -0.513997 1.02297 -0.0673662 -0.627432 1.02291 -0.0673608 0.597306 1.01359 -0.067286 -0.627842 1.02279 -0.0672556 0.536644 0.98393 -0.0672556 0.536644 1.01607 -0.0672556 0.556644 0.98393 -0.0672556 0.556644 1.01607 -0.0671986 -0.427161 0.806135 -0.0671986 -0.427161 1.19387 -0.0671739 -0.647265 1.02262 -0.0671372 -0.573382 1.01379 -0.0671348 -0.573382 0.98532 -0.0671259 -0.573069 0.983777 -0.0671259 0.597305 0.983777 -0.0671112 -0.571071 0.98376 -0.0671112 0.595307 0.98376 -0.0670674 -0.627259 1.02245 -0.0670491 -0.568073 0.983687 -0.0670491 0.592309 0.983687 -0.067048 -0.573072 0.983843 -0.0670343 -0.566075 0.98367 -0.0670343 0.590311 0.98367 -0.0670335 0.595304 0.983826 -0.0669719 -0.563076 0.983598 -0.0669719 0.587312 0.983598 -0.0669715 -0.568076 0.983754 -0.0669571 -0.561079 0.983581 -0.0669571 0.585315 0.983581 -0.0669569 0.590307 0.983737 -0.066956 -0.627399 1.02228 -0.0668946 -0.56308 0.983665 -0.0668942 -0.55808 0.983509 -0.0668942 0.582316 0.983509 -0.06688 0.585311 0.983648 -0.0668794 -0.556082 0.983492 -0.0668794 0.580318 0.983492 -0.0668359 0.597354 0.984025 -0.0668204 -0.571022 0.984007 -0.0668173 -0.558084 0.983577 -0.0668163 -0.553084 0.983421 -0.0668163 0.57732 0.983421 -0.0668026 0.580315 0.98356 -0.0668014 -0.551086 0.983404 -0.0668014 0.575322 0.983404 -0.0667848 -0.573138 0.98407 -0.0667686 0.595238 0.984051 -0.0667603 0.592358 0.983937 -0.0667447 -0.566025 0.983919 -0.0667396 -0.553087 0.983489 -0.0667379 -0.548088 0.983333 -0.0667379 0.572324 0.983333 -0.0667249 0.575319 0.983472 -0.066723 -0.54609 0.983316 -0.066723 0.570326 0.983316 -0.0667093 -0.568142 0.983982 -0.0667031 -0.627302 1.02272 -0.0666941 0.45351 0.811256 -0.0666941 0.45351 1.18874 -0.0666931 0.590242 0.983963 -0.0666842 0.587362 0.983849 -0.0666686 -0.561029 0.983831 -0.0666616 -0.548091 0.983401 -0.0666592 -0.543091 0.983245 -0.0666592 0.567327 0.983245 -0.0666468 0.570322 0.983384 -0.0666442 -0.541093 0.983229 -0.0666442 0.565329 0.983229 -0.0666335 -0.563145 0.983894 -0.0666172 0.585246 0.983875 -0.0666078 0.582366 0.983762 -0.0665969 0.597618 0.98459 -0.0665921 -0.556033 0.983744 -0.0665917 -0.627442 1.02255 -0.0665834 0.597487 0.984246 -0.0665831 -0.543095 0.983314 -0.06658 -0.538095 0.983158 -0.06658 0.562331 0.983158 -0.0665684 0.565326 0.983297 -0.0665651 -0.536097 0.983142 -0.0665651 0.560333 0.983142 -0.0665634 -0.570889 0.984222 -0.0665573 -0.558149 0.983807 -0.0665497 -0.573382 1.01457 -0.066541 0.580249 0.983788 -0.066531 0.577369 0.983675 -0.06653 -0.573292 0.984292 -0.0665221 0.595094 0.984256 -0.0665153 -0.551037 0.983657 -0.0665134 -0.639921 1.03475 -0.0665088 0.592491 0.984158 -0.0665044 -0.538099 0.983227 -0.0665006 -0.533099 0.983071 -0.0665006 0.557335 0.983071 -0.0664895 0.56033 0.983211 -0.0664887 -0.565893 0.984135 -0.0664855 -0.531101 0.983055 -0.0664855 0.555337 0.983055 -0.0664807 -0.553153 0.98372 -0.0664805 -0.513997 1.02371 -0.0664805 -0.510474 1.02371 -0.0664687 -0.568286 0.984194 -0.0664643 0.575253 0.983701 -0.0664539 0.572373 0.983588 -0.0664475 0.590098 0.984169 -0.0664381 -0.54604 0.98357 -0.0664338 0.587495 0.984072 -0.0664333 -0.573382 0.984379 -0.0664252 -0.533102 0.98314 -0.0664207 -0.528102 0.982985 -0.0664207 0.552338 0.982985 -0.0664136 -0.560896 0.984049 -0.0664103 0.555333 0.983124 -0.0664056 -0.526105 0.982969 -0.0664056 0.550341 0.982969 -0.0664038 -0.548156 0.983633 -0.0663939 -0.563289 0.984107 -0.0663873 0.570257 0.983615 -0.0663763 0.567377 0.983502 -0.0663726 0.585102 0.984083 -0.0663605 -0.541044 0.983484 -0.0663584 0.582498 0.983985 -0.0663457 -0.528106 0.983054 -0.0663423 -0.570687 0.984403 -0.0663414 -0.530474 0.9829 -0.0663414 -0.510474 0.9829 -0.0663405 -0.523106 0.982899 -0.0663405 0.547342 0.982899 -0.0663382 -0.5559 0.983962 -0.0663308 0.550337 0.983038 -0.0663264 -0.54316 0.983547 -0.0663254 -0.521108 0.982883 -0.0663254 0.545344 0.982883 -0.0663187 -0.558293 0.984021 -0.06631 0.565261 0.983529 -0.0663067 0.59488 0.984432 -0.0662984 0.56238 0.983416 -0.0662974 0.580105 0.983997 -0.0662961 0.592693 0.984349 -0.0662827 0.577502 0.983899 -0.0662825 -0.536048 0.983398 -0.0662685 -0.565691 0.984317 -0.0662658 -0.52311 0.982969 -0.0662623 -0.550904 0.983877 -0.0662623 -0.5685 0.98438 -0.0662599 -0.51811 0.982813 -0.0662599 0.542346 0.982813 -0.0662509 0.545341 0.982953 -0.0662487 -0.538164 0.983462 -0.0662448 -0.516112 0.982797 -0.0662448 0.540348 0.982797 -0.0662432 -0.553297 0.983936 -0.066233 0.589884 0.984346 -0.0662322 0.560264 0.983444 -0.066222 0.587696 0.984264 -0.0662217 0.575109 0.983911 -0.0662202 0.557384 0.98333 -0.0662066 0.572506 0.983814 -0.0662042 -0.531051 0.983313 -0.0661943 -0.560695 0.984232 -0.0661883 -0.563503 0.984295 -0.0661862 -0.545907 0.983791 -0.0661855 -0.518113 0.982884 -0.066179 -0.513113 0.982728 -0.066179 0.537349 0.982728 -0.0661707 -0.533168 0.983377 -0.0661706 0.540344 0.982868 -0.0661672 -0.5483 0.98385 -0.0661638 -0.511116 0.982712 -0.0661638 0.535352 0.982712 -0.066159 0.584888 0.984261 -0.0661542 -0.570411 0.984553 -0.0661541 0.555268 0.983359 -0.0661476 0.5827 0.984178 -0.0661457 0.570113 0.983826 -0.0661415 0.552388 0.983245 -0.0661301 0.56751 0.983729 -0.0661268 0.536644 0.976017 -0.0661268 0.556644 0.976017 -0.0661255 -0.526055 0.983228 -0.0661236 0.594587 0.984577 -0.0661197 -0.555698 0.984147 -0.0661194 0.592969 0.984512 -0.066114 -0.558507 0.984209 -0.0661096 -0.540911 0.983706 -0.0661049 -0.513117 0.982799 -0.0660977 -0.508117 0.982644 -0.0660977 0.532353 0.982644 -0.0660923 -0.528171 0.983292 -0.0660914 -0.568793 0.984539 -0.0660909 -0.543304 0.983765 -0.06609 0.535348 0.982783 -0.0660845 0.579891 0.984176 -0.0660825 -0.506119 0.982628 -0.0660825 0.530355 0.982628 -0.0660811 -0.565415 0.984468 -0.0660757 0.550272 0.983274 -0.0660728 0.577704 0.984093 -0.0660693 0.565117 0.983742 -0.0660625 0.547391 0.983161 -0.0660533 0.562513 0.983644 -0.0660506 0.589591 0.984492 -0.0660465 -0.521059 0.983144 -0.0660461 0.587972 0.984428 -0.0660448 -0.550702 0.984062 -0.0660394 -0.553511 0.984125 -0.0660327 -0.535915 0.983622 -0.066032 -0.57012 0.984646 -0.066024 -0.508121 0.982715 -0.0660182 -0.563796 0.984454 -0.0660161 -0.503121 0.982559 -0.0660161 0.527357 0.982559 -0.0660143 -0.538308 0.983681 -0.0660135 -0.523175 0.983207 -0.0660097 0.574895 0.984091 -0.0660092 0.593259 0.984619 -0.066009 0.530352 0.982699 -0.0660076 -0.560419 0.984383 -0.0660072 0.594272 0.984663 -0.0660009 -0.501123 0.982544 -0.0660009 0.525359 0.982544 -0.0659976 0.572708 0.984009 -0.0659969 0.545275 0.98319 -0.0659926 0.56012 0.983657 -0.065988 -0.569108 0.984641 -0.0659832 0.542395 0.983076 -0.0659773 0.584594 0.984407 -0.0659761 0.557517 0.98356 -0.0659724 0.582976 0.984343 -0.0659695 -0.545706 0.983977 -0.0659672 -0.516062 0.98306 -0.0659643 -0.548514 0.98404 -0.0659613 -0.569812 0.984693 -0.0659593 -0.565124 0.984561 -0.0659555 -0.530919 0.983537 -0.0659514 0.593568 0.984682 -0.0659482 0.593932 0.9847 -0.0659446 -0.5588 0.98437 -0.065943 -0.569447 0.984694 -0.0659427 -0.503124 0.982631 -0.0659373 -0.533312 0.983597 -0.0659364 0.588263 0.984535 -0.0659346 0.589276 0.984579 -0.0659346 0.569899 0.984007 -0.0659344 -0.518179 0.983123 -0.0659341 -0.498124 0.982476 -0.0659341 0.52236 0.982476 -0.0659338 -0.555422 0.984299 -0.0659277 0.525355 0.982615 -0.065922 0.567711 0.983925 -0.0659189 -0.496127 0.98246 -0.0659189 0.520362 0.98246 -0.0659177 0.540279 0.983106 -0.0659155 0.555124 0.983573 -0.0659153 -0.564112 0.984557 -0.0659151 0.597618 1.01533 -0.0659035 0.537399 0.982993 -0.0659035 0.579598 0.984323 -0.0658985 0.552521 0.983476 -0.0658984 0.57798 0.984259 -0.0658938 -0.540709 0.983894 -0.0658889 -0.543518 0.983956 -0.0658889 -0.564816 0.984609 -0.0658874 -0.511066 0.982976 -0.0658862 -0.560128 0.984477 -0.0658789 0.588572 0.984598 -0.0658779 -0.525922 0.983454 -0.0658758 0.588936 0.984616 -0.0658707 -0.553804 0.984286 -0.0658706 -0.564451 0.98461 -0.0658633 0.583267 0.984451 -0.0658616 0.584279 0.984495 -0.0658611 -0.498128 0.982547 -0.0658599 -0.528315 0.983513 -0.0658595 -0.550426 0.984215 -0.065859 0.564902 0.983923 -0.0658549 -0.513182 0.98304 -0.0658518 -0.493128 0.982392 -0.0658518 0.517364 0.982392 -0.0658461 0.562715 0.983841 -0.065846 0.520359 0.982532 -0.0658422 -0.559115 0.984473 -0.0658382 0.535283 0.983022 -0.0658381 0.550128 0.98349 -0.0658365 -0.49113 0.982377 -0.0658365 0.515366 0.982377 -0.0658294 0.574602 0.984239 -0.065824 0.572983 0.984175 -0.0658235 0.532402 0.982909 -0.0658206 0.547524 0.983392 -0.0658178 -0.535713 0.98381 -0.0658161 -0.559819 0.984525 -0.0658159 -0.486883 1.01764 -0.0658159 0.511119 1.01764 -0.0658132 -0.538522 0.983873 -0.0658128 -0.555132 0.984393 -0.0658074 -0.50607 0.982893 -0.065806 0.583575 0.984514 -0.065803 0.58394 0.984532 -0.0657999 -0.520926 0.98337 -0.0657977 -0.559455 0.984526 -0.0657964 -0.548808 0.984202 -0.0657897 0.578271 0.984367 -0.0657883 0.579283 0.984411 -0.065785 -0.54543 0.984132 -0.0657832 0.559906 0.98384 -0.0657822 -0.571881 1.01768 -0.0657822 -0.569883 1.01768 -0.0657822 -0.566881 1.01768 -0.0657822 -0.564883 1.01768 -0.0657822 -0.561881 1.01768 -0.0657822 -0.559883 1.01768 -0.0657822 -0.556881 1.01768 -0.0657822 -0.554883 1.01768 -0.0657822 -0.551881 1.01768 -0.0657822 -0.549883 1.01768 -0.0657822 -0.546881 1.01768 -0.0657822 -0.544883 1.01768 -0.0657822 -0.541881 1.01768 -0.0657822 -0.539883 1.01768 -0.0657822 -0.536881 1.01768 -0.0657822 -0.534883 1.01768 -0.0657822 -0.531881 1.01768 -0.0657822 -0.529883 1.01768 -0.0657822 -0.526881 1.01768 -0.0657822 -0.524883 1.01768 -0.0657822 -0.521881 1.01768 -0.0657822 -0.519883 1.01768 -0.0657822 -0.516881 1.01768 -0.0657822 -0.514883 1.01768 -0.0657822 -0.511881 1.01768 -0.0657822 -0.509883 1.01768 -0.0657822 -0.506881 1.01768 -0.0657822 -0.504883 1.01768 -0.0657822 -0.501881 1.01768 -0.0657822 -0.499883 1.01768 -0.0657822 -0.496881 1.01768 -0.0657822 -0.494883 1.01768 -0.0657822 -0.488382 1.01768 -0.0657822 0.512618 1.01768 -0.0657822 0.519119 1.01768 -0.0657822 0.521117 1.01768 -0.0657822 0.524119 1.01768 -0.0657822 0.526117 1.01768 -0.0657822 0.529119 1.01768 -0.0657822 0.531117 1.01768 -0.0657822 0.534119 1.01768 -0.0657822 0.536117 1.01768 -0.0657822 0.539119 1.01768 -0.0657822 0.541117 1.01768 -0.0657822 0.544119 1.01768 -0.0657822 0.546117 1.01768 -0.0657822 0.549119 1.01768 -0.0657822 0.551117 1.01768 -0.0657822 0.554119 1.01768 -0.0657822 0.556117 1.01768 -0.0657822 0.559119 1.01768 -0.0657822 0.561117 1.01768 -0.0657822 0.564119 1.01768 -0.0657822 0.566117 1.01768 -0.0657822 0.569119 1.01768 -0.0657822 0.571117 1.01768 -0.0657822 0.574119 1.01768 -0.0657822 0.576117 1.01768 -0.0657822 0.579119 1.01768 -0.0657822 0.581117 1.01768 -0.0657822 0.584119 1.01768 -0.0657822 0.586117 1.01768 -0.0657822 0.589119 1.01768 -0.0657822 0.591117 1.01768 -0.0657822 0.594119 1.01768 -0.0657822 0.596117 1.01768 -0.0657822 -0.523319 0.98343 -0.0657822 -0.498131 0.982322 -0.0657822 -0.496133 0.982322 -0.0657822 -0.493131 0.982322 -0.0657822 -0.473382 0.982322 -0.0657822 -0.473382 1.01768 -0.0657822 0.497618 0.982322 -0.0657822 0.497618 1.01768 -0.0657822 0.517367 0.982322 -0.0657822 0.520369 0.982322 -0.0657822 0.522367 0.982322 -0.0657822 -0.573131 0.982322 -0.0657822 -0.571133 0.982322 -0.0657822 -0.568131 0.982322 -0.0657822 -0.566133 0.982322 -0.0657822 -0.563131 0.982322 -0.0657822 -0.561133 0.982322 -0.0657822 -0.558131 0.982322 -0.0657822 -0.556133 0.982322 -0.0657822 -0.553131 0.982322 -0.0657822 -0.551133 0.982322 -0.0657822 -0.548131 0.982322 -0.0657822 -0.546133 0.982322 -0.0657822 -0.543131 0.982322 -0.0657822 -0.541133 0.982322 -0.0657822 -0.538131 0.982322 -0.0657822 -0.536133 0.982322 -0.0657822 -0.533131 0.982322 -0.0657822 -0.531133 0.982322 -0.0657822 -0.528131 0.982322 -0.0657822 -0.526133 0.982322 -0.0657822 -0.523131 0.982322 -0.0657822 -0.521133 0.982322 -0.0657822 -0.518131 0.982322 -0.0657822 -0.516133 0.982322 -0.0657822 -0.513131 0.982322 -0.0657822 -0.511133 0.982322 -0.0657822 -0.508131 0.982322 -0.0657822 -0.506133 0.982322 -0.0657822 -0.503131 0.982322 -0.0657822 -0.501133 0.982322 -0.0657822 0.525369 0.982322 -0.0657822 0.527367 0.982322 -0.0657822 0.530369 0.982322 -0.0657822 0.532367 0.982322 -0.0657822 0.535369 0.982322 -0.0657822 0.537367 0.982322 -0.0657822 0.540369 0.982322 -0.0657822 0.542367 0.982322 -0.0657822 0.545369 0.982322 -0.0657822 0.547367 0.982322 -0.0657822 0.550369 0.982322 -0.0657822 0.552367 0.982322 -0.0657822 0.555369 0.982322 -0.0657822 0.557367 0.982322 -0.0657822 0.560369 0.982322 -0.0657822 0.562367 0.982322 -0.0657822 0.565369 0.982322 -0.0657822 0.567367 0.982322 -0.0657822 0.570369 0.982322 -0.0657822 0.572367 0.982322 -0.0657822 0.575369 0.982322 -0.0657822 0.577367 0.982322 -0.0657822 0.580369 0.982322 -0.0657822 0.582367 0.982322 -0.0657822 0.585369 0.982322 -0.0657822 0.587367 0.982322 -0.0657822 0.590369 0.982322 -0.0657822 0.592367 0.982322 -0.0657822 0.595369 0.982322 -0.0657822 0.597367 0.982322 -0.0657791 -0.493132 0.982464 -0.0657751 -0.508186 0.982957 -0.0657699 0.557719 0.983758 -0.0657691 -0.488132 0.982309 -0.0657691 0.512368 0.982309 -0.0657688 -0.554119 0.984389 -0.065764 0.515363 0.982449 -0.0657603 0.545131 0.983406 -0.0657583 0.530286 0.982939 -0.065755 0.569606 0.984156 -0.0657492 0.567987 0.984092 -0.0657484 -0.489881 1.01771 -0.0657484 0.514117 1.01771 -0.0657434 -0.486886 1.01757 -0.0657431 0.527406 0.982826 -0.0657429 -0.554823 0.984442 -0.0657424 0.542528 0.983309 -0.0657415 -0.530717 0.983727 -0.0657391 -0.550135 0.98431 -0.065737 -0.533526 0.98379 -0.0657331 -0.491879 1.01773 -0.0657331 0.516115 1.01773 -0.0657328 0.578579 0.984431 -0.0657298 0.578944 0.984449 -0.0657269 -0.501073 0.98281 -0.0657246 -0.554459 0.984443 -0.0657218 -0.543811 0.984119 -0.0657216 -0.51593 0.983287 -0.0657158 0.573274 0.984284 -0.0657146 0.574287 0.984328 -0.06571 -0.540434 0.984049 -0.065707 0.55491 0.983757 -0.0657041 -0.518323 0.983347 -0.0656967 -0.488135 0.982382 -0.065695 -0.549123 0.984306 -0.065695 -0.50319 0.982874 -0.0656932 0.552722 0.983675 -0.0656821 0.540135 0.983324 -0.0656801 0.564609 0.984073 -0.0656782 0.52529 0.982857 -0.0656761 0.514114 1.01764 -0.0656741 0.562991 0.984009 -0.0656693 -0.549827 0.984359 -0.0656653 -0.494877 1.01779 -0.0656653 0.519113 1.01779 -0.0656649 -0.545139 0.984227 -0.0656647 -0.52572 0.983644 -0.0656638 0.537532 0.983227 -0.0656624 0.52241 0.982744 -0.065661 -0.491883 1.01765 -0.0656606 -0.528529 0.983707 -0.0656593 -0.628007 1.02398 -0.0656592 0.573583 0.984348 -0.0656563 0.573947 0.984366 -0.065651 -0.549462 0.98436 -0.0656498 -0.496875 1.01781 -0.0656498 0.521111 1.01781 -0.0656468 -0.538815 0.984036 -0.0656462 -0.496077 0.982727 -0.065643 -0.510933 0.983205 -0.0656416 0.568278 0.984201 -0.0656406 0.569291 0.984245 -0.0656348 -0.535437 0.983966 -0.0656304 0.549914 0.983674 -0.0656257 -0.513326 0.983264 -0.0656208 -0.544127 0.984223 -0.0656163 0.547726 0.983592 -0.0656144 -0.498193 0.982792 -0.065605 0.559613 0.983991 -0.0656037 0.535139 0.983241 -0.0655987 0.557995 0.983926 -0.0655976 0.520294 0.982774 -0.0655954 -0.544831 0.984276 -0.0655933 0.51911 1.01772 -0.0655904 -0.540143 0.984145 -0.0655877 -0.520724 0.983562 -0.0655852 0.568586 0.984265 -0.0655849 0.532535 0.983144 -0.0655838 -0.523533 0.983624 -0.0655824 0.568951 0.984283 -0.0655817 -0.499874 1.01788 -0.0655817 0.52411 1.01788 -0.0655813 0.517413 0.982662 -0.0655781 -0.496879 1.01774 -0.0655771 -0.544466 0.984277 -0.0655715 -0.533819 0.983954 -0.065567 0.563282 0.984119 -0.0655662 0.564294 0.984163 -0.0655661 -0.501872 1.01789 -0.0655661 0.526108 1.01789 -0.0655651 -0.491081 0.982645 -0.065564 -0.505937 0.983123 -0.0655591 -0.530441 0.983884 -0.0655535 0.544917 0.983592 -0.0655469 -0.50833 0.983182 -0.0655463 -0.53913 0.984141 -0.0655448 0.511168 1.01737 -0.065539 0.54273 0.98351 -0.0655336 -0.493197 0.98271 -0.0655295 0.554617 0.983908 -0.0655248 0.530142 0.983159 -0.0655228 0.552998 0.983844 -0.0655212 -0.539834 0.984194 -0.0655168 0.515297 0.982693 -0.0655156 -0.535146 0.984062 -0.0655109 0.56359 0.984183 -0.0655103 -0.515728 0.98348 -0.0655101 0.524106 1.0178 -0.0655082 0.563955 0.984201 -0.0655066 -0.518537 0.983542 -0.0655056 0.527539 0.983063 -0.0655051 -0.626872 1.02444 -0.0655029 -0.53947 0.984195 -0.0654999 0.512417 0.98258 -0.0654977 -0.50487 1.01796 -0.0654977 0.529106 1.01796 -0.0654965 -0.486952 1.01733 -0.0654958 -0.528822 0.983872 -0.0654947 -0.501875 1.01782 -0.065492 0.558285 0.984037 -0.0654915 0.559298 0.984081 -0.0654846 -0.500941 0.983041 -0.0654832 -0.525445 0.983802 -0.065482 -0.506868 1.01797 -0.065482 0.531104 1.01797 -0.0654795 -0.489832 1.01744 -0.0654762 0.539921 0.98351 -0.0654715 -0.534134 0.984059 -0.0654678 -0.503334 0.983101 -0.0654637 -0.627479 1.02437 -0.0654632 0.516164 1.01746 -0.0654613 0.537733 0.983428 -0.0654536 0.54962 0.983827 -0.0654524 -0.488201 0.982628 -0.0654467 0.548002 0.983763 -0.0654466 -0.534838 0.984112 -0.0654457 0.525146 0.983078 -0.0654404 -0.53015 0.983981 -0.0654363 0.558594 0.984101 -0.0654337 0.558958 0.984119 -0.0654325 -0.510732 0.983398 -0.0654321 0.514048 1.01739 -0.0654291 -0.51354 0.983461 -0.0654283 -0.534473 0.984113 -0.0654264 0.529103 1.01788 -0.065426 0.522543 0.982981 -0.0654197 -0.523826 0.98379 -0.0654167 0.553289 0.983955 -0.0654164 0.554302 0.983999 -0.0654152 -0.491948 1.01741 -0.0654133 -0.509866 1.01804 -0.0654133 0.534102 1.01804 -0.0654109 -0.506872 1.0179 -0.0654068 -0.520448 0.98372 -0.065405 -0.495944 0.98296 -0.0653986 0.534925 0.983429 -0.0653977 -0.494828 1.01752 -0.0653974 -0.511864 1.01805 -0.0653974 0.5361 1.01805 -0.0653963 -0.529138 0.983978 -0.0653884 -0.498337 0.983019 -0.0653833 0.532737 0.983347 -0.0653812 0.521161 1.01754 -0.0653774 0.544624 0.983745 -0.0653717 -0.529842 0.984031 -0.0653702 0.543006 0.983681 -0.0653662 0.52015 0.982997 -0.0653649 -0.525154 0.983899 -0.0653613 0.553598 0.98402 -0.0653588 0.553962 0.984038 -0.0653544 -0.505735 0.983317 -0.0653534 -0.529477 0.984032 -0.0653513 -0.508544 0.98338 -0.0653505 0.519045 1.01747 -0.065346 0.517546 0.9829 -0.0653434 -0.51883 0.983709 -0.0653423 0.534099 1.01797 -0.0653411 0.548293 0.983874 -0.0653409 0.549305 0.983918 -0.0653334 -0.496944 1.01749 -0.0653302 -0.515452 0.983639 -0.0653284 -0.514863 1.01812 -0.0653284 0.539099 1.01812 -0.0653267 -0.511868 1.01798 -0.065325 -0.490948 0.982879 -0.0653208 -0.524141 0.983897 -0.0653206 0.529928 0.983348 -0.0653154 -0.499824 1.0176 -0.0653125 -0.516861 1.01814 -0.0653125 0.541097 1.01814 -0.0653086 -0.493341 0.982939 -0.065305 0.527741 0.983266 -0.0653049 0.511301 1.01714 -0.0653009 0.539628 0.983664 -0.0652988 0.526157 1.01762 -0.0652964 -0.524845 0.98395 -0.0652933 0.538009 0.9836 -0.0652891 -0.520157 0.983818 -0.0652864 0.515153 0.982916 -0.0652859 0.548601 0.983939 -0.0652835 0.548966 0.983957 -0.0652781 -0.524481 0.983951 -0.065276 -0.500739 0.983236 -0.0652731 -0.503548 0.983299 -0.0652684 0.524041 1.01755 -0.0652667 -0.513834 0.983628 -0.0652664 -0.487096 1.0171 -0.0652658 0.51255 0.98282 -0.0652652 0.544309 0.983837 -0.0652651 0.543296 0.983793 -0.0652578 0.539095 1.01805 -0.0652532 -0.510456 0.983558 -0.0652512 -0.501941 1.01757 -0.0652456 -0.489699 1.0172 -0.0652449 -0.519145 0.983816 -0.0652431 -0.519859 1.0182 -0.0652431 0.544095 1.0182 -0.0652424 0.524932 0.983267 -0.0652421 -0.516864 1.01806 -0.0652326 -0.504821 1.01768 -0.0652285 -0.488345 0.982858 -0.065227 -0.521857 1.01822 -0.065227 0.546093 1.01822 -0.0652264 0.522744 0.983186 -0.0652245 0.516297 1.01722 -0.065224 0.534631 0.983584 -0.0652208 -0.519849 0.983869 -0.0652161 0.533013 0.98352 -0.065216 0.531153 1.0177 -0.0652129 -0.515161 0.983738 -0.0652103 0.543605 0.983858 -0.0652084 0.513904 1.01716 -0.0652079 0.54397 0.983876 -0.0652047 -0.530474 1.01824 -0.0652047 -0.510474 1.01824 -0.0652025 -0.519484 0.983871 -0.0651973 -0.495742 0.983156 -0.0651946 -0.498551 0.983219 -0.0651896 -0.508837 0.983548 -0.065189 0.539313 0.983757 -0.0651888 0.5383 0.983713 -0.0651861 -0.492092 1.01718 -0.0651859 0.529037 1.01763 -0.0651758 -0.505459 0.983478 -0.0651729 0.544092 1.01813 -0.0651687 -0.514149 0.983736 -0.0651686 -0.506937 1.01765 -0.0651649 -0.494695 1.01728 -0.0651638 0.519936 0.983187 -0.0651574 -0.524855 1.01828 -0.0651574 0.549091 1.01828 -0.065157 -0.52186 1.01814 -0.0651495 -0.509817 1.01776 -0.0651474 0.517748 0.983106 -0.0651468 0.529635 0.983504 -0.0651448 -0.514853 0.983789 -0.0651436 0.521294 1.0173 -0.0651412 -0.526853 1.0183 -0.0651412 0.551089 1.0183 -0.0651386 0.528017 0.98344 -0.0651363 -0.510165 0.983658 -0.0651343 0.538609 0.983778 -0.0651327 0.53615 1.01778 -0.065132 0.538973 0.983796 -0.0651279 0.518901 1.01724 -0.0651265 -0.514488 0.983791 -0.0651182 -0.490746 0.983076 -0.0651158 -0.493555 0.983139 -0.0651126 0.534316 0.983677 -0.0651122 -0.503841 0.983468 -0.0651121 0.533304 0.983633 -0.0651054 -0.497088 1.01726 -0.065103 0.534034 1.01771 -0.0650984 0.511503 1.01694 -0.0650982 -0.500463 0.983398 -0.0650921 -0.509152 0.983656 -0.0650875 0.549088 1.01821 -0.0650855 -0.511933 1.01773 -0.0650848 0.514939 0.983108 -0.0650837 -0.499691 1.01736 -0.0650715 -0.526857 1.01822 -0.0650712 -0.529852 1.01836 -0.0650712 0.554088 1.01836 -0.0650692 0.524639 0.983424 -0.0650685 -0.509856 0.983709 -0.0650681 0.512752 0.983026 -0.0650659 -0.514813 1.01784 -0.0650651 -0.48731 1.01691 -0.0650623 0.52629 1.01738 -0.0650608 0.52302 0.98336 -0.0650595 -0.505168 0.983578 -0.0650579 0.533612 0.983698 -0.0650557 0.533977 0.983717 -0.065055 -0.53185 1.01838 -0.065055 0.556086 1.01838 -0.0650503 -0.509492 0.983711 -0.065049 0.541146 1.01786 -0.0650482 -0.489497 1.01699 -0.0650469 0.523897 1.01732 -0.0650366 -0.488559 0.983059 -0.0650358 0.52932 0.983597 -0.0650352 0.528307 0.983553 -0.0650345 -0.498845 0.983388 -0.0650242 -0.502085 1.01734 -0.0650202 -0.495467 0.983319 -0.0650197 0.53903 1.01779 -0.0650188 0.516499 1.01702 -0.0650168 0.51369 1.01696 -0.0650153 -0.504156 0.983576 -0.0650022 -0.504688 1.01744 -0.0650021 -0.51693 1.01781 -0.0650017 0.554084 1.01829 -0.0649919 -0.50486 0.98363 -0.0649914 0.519642 0.983345 -0.0649857 -0.492306 1.01699 -0.0649856 -0.531853 1.0183 -0.0649847 -0.534848 1.01844 -0.0649847 0.559084 1.01844 -0.0649826 0.518024 0.983281 -0.0649823 -0.500172 0.983499 -0.064982 -0.51981 1.01792 -0.0649812 0.528616 0.983619 -0.0649805 0.531286 1.01746 -0.0649792 0.52898 0.983637 -0.0649736 -0.504495 0.983631 -0.0649684 -0.494493 1.01707 -0.0649683 -0.536846 1.01846 -0.0649683 0.561082 1.01846 -0.0649655 0.528893 1.0174 -0.0649649 0.546142 1.01794 -0.0649587 0.524324 0.983518 -0.0649578 0.523311 0.983474 -0.0649565 -0.493848 0.983309 -0.0649427 -0.507081 1.01742 -0.0649419 -0.49047 0.98324 -0.0649389 0.521495 1.0171 -0.0649381 -0.49916 0.983497 -0.0649372 0.518686 1.01704 -0.0649359 0.544026 1.01787 -0.0649223 0.511778 1.01678 -0.0649202 -0.509684 1.01752 -0.0649182 -0.521926 1.01789 -0.0649155 0.559081 1.01837 -0.0649149 -0.499864 0.983551 -0.0649132 0.514646 0.983266 -0.0649059 -0.497302 1.01707 -0.0649048 -0.495176 0.98342 -0.0649042 0.52362 0.98354 -0.0649041 0.513028 0.983202 -0.0649022 0.523984 0.983558 -0.0648993 -0.536849 1.01838 -0.0648984 0.536283 1.01754 -0.0648977 -0.539844 1.01852 -0.0648977 0.56408 1.01852 -0.0648975 -0.524806 1.018 -0.0648967 -0.499499 0.983553 -0.0648936 -0.487603 1.01675 -0.0648882 -0.49949 1.01715 -0.0648845 -0.489221 1.01682 -0.0648837 0.53389 1.01748 -0.0648813 0.519327 0.983439 -0.0648812 -0.541842 1.01853 -0.0648812 0.566078 1.01853 -0.0648804 0.551139 1.01802 -0.0648802 0.518315 0.983395 -0.0648781 -0.488852 0.983231 -0.0648607 -0.512077 1.0175 -0.0648605 -0.494163 0.983418 -0.0648585 0.526492 1.01718 -0.0648585 0.513397 1.01679 -0.0648572 0.523683 1.01712 -0.0648517 0.549022 1.01795 -0.0648435 0.516775 1.01686 -0.0648377 -0.514681 1.0176 -0.0648377 -0.494867 0.983472 -0.0648339 -0.526922 1.01797 -0.0648289 0.564077 1.01844 -0.0648269 -0.490179 0.983341 -0.0648269 0.518623 0.983461 -0.0648257 -0.502299 1.01715 -0.064825 0.518988 0.98348 -0.0648194 -0.494503 0.983474 -0.0648158 0.541279 1.01762 -0.0648149 -0.492599 1.01683 -0.0648127 -0.529802 1.01808 -0.0648126 -0.541846 1.01846 -0.0648103 -0.544841 1.0186 -0.0648103 0.569077 1.0186 -0.0648076 -0.504486 1.01723 -0.0648074 0.512069 1.01668 -0.0648055 -0.494218 1.0169 -0.0648036 0.514331 0.983361 -0.0648023 0.513318 0.983317 -0.0648015 0.538886 1.01756 -0.0647954 0.556135 1.0181 -0.0647937 -0.546839 1.01861 -0.0647937 0.571074 1.01861 -0.0647841 -0.487918 1.01666 -0.0647827 -0.48893 1.0167 -0.0647827 -0.489167 0.98334 -0.0647797 0.518393 1.01687 -0.0647783 -0.517074 1.01758 -0.0647777 0.531488 1.01726 -0.0647767 0.528679 1.0172 -0.0647672 0.554019 1.01803 -0.0647643 0.521771 1.01694 -0.0647632 0.513082 1.01668 -0.0647601 -0.489871 0.983394 -0.0647549 -0.519677 1.01768 -0.0647493 0.513627 0.983383 -0.0647492 -0.531919 1.01805 -0.0647474 0.513991 0.983402 -0.064745 -0.507295 1.01723 -0.0647419 0.569073 1.01852 -0.0647418 -0.489506 0.983396 -0.0647406 0.512378 1.01663 -0.0647359 -0.497595 1.01691 -0.0647329 0.546275 1.0177 -0.0647298 -0.488622 1.01664 -0.0647291 0.517066 1.01676 -0.064728 -0.488257 1.01662 -0.0647275 -0.534799 1.01816 -0.0647266 -0.509482 1.01731 -0.0647262 -0.499214 1.01697 -0.0647254 -0.546842 1.01854 -0.0647225 -0.549837 1.01868 -0.0647225 0.574073 1.01868 -0.0647224 0.512742 1.01662 -0.0647188 0.543882 1.01764 -0.0647101 0.561131 1.01817 -0.0647059 -0.492914 1.01674 -0.0647057 -0.551835 1.01869 -0.0647057 0.576071 1.01869 -0.0647043 -0.493927 1.01678 -0.0647005 0.52339 1.01695 -0.0646966 0.536484 1.01734 -0.0646959 0.533676 1.01727 -0.0646955 -0.52207 1.01766 -0.0646849 0.518078 1.01676 -0.0646847 0.526768 1.01701 -0.0646822 0.559015 1.01811 -0.0646717 -0.524673 1.01775 -0.0646641 -0.536915 1.01812 -0.064664 -0.512291 1.01731 -0.0646626 0.517374 1.0167 -0.0646564 -0.502592 1.01699 -0.0646544 0.574069 1.0186 -0.0646517 -0.493618 1.01671 -0.0646504 0.522062 1.01683 -0.06465 -0.493254 1.0167 -0.0646495 0.551272 1.01777 -0.0646464 -0.50421 1.01705 -0.0646452 -0.514479 1.01739 -0.0646444 0.517739 1.0167 -0.0646418 -0.539795 1.01824 -0.0646379 -0.551838 1.01862 -0.0646358 0.548879 1.01771 -0.0646343 -0.554833 1.01876 -0.0646343 0.579069 1.01876 -0.0646273 -0.497911 1.01681 -0.0646255 -0.498923 1.01686 -0.0646243 0.566128 1.01825 -0.0646208 0.528386 1.01702 -0.0646174 -0.556831 1.01877 -0.0646174 0.581067 1.01877 -0.0646149 0.541481 1.01742 -0.0646146 0.538672 1.01735 -0.0646123 -0.527066 1.01774 -0.0646062 0.523075 1.01683 -0.0646047 0.531764 1.01709 -0.0645967 0.564011 1.01819 -0.064588 -0.529669 1.01783 -0.0645842 0.522371 1.01678 -0.0645825 -0.517288 1.01738 -0.0645785 -0.541911 1.0182 -0.0645765 -0.507588 1.01707 -0.0645732 -0.498615 1.01679 -0.0645716 -0.49825 1.01677 -0.0645713 0.527058 1.01691 -0.0645665 0.579066 1.01868 -0.0645662 -0.509207 1.01713 -0.0645659 0.522735 1.01678 -0.0645657 0.556268 1.01785 -0.0645633 -0.519475 1.01746 -0.0645558 -0.544791 1.01831 -0.0645523 0.553875 1.01779 -0.0645499 -0.556835 1.01869 -0.0645483 -0.502907 1.01689 -0.0645463 -0.503919 1.01694 -0.0645456 -0.55983 1.01883 -0.0645456 0.584065 1.01883 -0.0645408 0.533382 1.0171 -0.0645381 0.571124 1.01833 -0.0645329 0.546477 1.01749 -0.0645329 0.543668 1.01743 -0.0645287 -0.532063 1.01781 -0.0645287 -0.561827 1.01885 -0.0645287 0.586063 1.01885 -0.0645271 0.528071 1.01691 -0.0645243 0.53676 1.01717 -0.0645128 -0.530474 1.02512 -0.0645128 -0.510474 1.02512 -0.0645109 0.569008 1.01826 -0.0645072 -0.630594 1.01853 -0.0645053 0.527367 1.01686 -0.0645039 -0.534666 1.01791 -0.0645006 -0.522284 1.01746 -0.0644962 -0.512584 1.01714 -0.0644943 -0.503611 1.01687 -0.0644928 -0.503246 1.01685 -0.0644926 -0.546907 1.01828 -0.0644918 0.532055 1.01699 -0.0644871 0.527731 1.01686 -0.0644856 -0.514203 1.01721 -0.0644815 0.561264 1.01793 -0.0644811 -0.524471 1.01754 -0.0644783 0.584062 1.01876 -0.0644693 -0.549788 1.01839 -0.0644688 -0.507903 1.01697 -0.0644684 0.558871 1.01787 -0.0644667 -0.508916 1.01701 -0.0644615 -0.561831 1.01877 -0.0644604 0.538379 1.01718 -0.0644566 -0.564826 1.01891 -0.0644566 0.589062 1.01891 -0.0644516 0.57612 1.01841 -0.0644508 0.548665 1.01751 -0.0644505 0.551473 1.01757 -0.0644482 -0.437756 0.83406 -0.0644482 -0.437756 1.16594 -0.0644476 0.533067 1.01699 -0.0644447 -0.537059 1.01789 -0.0644435 0.541757 1.01725 -0.0644395 -0.566824 1.01893 -0.0644395 0.59106 1.01893 -0.064426 0.532363 1.01693 -0.0644247 0.574004 1.01834 -0.0644195 -0.539662 1.01799 -0.0644184 -0.52728 1.01754 -0.0644155 -0.517581 1.01722 -0.064415 -0.508607 1.01694 -0.0644136 -0.508243 1.01693 -0.0644119 0.537051 1.01707 -0.0644078 0.532728 1.01693 -0.0644063 -0.551904 1.01836 -0.0644047 -0.519199 1.01728 -0.0643984 -0.529468 1.01762 -0.0643969 0.566261 1.01801 -0.0643896 0.589058 1.01883 -0.064389 -0.5129 1.01705 -0.0643866 -0.513912 1.01709 -0.0643841 0.563867 1.01795 -0.0643824 -0.554784 1.01847 -0.0643795 0.543375 1.01725 -0.0643727 -0.566827 1.01885 -0.0643683 0.553661 1.01758 -0.0643677 0.55647 1.01765 -0.0643676 0.538064 1.01707 -0.0643671 -0.569822 1.01899 -0.0643671 0.594058 1.01899 -0.0643646 0.581116 1.01848 -0.0643623 0.546753 1.01732 -0.0643603 -0.542055 1.01797 -0.06435 -0.57182 1.019 -0.06435 0.596056 1.019 -0.0643464 0.53736 1.01701 -0.0643381 0.579 1.01842 -0.0643357 -0.532277 1.01761 -0.0643353 -0.513604 1.01702 -0.0643346 -0.544658 1.01806 -0.0643344 -0.522577 1.0173 -0.0643339 -0.513239 1.017 -0.0643319 -0.650157 1.01826 -0.0643316 0.542047 1.01714 -0.0643282 0.537724 1.01701 -0.0643233 -0.524196 1.01736 -0.0643195 -0.5569 1.01843 -0.0643154 -0.534464 1.01769 -0.0643118 0.571257 1.01808 -0.0643088 -0.517896 1.01712 -0.0643062 -0.518908 1.01717 -0.0643005 0.594055 1.01891 -0.0642994 0.568864 1.01802 -0.0642982 0.548371 1.01733 -0.0642952 -0.55978 1.01855 -0.0642873 0.54306 1.01714 -0.0642854 0.558657 1.01766 -0.0642844 0.561466 1.01772 -0.0642835 -0.571823 1.01892 -0.0642806 0.551749 1.0174 -0.0642772 0.586113 1.01856 -0.0642754 -0.547051 1.01804 -0.0642663 0.542356 1.01709 -0.0642552 -0.5186 1.0171 -0.0642539 -0.518235 1.01708 -0.0642529 -0.527573 1.01737 -0.0642526 -0.537273 1.01769 -0.064251 0.583997 1.01849 -0.0642508 0.547044 1.01722 -0.0642493 -0.549655 1.01814 -0.0642481 0.54272 1.01708 -0.0642415 -0.529192 1.01744 -0.0642324 -0.561896 1.01851 -0.0642319 -0.53946 1.01777 -0.0642281 -0.522892 1.0172 -0.0642264 0.576253 1.01816 -0.0642253 -0.523905 1.01724 -0.0642166 0.553368 1.01741 -0.0642144 0.57386 1.0181 -0.0642075 -0.564776 1.01862 -0.0642066 0.548056 1.01722 -0.0642021 0.563653 1.01774 -0.0642008 0.566462 1.0178 -0.0641986 0.556745 1.01748 -0.0641902 -0.552048 1.01812 -0.0641894 0.591109 1.01864 -0.0641858 0.547352 1.01716 -0.0641747 -0.523596 1.01717 -0.0641742 0.536644 0.980849 -0.0641742 0.536644 1.01915 -0.0641742 0.556644 0.980849 -0.0641742 0.556644 1.01915 -0.0641735 -0.523232 1.01715 -0.064171 -0.53257 1.01745 -0.0641697 0.55204 1.01729 -0.0641691 -0.542269 1.01777 -0.0641677 0.547717 1.01716 -0.0641636 -0.554651 1.01821 -0.0641636 0.588993 1.01857 -0.0641593 -0.534188 1.01751 -0.0641481 -0.544457 1.01785 -0.0641471 -0.527889 1.01727 -0.0641448 -0.566893 1.01859 -0.0641441 -0.528901 1.01732 -0.0641435 -0.630635 1.01881 -0.0641406 0.581249 1.01823 -0.0641385 0.536644 1.02536 -0.0641385 0.556644 1.02536 -0.0641345 0.558364 1.01748 -0.0641289 0.578856 1.01817 -0.0641254 0.553053 1.01729 -0.0641194 -0.569773 1.0187 -0.0641184 0.56865 1.01781 -0.0641168 0.571459 1.01787 -0.0641162 0.561742 1.01755 -0.0641049 0.552348 1.01724 -0.0641046 -0.557044 1.0182 -0.0641012 0.596105 1.01871 -0.0640937 -0.528593 1.01725 -0.0640926 -0.528228 1.01723 -0.0640887 -0.537566 1.01752 -0.0640882 0.557036 1.01737 -0.0640868 0.552713 1.01724 -0.0640853 -0.547265 1.01784 -0.0640776 -0.559647 1.01829 -0.0640767 -0.539185 1.01759 -0.0640758 0.593989 1.01865 -0.0640657 -0.532885 1.01735 -0.0640638 -0.549453 1.01792 -0.0640625 -0.533897 1.01739 -0.0640569 -0.571889 1.01866 -0.0640544 0.586246 1.01831 -0.0640521 0.56336 1.01756 -0.0640439 0.558049 1.01737 -0.064043 0.583853 1.01825 -0.0640343 0.573646 1.01789 -0.0640334 0.566738 1.01763 -0.0640323 0.576455 1.01795 -0.0640237 0.557345 1.01731 -0.0640185 -0.56204 1.01827 -0.0640124 -0.533589 1.01732 -0.0640114 -0.533224 1.01731 -0.0640096 -0.627437 1.0246 -0.0640062 0.562033 1.01744 -0.064006 -0.542562 1.0176 -0.0640055 0.557709 1.01731 -0.064001 -0.552262 1.01792 -0.0639937 -0.544181 1.01766 -0.0639911 -0.564644 1.01837 -0.0639838 -0.537881 1.01742 -0.0639804 -0.538894 1.01747 -0.0639792 -0.554449 1.018 -0.0639692 0.568357 1.01763 -0.0639678 0.591242 1.01839 -0.063962 0.563045 1.01744 -0.0639567 0.588849 1.01832 -0.0639501 0.571734 1.0177 -0.0639499 0.578642 1.01796 -0.0639475 0.581451 1.01802 -0.063942 0.562341 1.01739 -0.0639418 -0.628042 1.02514 -0.0639321 -0.567037 1.01835 -0.0639307 -0.538585 1.0174 -0.0639298 -0.538221 1.01738 -0.0639239 0.567029 1.01752 -0.0639239 0.562706 1.01739 -0.063923 -0.547559 1.01767 -0.0639163 -0.557258 1.01799 -0.0639103 -0.549177 1.01774 -0.0639042 -0.56964 1.01844 -0.0639016 -0.542877 1.0175 -0.0638998 -0.643841 1.03075 -0.0638984 -0.627577 1.02443 -0.063898 -0.54389 1.01754 -0.0638941 -0.559445 1.01807 -0.0638904 0.463873 0.839723 -0.0638904 0.463873 1.16028 -0.063886 0.573353 1.01771 -0.0638808 0.596238 1.01846 -0.0638797 0.568041 1.01752 -0.06387 0.593845 1.0184 -0.0638665 0.576731 1.01778 -0.063865 0.583639 1.01804 -0.0638623 0.586447 1.0181 -0.06386 0.567337 1.01746 -0.0638486 -0.543581 1.01747 -0.0638477 -0.543217 1.01745 -0.0638453 -0.572033 1.01842 -0.0638419 0.567702 1.01746 -0.0638412 0.572025 1.01759 -0.0638395 -0.552555 1.01775 -0.0638313 -0.562254 1.01807 -0.0638265 -0.554173 1.01781 -0.063819 -0.547874 1.01757 -0.0638152 -0.548886 1.01762 -0.0638087 -0.564442 1.01815 -0.0638023 0.578349 1.01778 -0.063797 0.573038 1.01759 -0.0637825 0.581727 1.01785 -0.0637797 0.588635 1.01811 -0.0637775 0.572334 1.01754 -0.0637767 0.591444 1.01817 -0.0637661 -0.548578 1.01755 -0.0637653 -0.548213 1.01753 -0.0637606 -0.530474 0.974409 -0.0637606 -0.510474 0.974409 -0.0637594 0.572698 1.01753 -0.0637581 0.577021 1.01767 -0.0637556 -0.557551 1.01782 -0.0637458 -0.567251 1.01814 -0.0637423 -0.55917 1.01788 -0.063736 -0.55287 1.01765 -0.063732 -0.553882 1.01769 -0.0637228 -0.569438 1.01822 -0.0637183 0.583345 1.01785 -0.0637139 0.578034 1.01767 -0.0636981 0.586723 1.01792 -0.0636947 0.57733 1.01761 -0.0636941 0.593631 1.01818 -0.0636907 0.59644 1.01825 -0.0636832 -0.553574 1.01762 -0.0636825 -0.553209 1.0176 -0.0636766 0.577695 1.01761 -0.0636746 0.582018 1.01774 -0.0636714 -0.562547 1.0179 -0.06366 -0.572247 1.01821 -0.0636578 -0.564166 1.01796 -0.0636526 -0.557866 1.01772 -0.0636484 -0.558879 1.01776 -0.0636339 0.588342 1.01793 -0.0636304 0.58303 1.01774 -0.0636134 0.591719 1.018 -0.0636115 0.582326 1.01768 -0.0636 -0.55857 1.01769 -0.0635994 -0.558206 1.01768 -0.0635934 0.582691 1.01768 -0.0635908 0.587014 1.01781 -0.0635867 -0.567544 1.01797 -0.0635728 -0.569162 1.01803 -0.0635688 -0.562863 1.01779 -0.0635644 -0.563875 1.01784 -0.0635491 0.593338 1.018 -0.0635465 0.588027 1.01781 -0.0635282 0.596716 1.01807 -0.0635279 0.587322 1.01776 -0.0635163 -0.563567 1.01777 -0.0635158 -0.563202 1.01775 -0.0635098 0.587687 1.01775 -0.0635065 0.59201 1.01789 -0.0635017 -0.57254 1.01804 -0.0634943 -0.626872 1.02575 -0.0634847 -0.567859 1.01787 -0.06348 -0.568871 1.01791 -0.0634623 0.593023 1.01788 -0.0634529 -0.627479 1.02569 -0.0634439 0.592319 1.01783 -0.0634326 -0.63362 1.03003 -0.0634323 -0.568563 1.01784 -0.0634319 -0.568198 1.01782 -0.0634258 0.592683 1.01783 -0.0634219 0.597007 1.01796 -0.0634001 -0.572855 1.01794 -0.0633587 0.597321 1.0179 -0.0633474 -0.573197 1.01789 -0.0633405 0.597618 1.01789 -0.0633405 -0.573382 1.01789 -0.0633223 -0.573382 0.981034 -0.0630949 -0.530474 0.979993 -0.0630949 -0.510474 0.979993 -0.0629384 0.597618 0.98069 -0.0626434 -0.573382 1.01847 -0.0625403 -0.627389 1.02552 -0.0624387 -0.513997 1.02635 -0.0624387 -0.510474 1.02635 -0.062429 -0.627529 1.02535 -0.0623029 -0.573275 0.979423 -0.0623029 0.597511 0.979423 -0.0622836 -0.571277 0.97941 -0.0622836 0.595513 0.97941 -0.0622447 -0.573278 0.979507 -0.0622256 0.59551 0.979494 -0.0622192 -0.627948 1.02618 -0.0622049 -0.568279 0.979356 -0.0622049 0.592515 0.979356 -0.0621855 -0.566281 0.979343 -0.0621855 0.590517 0.979343 -0.0621471 -0.568282 0.97944 -0.062128 0.590513 0.979427 -0.0621066 -0.563282 0.979289 -0.0621066 0.587518 0.979289 -0.0620977 -0.633767 1.01485 -0.0620871 -0.561285 0.979276 -0.0620871 0.585521 0.979276 -0.0620867 0.59756 0.979738 -0.0620664 -0.571228 0.979724 -0.0620492 -0.563286 0.979374 -0.0620487 -0.573344 0.979794 -0.0620462 0.536644 0.973436 -0.0620462 0.556644 0.973436 -0.06203 0.585517 0.979361 -0.0620276 0.595444 0.979779 -0.0620079 -0.558286 0.979223 -0.0620079 0.582522 0.979223 -0.0619902 0.592564 0.979672 -0.0619884 -0.556289 0.97921 -0.0619884 0.580525 0.97921 -0.0619698 -0.566231 0.979658 -0.0619525 -0.568348 0.979728 -0.0619509 -0.55829 0.979308 -0.0619316 0.580521 0.979295 -0.0619313 0.590448 0.979713 -0.0619111 0.597618 1.01902 -0.0619089 -0.55329 0.979157 -0.0619089 0.577526 0.979157 -0.0618934 0.587568 0.979606 -0.0618893 -0.551292 0.979144 -0.0618893 0.575528 0.979144 -0.0618734 -0.571095 0.979998 -0.0618729 -0.561235 0.979592 -0.0618559 -0.563351 0.979662 -0.0618523 -0.553294 0.979242 -0.0618496 0.597618 1.01907 -0.0618423 0.5953 0.980041 -0.0618346 0.585452 0.979648 -0.0618329 0.575525 0.979229 -0.0618096 -0.548294 0.979091 -0.0618096 0.57253 0.979091 -0.0618043 0.592697 0.97995 -0.0617962 0.582572 0.979541 -0.0617899 -0.546296 0.979078 -0.0617899 0.570532 0.979078 -0.0617781 -0.566099 0.979932 -0.0617781 -0.530474 1.02093 -0.0617781 -0.510474 1.02093 -0.0617756 -0.556239 0.979527 -0.0617748 -0.568492 0.979995 -0.061759 -0.558355 0.979597 -0.0617534 -0.548297 0.979177 -0.0617472 0.590304 0.979976 -0.0617376 0.580456 0.979583 -0.0617339 0.570529 0.979164 -0.0617336 -0.633809 1.01512 -0.0617099 -0.543298 0.979026 -0.0617099 0.567534 0.979026 -0.0617088 0.587701 0.979885 -0.0617065 -0.570893 0.98023 -0.0616988 0.577575 0.979476 -0.0616901 -0.5413 0.979014 -0.0616901 0.565536 0.979014 -0.0616825 -0.561102 0.979868 -0.0616795 0.595086 0.980267 -0.0616795 -0.563495 0.97993 -0.061678 -0.551243 0.979462 -0.0616618 -0.553359 0.979532 -0.0616541 -0.543301 0.979112 -0.0616518 0.585308 0.979912 -0.061648 0.592899 0.98019 -0.0616403 0.575459 0.979518 -0.0616346 0.565533 0.9791 -0.0616232 -0.568706 0.980228 -0.0616129 0.582705 0.979821 -0.0616124 -0.565897 0.980165 -0.0616099 -0.538302 0.978962 -0.0616099 0.562537 0.978962 -0.0616009 0.572579 0.979411 -0.0615901 -0.536304 0.978949 -0.0615901 0.56054 0.978949 -0.0615866 -0.556106 0.979803 -0.0615855 0.59009 0.980202 -0.0615842 -0.446524 0.863138 -0.0615842 -0.446524 1.13686 -0.0615839 -0.558499 0.979866 -0.0615801 -0.546247 0.979398 -0.0615726 -0.652401 1.01404 -0.0615643 -0.548363 0.979468 -0.0615634 -0.570617 0.980423 -0.0615561 0.580312 0.979847 -0.0615546 -0.538305 0.979048 -0.0615536 0.587902 0.980125 -0.0615427 0.570463 0.979454 -0.0615399 0.594793 0.980454 -0.061535 0.560536 0.979035 -0.0615291 -0.563709 0.980164 -0.0615193 0.593174 0.980393 -0.0615179 -0.560901 0.980101 -0.0615168 0.577708 0.979757 -0.0615096 -0.533305 0.978898 -0.0615096 0.557541 0.978898 -0.0615028 0.567583 0.979347 -0.061499 -0.568999 0.980426 -0.0614912 0.585094 0.980138 -0.0614903 -0.55111 0.979739 -0.0614897 -0.531308 0.978885 -0.0614897 0.555544 0.978885 -0.0614879 -0.553503 0.979802 -0.0614819 -0.541251 0.979334 -0.0614753 0.597618 0.97947 -0.0614701 -0.565621 0.980359 -0.0614691 -0.570326 0.980544 -0.0614664 -0.543367 0.979404 -0.0614601 0.575315 0.979784 -0.0614589 0.582906 0.980062 -0.0614547 -0.533309 0.978984 -0.0614521 -0.630769 1.02068 -0.0614498 0.594478 0.980567 -0.0614468 0.589797 0.98039 -0.0614448 0.565467 0.97939 -0.0614403 0.593465 0.980524 -0.061435 0.55554 0.978972 -0.0614345 -0.558713 0.9801 -0.0614259 0.588178 0.980329 -0.0614254 -0.569314 0.980551 -0.061423 -0.555904 0.980038 -0.0614203 0.572712 0.979693 -0.0614132 -0.570018 0.980608 -0.061409 -0.528309 0.978834 -0.061409 0.552545 0.978834 -0.0614058 -0.564003 0.980362 -0.0614044 0.562587 0.979284 -0.0614021 0.594138 0.980618 -0.0614006 0.593774 0.9806 -0.0613966 0.580098 0.980075 -0.0613956 -0.569653 0.980613 -0.0613938 -0.546114 0.979676 -0.0613917 -0.548507 0.979739 -0.0613891 -0.526312 0.978822 -0.0613891 0.550547 0.978822 -0.0613848 -0.626872 1.0269 -0.0613848 -0.530474 1.0269 -0.0613848 -0.513997 1.0269 -0.0613834 -0.536254 0.97927 -0.0613766 -0.560625 0.980296 -0.0613765 -0.56533 0.980481 -0.0613682 -0.53837 0.979341 -0.0613639 0.57791 0.979998 -0.0613637 0.570319 0.97972 -0.0613572 0.589482 0.980504 -0.0613545 -0.528313 0.978921 -0.0613534 0.584801 0.980327 -0.0613476 0.588469 0.980461 -0.0613467 -0.627432 1.02684 -0.0613465 0.560471 0.979327 -0.0613397 -0.553717 0.980037 -0.0613347 0.550544 0.978908 -0.0613328 -0.564318 0.980488 -0.0613322 0.583182 0.980266 -0.0613279 -0.550908 0.979975 -0.0613235 0.567716 0.97963 -0.0613208 -0.565022 0.980545 -0.0613122 -0.559006 0.980299 -0.0613098 0.589142 0.980555 -0.0613082 0.588778 0.980537 -0.0613081 -0.523313 0.978771 -0.0613081 0.547549 0.978771 -0.0613056 0.557591 0.979221 -0.0613032 -0.564657 0.98055 -0.0613016 0.575101 0.980012 -0.0612969 -0.541118 0.979613 -0.0612951 -0.543511 0.979676 -0.0612881 -0.521315 0.978759 -0.0612881 0.545551 0.978759 -0.0612846 -0.531258 0.979207 -0.0612835 -0.560334 0.980418 -0.0612827 -0.555629 0.980233 -0.0612697 -0.533374 0.979278 -0.0612686 0.572914 0.979935 -0.061267 0.565323 0.979657 -0.0612665 -0.627842 1.02672 -0.0612643 0.584485 0.980441 -0.0612597 0.579804 0.980264 -0.0612545 0.583473 0.980398 -0.061254 -0.523317 0.978858 -0.0612479 0.555475 0.979264 -0.0612446 -0.548721 0.979974 -0.0612398 -0.559321 0.980425 -0.0612382 0.578186 0.980203 -0.0612342 0.545548 0.978846 -0.0612325 -0.545912 0.979912 -0.0612281 -0.560026 0.980483 -0.0612264 0.56272 0.979567 -0.0612184 -0.55401 0.980237 -0.0612172 0.584146 0.980492 -0.0612154 0.583781 0.980474 -0.0612106 -0.559661 0.980488 -0.0612069 -0.518317 0.978709 -0.0612069 0.542553 0.978709 -0.0612065 0.552595 0.979158 -0.0612063 0.570105 0.979949 -0.0611997 -0.536122 0.97955 -0.0611982 -0.538514 0.979613 -0.0611901 -0.555338 0.980355 -0.0611885 -0.550632 0.98017 -0.0611868 -0.516319 0.978696 -0.0611868 0.540555 0.978696 -0.0611854 -0.526262 0.979145 -0.061173 0.567918 0.979873 -0.0611711 0.579489 0.980379 -0.0611709 -0.528378 0.979216 -0.0611701 0.560327 0.979595 -0.0611656 0.574808 0.980202 -0.0611611 0.578477 0.980336 -0.0611544 -0.647265 1.02655 -0.0611532 -0.51832 0.978796 -0.0611491 -0.543725 0.979912 -0.0611491 0.550479 0.979202 -0.0611465 -0.554325 0.980363 -0.0611438 0.57319 0.980141 -0.0611367 -0.540916 0.97985 -0.0611351 -0.555029 0.98042 -0.0611333 0.540552 0.978783 -0.061129 0.557724 0.979505 -0.0611242 0.57915 0.98043 -0.0611242 -0.549014 0.980174 -0.0611224 0.578785 0.980412 -0.0611176 -0.554665 0.980426 -0.0611108 0.565109 0.979887 -0.0611072 0.547598 0.979096 -0.0611053 -0.513321 0.978646 -0.0611053 0.537557 0.978646 -0.0611022 -0.531125 0.979488 -0.061101 -0.533518 0.979551 -0.0610965 -0.550342 0.980293 -0.0610939 -0.545636 0.980108 -0.061086 -0.521266 0.979083 -0.0610852 -0.511323 0.978634 -0.0610852 0.535559 0.978634 -0.0610776 0.574493 0.980317 -0.061077 0.562922 0.979811 -0.0610728 0.555331 0.979533 -0.0610718 -0.523382 0.979154 -0.0610712 0.569812 0.98014 -0.0610674 0.573481 0.980274 -0.0610534 -0.538728 0.97985 -0.0610529 -0.549329 0.980301 -0.0610521 -0.513324 0.978734 -0.0610499 0.545482 0.97914 -0.0610492 0.568194 0.980079 -0.0610479 -0.627259 1.02638 -0.0610418 -0.550033 0.980358 -0.0610406 -0.53592 0.979788 -0.0610321 0.535555 0.978722 -0.0610313 0.552727 0.979443 -0.0610309 0.574154 0.980368 -0.0610297 -0.544018 0.980113 -0.061029 0.573789 0.98035 -0.0610243 -0.549669 0.980364 -0.0610149 0.560113 0.979826 -0.0610075 0.542602 0.979034 -0.0610044 -0.526129 0.979427 -0.0610035 -0.528522 0.979489 -0.0610035 -0.508325 0.978585 -0.0610035 0.53256 0.978585 -0.0610026 -0.545345 0.980232 -0.0609991 -0.54064 0.980047 -0.0609862 -0.51627 0.979021 -0.0609838 0.569497 0.980256 -0.0609833 -0.506327 0.978572 -0.0609833 0.530563 0.978572 -0.0609808 0.557925 0.97975 -0.0609766 0.564816 0.980078 -0.0609752 0.550335 0.979472 -0.0609733 0.568484 0.980213 -0.0609724 -0.518386 0.979092 -0.060959 -0.544333 0.980239 -0.0609573 -0.533732 0.979789 -0.0609547 0.472401 0.86953 -0.0609547 0.472401 1.13047 -0.0609542 0.563197 0.980018 -0.0609506 -0.508328 0.978672 -0.0609504 0.540486 0.979078 -0.0609482 -0.545037 0.980297 -0.0609443 -0.530924 0.979726 -0.0609374 0.569157 0.980307 -0.0609365 -0.627399 1.02621 -0.0609354 0.568793 0.980289 -0.0609349 -0.539022 0.980051 -0.0609333 0.547731 0.979382 -0.0609307 -0.544672 0.980303 -0.0609306 0.530559 0.97866 -0.0609187 0.555117 0.979764 -0.0609084 -0.540349 0.98017 -0.0609075 0.537606 0.978973 -0.0609063 -0.521133 0.979365 -0.0609057 -0.523526 0.979428 -0.060904 -0.535644 0.979986 -0.0609014 -0.503328 0.978523 -0.0609014 0.527564 0.978523 -0.0608897 0.564501 0.980194 -0.0608862 -0.511274 0.97896 -0.0608842 0.552929 0.979688 -0.0608816 0.55982 0.980017 -0.0608811 -0.501331 0.978511 -0.0608811 0.525567 0.978511 -0.060879 0.563488 0.980152 -0.0608773 0.545338 0.97941 -0.0608727 -0.51339 0.979031 -0.0608648 -0.539337 0.980178 -0.060861 -0.528736 0.979728 -0.060859 0.558201 0.979957 -0.0608543 -0.540041 0.980236 -0.0608506 0.53549 0.979018 -0.0608489 -0.503332 0.978611 -0.0608476 -0.525927 0.979665 -0.0608435 0.564161 0.980246 -0.0608421 -0.65291 1.01292 -0.0608414 0.563797 0.980228 -0.0608398 -0.534025 0.97999 -0.0608368 -0.539676 0.980242 -0.060835 0.542735 0.979321 -0.0608289 0.525563 0.978599 -0.0608229 0.597618 0.978961 -0.0608222 0.550121 0.979704 -0.0608138 -0.535353 0.98011 -0.0608086 -0.530648 0.979925 -0.0608079 -0.516137 0.979305 -0.0608076 -0.51853 0.979367 -0.0608072 0.53261 0.978912 -0.0608047 -0.635387 1.01287 -0.060799 -0.498332 0.978463 -0.060799 0.522568 0.978463 -0.0607953 0.559505 0.980134 -0.0607874 0.547933 0.979628 -0.0607863 0.554824 0.979957 -0.0607859 -0.506277 0.978899 -0.0607844 0.558492 0.980091 -0.0607791 0.540342 0.97935 -0.0607786 -0.496334 0.978451 -0.0607786 0.52057 0.978451 -0.0607727 -0.508393 0.97897 -0.0607704 -0.534341 0.980118 -0.0607643 -0.52374 0.979667 -0.0607634 0.553205 0.979896 -0.06076 -0.535045 0.980176 -0.0607506 -0.520931 0.979605 -0.0607506 0.530494 0.978957 -0.0607493 0.559165 0.980186 -0.0607472 0.558801 0.980168 -0.0607469 -0.498336 0.978551 -0.0607444 -0.529029 0.97993 -0.0607426 -0.53468 0.980181 -0.0607364 0.537739 0.979261 -0.0607268 0.520567 0.978539 -0.0607254 0.545124 0.979643 -0.060719 -0.530357 0.980049 -0.0607129 -0.525652 0.979865 -0.0607092 -0.513534 0.979307 -0.0607092 -0.511141 0.979244 -0.0607067 0.527614 0.978852 -0.0607005 0.554508 0.980074 -0.0606962 -0.493336 0.978403 -0.0606962 0.517572 0.978403 -0.0606908 0.549827 0.979896 -0.0606903 0.542937 0.979568 -0.0606895 0.553496 0.980031 -0.0606852 -0.501281 0.978839 -0.0606806 0.535346 0.97929 -0.0606758 -0.491338 0.978391 -0.0606758 0.515574 0.978391 -0.0606756 -0.529344 0.980058 -0.0606724 -0.503397 0.97891 -0.0606675 0.548209 0.979836 -0.0606674 -0.518744 0.979607 -0.0606655 -0.530048 0.980116 -0.0606549 0.554169 0.980126 -0.0606534 -0.515935 0.979545 -0.0606526 0.553804 0.980108 -0.0606502 0.525498 0.978897 -0.0606487 -0.524033 0.97987 -0.0606481 -0.529684 0.980122 -0.0606446 -0.49334 0.978491 -0.0606426 0.597618 1.01989 -0.0606375 0.532743 0.979201 -0.0606284 0.540128 0.979583 -0.0606244 0.515571 0.978479 -0.0606239 -0.525361 0.97999 -0.0606168 -0.520655 0.979805 -0.0606106 -0.508537 0.979247 -0.0606102 -0.506145 0.979185 -0.0606058 0.522618 0.978792 -0.0606055 0.549512 0.980014 -0.0606045 -0.571341 0.978349 -0.0606045 -0.568339 0.978349 -0.0606045 -0.566341 0.978349 -0.0606045 -0.563339 0.978349 -0.0606045 -0.561341 0.978349 -0.0606045 -0.558339 0.978349 -0.0606045 -0.556341 0.978349 -0.0606045 -0.553339 0.978349 -0.0606045 -0.551341 0.978349 -0.0606045 -0.548339 0.978349 -0.0606045 -0.546341 0.978349 -0.0606045 -0.543339 0.978349 -0.0606045 -0.541341 0.978349 -0.0606045 -0.538339 0.978349 -0.0606045 -0.536341 0.978349 -0.0606045 -0.533339 0.978349 -0.0606045 -0.531341 0.978349 -0.0606045 -0.528339 0.978349 -0.0606045 -0.526341 0.978349 -0.0606045 -0.523339 0.978349 -0.0606045 -0.521341 0.978349 -0.0606045 -0.518339 0.978349 -0.0606045 -0.516341 0.978349 -0.0606045 -0.511341 0.978349 -0.0606045 0.535577 0.978349 -0.0606045 0.540577 0.978349 -0.0606045 0.542575 0.978349 -0.0606045 0.545577 0.978349 -0.0606045 0.547575 0.978349 -0.0606045 0.550577 0.978349 -0.0606045 0.552575 0.978349 -0.0606045 0.555577 0.978349 -0.0606045 0.557575 0.978349 -0.0606045 0.560577 0.978349 -0.0606045 0.562575 0.978349 -0.0606045 0.565577 0.978349 -0.0606045 0.567575 0.978349 -0.0606045 0.570577 0.978349 -0.0606045 0.572575 0.978349 -0.0606045 0.575577 0.978349 -0.0606045 0.577575 0.978349 -0.0606045 0.580577 0.978349 -0.0606045 0.582575 0.978349 -0.0606045 0.585577 0.978349 -0.0606045 0.587575 0.978349 -0.0606045 0.590577 0.978349 -0.0606045 0.592575 0.978349 -0.0606045 0.595577 0.978349 -0.0606045 -0.513339 0.978349 -0.0606045 -0.508339 0.978349 -0.0606045 -0.506341 0.978349 -0.0606045 -0.503339 0.978349 -0.0606045 -0.501341 0.978349 -0.0606045 -0.498339 0.978349 -0.0606045 -0.496341 0.978349 -0.0606045 0.520577 0.978349 -0.0606045 0.522575 0.978349 -0.0606045 0.525577 0.978349 -0.0606045 0.527575 0.978349 -0.0606045 0.530577 0.978349 -0.0606045 0.532575 0.978349 -0.0606045 0.537575 0.978349 -0.0606045 -0.573339 0.978349 -0.0606045 -0.501673 1.02165 -0.0606045 -0.499674 1.02165 -0.0606045 -0.496673 1.02165 -0.0606045 -0.494674 1.02165 -0.0606045 -0.493339 0.978349 -0.0606045 -0.491341 0.978349 -0.0606045 -0.473382 0.978349 -0.0606045 -0.473382 1.02165 -0.0606045 0.497618 0.978349 -0.0606045 0.497618 1.02165 -0.0606045 0.515577 0.978349 -0.0606045 0.517575 0.978349 -0.0606045 0.51891 1.02165 -0.0606045 0.520909 1.02165 -0.0606045 0.52391 1.02165 -0.0606045 0.525909 1.02165 -0.0606045 0.536644 0.978349 -0.0606045 0.536644 1.02165 -0.0606045 0.556644 0.978349 -0.0606045 0.556644 1.02165 -0.0606045 0.597575 0.978349 -0.0606045 -0.571673 1.02165 -0.0606045 -0.566673 1.02165 -0.0606045 -0.526673 1.02165 -0.0606045 -0.524674 1.02165 -0.0606045 -0.521673 1.02165 -0.0606045 -0.519674 1.02165 -0.0606045 -0.516673 1.02165 -0.0606045 -0.514674 1.02165 -0.0606045 -0.511673 1.02165 -0.0606045 -0.509674 1.02165 -0.0606045 -0.506673 1.02165 -0.0606045 -0.504674 1.02165 -0.0606045 0.52891 1.02165 -0.0606045 0.530909 1.02165 -0.0606045 0.53391 1.02165 -0.0606045 0.535909 1.02165 -0.0606045 0.53891 1.02165 -0.0606045 0.540909 1.02165 -0.0606045 0.54391 1.02165 -0.0606045 0.545909 1.02165 -0.0606045 0.54891 1.02165 -0.0606045 0.550909 1.02165 -0.0606045 0.590909 1.02165 -0.0606045 0.595909 1.02165 -0.0606045 -0.569674 1.02165 -0.0606045 -0.564674 1.02165 -0.0606045 -0.561673 1.02165 -0.0606045 -0.559674 1.02165 -0.0606045 -0.556673 1.02165 -0.0606045 -0.554674 1.02165 -0.0606045 -0.551673 1.02165 -0.0606045 -0.549674 1.02165 -0.0606045 -0.546673 1.02165 -0.0606045 -0.544674 1.02165 -0.0606045 -0.541673 1.02165 -0.0606045 -0.539674 1.02165 -0.0606045 -0.536673 1.02165 -0.0606045 -0.534674 1.02165 -0.0606045 -0.531673 1.02165 -0.0606045 -0.529674 1.02165 -0.0606045 0.55391 1.02165 -0.0606045 0.555909 1.02165 -0.0606045 0.55891 1.02165 -0.0606045 0.560909 1.02165 -0.0606045 0.56391 1.02165 -0.0606045 0.565909 1.02165 -0.0606045 0.56891 1.02165 -0.0606045 0.570909 1.02165 -0.0606045 0.57391 1.02165 -0.0606045 0.575909 1.02165 -0.0606045 0.57891 1.02165 -0.0606045 0.580909 1.02165 -0.0606045 0.58391 1.02165 -0.0606045 0.585909 1.02165 -0.0606045 0.58891 1.02165 -0.0606045 0.59391 1.02165 -0.0605949 0.544831 0.979837 -0.0605943 0.5485 0.979971 -0.0605932 -0.48834 0.978343 -0.0605932 0.512576 0.978343 -0.0605928 0.537941 0.979508 -0.0605843 -0.496285 0.978779 -0.0605819 0.53035 0.97923 -0.0605805 -0.524348 0.979998 -0.0605719 -0.498401 0.978851 -0.0605714 0.543213 0.979777 -0.0605707 -0.525052 0.980056 -0.0605701 -0.513748 0.979548 -0.0605606 -0.573382 1.01994 -0.0605601 0.549173 0.980066 -0.0605578 0.548808 0.980048 -0.0605558 -0.510939 0.979486 -0.0605534 -0.524688 0.980062 -0.0605527 -0.519037 0.979811 -0.0605496 0.520502 0.978838 -0.060547 -0.491671 1.02168 -0.060547 0.515907 1.02168 -0.060542 -0.488343 0.978431 -0.0605383 0.527747 0.979142 -0.060531 0.535132 0.979524 -0.0605285 -0.520365 0.97993 -0.0605205 -0.515659 0.979745 -0.0605116 -0.503541 0.979188 -0.0605109 -0.501148 0.979125 -0.0605102 0.544516 0.979955 -0.0605047 0.517621 0.978733 -0.0604988 0.543504 0.979912 -0.0604987 0.539835 0.979777 -0.0604961 -0.491674 1.0216 -0.0604951 0.532945 0.979449 -0.0604851 -0.519352 0.979939 -0.0604831 -0.491289 0.97872 -0.0604828 0.525354 0.979171 -0.0604756 -0.520056 0.979997 -0.0604749 0.538217 0.979718 -0.0604726 -0.508751 0.979489 -0.060471 -0.493405 0.978792 -0.060465 0.544177 0.980007 -0.0604641 -0.494669 1.02173 -0.0604641 0.518905 1.02173 -0.0604626 0.543812 0.979989 -0.0604583 -0.519692 0.980003 -0.060458 -0.505943 0.979426 -0.0604564 -0.514041 0.979752 -0.0604486 0.515505 0.978779 -0.0604436 -0.496667 1.02174 -0.0604436 0.520903 1.02174 -0.06044 -0.63543 1.01314 -0.0604388 0.52275 0.979083 -0.0604333 0.530136 0.979465 -0.0604328 -0.515368 0.979871 -0.0604239 -0.510663 0.979687 -0.0604146 0.53952 0.979896 -0.0604134 0.518902 1.02164 -0.0604123 -0.498545 0.979129 -0.0604114 -0.496152 0.979066 -0.0604032 0.512625 0.978674 -0.060403 0.538507 0.979853 -0.0604023 0.534839 0.979719 -0.0603971 0.527948 0.97939 -0.0603931 -0.49667 1.02165 -0.0603894 -0.514356 0.97988 -0.0603835 0.520358 0.979112 -0.0603802 -0.51506 0.979938 -0.0603782 0.53322 0.979659 -0.0603748 -0.503755 0.97943 -0.0603698 -0.488409 0.978733 -0.0603697 0.53918 0.979949 -0.0603675 -0.573382 0.978611 -0.0603672 0.538816 0.97993 -0.0603629 -0.514695 0.979944 -0.0603605 -0.499665 1.02179 -0.0603605 0.523901 1.02179 -0.0603599 -0.500947 0.979368 -0.0603599 -0.509045 0.979693 -0.0603562 0.515956 1.02135 -0.0603399 -0.501663 1.0218 -0.0603399 0.525899 1.0218 -0.060339 0.517754 0.979024 -0.0603368 -0.510372 0.979813 -0.0603354 0.52514 0.979407 -0.0603271 -0.505667 0.979628 -0.0603221 -0.49174 1.02129 -0.0603188 0.534524 0.979837 -0.0603128 -0.493549 0.979071 -0.0603115 -0.491156 0.979008 -0.0603102 0.523898 1.0217 -0.0603069 0.533511 0.979795 -0.0603056 0.529843 0.97966 -0.0602988 0.522952 0.979332 -0.0602935 -0.50936 0.979822 -0.0602899 -0.501666 1.02171 -0.0602846 -0.510064 0.97988 -0.0602839 0.515361 0.979054 -0.0602812 0.528224 0.979601 -0.0602767 -0.498759 0.979372 -0.0602761 -0.49462 1.0214 -0.0602741 0.534184 0.97989 -0.0602715 0.53382 0.979872 -0.0602673 -0.509699 0.979886 -0.060263 -0.504048 0.979635 -0.0602615 -0.49595 0.97931 -0.0602565 -0.504661 1.02185 -0.0602565 0.528897 1.02185 -0.0602544 0.520952 1.02141 -0.060243 0.518836 1.02134 -0.0602405 -0.505376 0.979755 -0.060239 0.512758 0.978966 -0.0602372 0.520144 0.979349 -0.0602359 -0.506659 1.02186 -0.0602359 0.530895 1.02186 -0.0602299 -0.500671 0.97957 -0.0602226 0.529528 0.979779 -0.0602205 -0.496736 1.02135 -0.060213 -0.488553 0.979013 -0.0602105 0.528515 0.979737 -0.0602086 0.524847 0.979602 -0.0602067 0.528894 1.02176 -0.0602002 0.517956 0.979274 -0.0601973 -0.504364 0.979764 -0.0601886 -0.505068 0.979822 -0.0601864 0.516089 1.02106 -0.0601863 -0.506663 1.02177 -0.0601839 0.523228 0.979543 -0.0601783 -0.493763 0.979314 -0.0601782 0.529188 0.979833 -0.0601755 0.528823 0.979815 -0.060174 -0.499616 1.02146 -0.0601714 -0.504703 0.979829 -0.0601659 -0.499052 0.979577 -0.0601628 -0.490954 0.979252 -0.0601589 -0.491884 1.02102 -0.0601524 -0.509658 1.02191 -0.0601524 0.533894 1.02191 -0.0601523 0.525948 1.02147 -0.0601439 -0.50038 0.979697 -0.0601413 0.523832 1.0214 -0.0601387 0.515147 0.979291 -0.0601325 -0.495675 0.979513 -0.0601317 -0.511655 1.02192 -0.0601317 0.535891 1.02192 -0.0601262 0.524531 0.979722 -0.0601187 -0.501732 1.02141 -0.0601139 0.523519 0.979679 -0.0601136 -0.494487 1.02111 -0.0601113 0.51985 0.979545 -0.060103 0.53389 1.02182 -0.0601014 0.51296 0.979216 -0.0601007 -0.499367 0.979707 -0.0600924 -0.500071 0.979765 -0.0600878 0.518692 1.02106 -0.0600864 0.518232 0.979486 -0.0600859 0.521085 1.02112 -0.0600825 -0.511659 1.02183 -0.060082 0.524192 0.979775 -0.0600796 -0.488767 0.979257 -0.0600792 0.523827 0.979757 -0.0600752 -0.499707 0.979771 -0.0600717 -0.504612 1.02151 -0.0600685 -0.494056 0.97952 -0.0600587 -0.49688 1.02108 -0.0600499 0.530945 1.02153 -0.0600479 -0.514654 1.02196 -0.0600479 0.53889 1.02196 -0.0600471 -0.495384 0.97964 -0.0600392 0.528829 1.02145 -0.0600391 0.516291 1.02082 -0.0600348 -0.490678 0.979456 -0.0600295 0.519535 0.979665 -0.0600272 -0.516651 1.02197 -0.0600272 0.540887 1.02197 -0.060017 0.518523 0.979622 -0.0600166 -0.506728 1.02147 -0.0600152 -0.492098 1.02078 -0.0600137 0.514854 0.979488 -0.0600129 -0.499483 1.02116 -0.060004 -0.494371 0.97965 -0.059999 0.538886 1.02187 -0.0599959 -0.495075 0.979708 -0.0599885 0.513236 0.979429 -0.0599874 0.523688 1.02112 -0.0599855 0.519196 0.979719 -0.0599852 0.526081 1.02118 -0.0599827 0.518831 0.9797 -0.059982 -0.630722 1.0216 -0.0599787 -0.494711 0.979715 -0.0599784 -0.516655 1.02188 -0.0599774 -0.494285 1.02085 -0.0599708 -0.48906 0.979463 -0.0599691 -0.509608 1.02157 -0.0599582 -0.501876 1.02113 -0.0599559 0.518478 1.02081 -0.05995 -0.490388 0.979583 -0.0599472 0.535941 1.02158 -0.0599432 -0.51965 1.02202 -0.0599432 0.543886 1.02202 -0.0599398 0.521287 1.02088 -0.0599369 0.533825 1.02151 -0.0599325 0.514539 0.979608 -0.0599224 -0.521648 1.02203 -0.0599224 0.545884 1.02203 -0.0599198 0.513527 0.979566 -0.0599161 -0.497094 1.02084 -0.0599143 -0.511724 1.02152 -0.0599123 0.516566 1.02062 -0.059912 -0.504479 1.02122 -0.0599069 -0.489375 0.979594 -0.0598991 -0.490079 0.979652 -0.0598947 0.543882 1.02193 -0.0598914 -0.492391 1.02058 -0.0598888 0.5142 0.979662 -0.0598867 0.528684 1.02117 -0.0598859 0.513835 0.979644 -0.0598842 0.531077 1.02123 -0.0598819 -0.489715 0.979658 -0.059878 -0.499281 1.02091 -0.0598741 -0.521651 1.02194 -0.0598662 -0.514604 1.02163 -0.0598659 -0.494009 1.02064 -0.0598635 0.536644 1.0276 -0.0598635 0.556644 1.0276 -0.0598574 -0.506872 1.02119 -0.0598567 0.523474 1.02087 -0.0598484 0.518185 1.02061 -0.0598443 0.540937 1.02164 -0.0598402 0.526283 1.02093 -0.0598382 -0.524646 1.02208 -0.0598382 0.548882 1.02208 -0.0598343 0.538821 1.02157 -0.0598283 0.516857 1.02049 -0.0598174 -0.526644 1.02209 -0.0598174 0.55088 1.02209 -0.0598167 -0.50209 1.02089 -0.0598139 0.521563 1.02067 -0.0598116 -0.51672 1.02158 -0.0598109 -0.492706 1.02046 -0.0598108 -0.509475 1.02128 -0.0597979 -0.493718 1.0205 -0.0597933 -0.497387 1.02064 -0.0597901 0.548879 1.02199 -0.0597858 0.533681 1.02123 -0.0597852 0.51787 1.02048 -0.0597829 0.536074 1.02129 -0.0597783 -0.504277 1.02097 -0.0597778 0.517166 1.02042 -0.0597695 -0.526647 1.022 -0.0597675 -0.493045 1.02041 -0.0597674 -0.499005 1.0207 -0.0597645 -0.49341 1.02043 -0.0597631 -0.519601 1.02168 -0.0597606 0.51753 1.02041 -0.0597571 0.52847 1.02093 -0.0597564 -0.511868 1.02124 -0.0597501 0.523181 1.02066 -0.0597412 0.545933 1.02169 -0.0597404 0.531279 1.02099 -0.059733 -0.529642 1.02213 -0.059733 0.553878 1.02213 -0.0597315 0.543817 1.02162 -0.0597306 0.521854 1.02054 -0.0597171 -0.507086 1.02095 -0.0597154 0.526559 1.02073 -0.0597133 -0.497702 1.02052 -0.0597121 -0.53164 1.02214 -0.0597121 0.555876 1.02214 -0.0597094 -0.514471 1.02133 -0.0597088 -0.521717 1.02163 -0.0597002 -0.498715 1.02056 -0.0596948 -0.502383 1.02069 -0.0596876 0.522866 1.02053 -0.0596853 0.553875 1.02204 -0.0596845 0.538677 1.02128 -0.0596814 0.54107 1.02135 -0.0596804 0.522162 1.02047 -0.0596783 -0.509274 1.02102 -0.0596702 -0.498042 1.02046 -0.0596687 -0.504002 1.02075 -0.0596671 -0.498406 1.02048 -0.0596647 -0.531643 1.02205 -0.0596633 0.522527 1.02047 -0.0596598 -0.524597 1.02174 -0.0596574 0.533467 1.02098 -0.0596551 -0.516864 1.0213 -0.0596515 0.528177 1.02072 -0.0596403 0.536275 1.02104 -0.0596378 0.550929 1.02175 -0.0596326 0.52685 1.0206 -0.0596284 0.548813 1.02168 -0.0596275 -0.534638 1.02219 -0.0596275 0.558874 1.02219 -0.0596265 -0.573382 0.978004 -0.0596172 -0.512082 1.021 -0.0596165 0.531555 1.02078 -0.0596155 -0.502698 1.02057 -0.0596077 -0.519468 1.02139 -0.0596066 -0.536636 1.0222 -0.0596066 0.560872 1.0222 -0.0596056 -0.526713 1.02169 -0.0596021 -0.503711 1.02061 -0.0595962 -0.507379 1.02075 -0.0595897 0.527862 1.02059 -0.0595831 0.543673 1.02134 -0.0595827 0.527158 1.02053 -0.0595803 0.558871 1.0221 -0.0595797 0.546066 1.0214 -0.059578 -0.51427 1.02108 -0.0595726 -0.503038 1.02052 -0.0595698 -0.508998 1.02081 -0.0595694 -0.503402 1.02054 -0.0595657 0.527523 1.02052 -0.0595634 0.597618 0.977941 -0.0595596 -0.53664 1.02211 -0.0595573 0.538463 1.02104 -0.0595561 -0.529593 1.02179 -0.0595536 -0.521861 1.02135 -0.0595527 0.533174 1.02077 -0.05954 0.541272 1.0211 -0.0595344 0.531846 1.02065 -0.0595341 0.555925 1.0218 -0.0595251 0.553809 1.02173 -0.0595248 -0.636887 1.01091 -0.0595218 -0.539635 1.02224 -0.0595218 0.563871 1.02224 -0.0595174 0.536551 1.02084 -0.0595174 -0.507694 1.02063 -0.0595171 -0.517078 1.02106 -0.0595057 -0.524464 1.02144 -0.0595038 -0.508707 1.02067 -0.0595022 -0.531709 1.02174 -0.0595008 -0.541632 1.02225 -0.0595008 0.565868 1.02225 -0.0594972 -0.512375 1.0208 -0.0594915 0.532858 1.02064 -0.0594849 0.532154 1.02058 -0.0594825 0.597618 0.977847 -0.0594813 0.548669 1.02139 -0.0594776 0.551062 1.02146 -0.0594776 -0.519266 1.02113 -0.0594749 0.563867 1.02215 -0.0594748 -0.508034 1.02057 -0.0594715 -0.508398 1.02059 -0.0594705 -0.513994 1.02086 -0.0594678 0.532519 1.02058 -0.0594661 -0.573382 0.977823 -0.059457 0.543459 1.02109 -0.0594558 -0.573382 0.977805 -0.0594552 0.597618 0.977804 -0.0594542 -0.541636 1.02216 -0.0594537 0.53817 1.02083 -0.0594528 -0.530474 0.972229 -0.0594528 -0.510474 0.972229 -0.0594523 -0.534589 1.02185 -0.0594518 -0.526857 1.02141 -0.0594416 -0.573382 0.977718 -0.0594416 0.597618 0.977718 -0.0594405 0.597618 0.97777 -0.0594395 -0.573382 0.977723 -0.0594394 0.546268 1.02115 -0.0594391 -0.573382 0.977765 -0.0594389 0.597618 0.977725 -0.0594377 -0.573382 0.977759 -0.0594372 0.597618 0.977756 -0.0594365 -0.573382 0.977736 -0.0594363 0.597618 0.977737 -0.0594361 0.597618 0.977739 -0.0594361 -0.573382 0.97774 -0.0594359 0.536842 1.02071 -0.0594302 0.560922 1.02186 -0.0594215 0.558805 1.02179 -0.059419 -0.51269 1.02068 -0.0594181 0.541547 1.02089 -0.0594167 -0.522075 1.02111 -0.0594158 -0.544631 1.02229 -0.0594158 0.568867 1.02229 -0.0594053 -0.513703 1.02072 -0.0594035 -0.52946 1.02149 -0.0593986 -0.536705 1.0218 -0.059398 -0.517372 1.02086 -0.0593948 -0.546628 1.02231 -0.0593948 0.570864 1.02231 -0.0593931 0.537855 1.0207 -0.0593929 -0.530474 0.977694 -0.0593929 -0.510474 0.977694 -0.0593867 0.53715 1.02064 -0.0593793 0.553665 1.02145 -0.0593768 -0.524262 1.02119 -0.0593767 -0.51303 1.02063 -0.0593754 0.556058 1.02151 -0.0593733 -0.513395 1.02064 -0.0593711 -0.51899 1.02092 -0.0593697 0.537515 1.02063 -0.0593694 0.568863 1.0222 -0.0593565 0.548455 1.02114 -0.0593544 0.543166 1.02088 -0.0593497 -0.531853 1.02146 -0.0593486 -0.546632 1.02221 -0.0593481 -0.539585 1.0219 -0.0593386 0.551264 1.02121 -0.0593372 0.541838 1.02076 -0.059326 0.565918 1.02191 -0.0593204 -0.517687 1.02073 -0.0593185 0.546543 1.02094 -0.0593177 0.563802 1.02184 -0.059316 -0.527071 1.02117 -0.0593095 -0.549627 1.02235 -0.0593095 0.573863 1.02235 -0.0593064 -0.518699 1.02078 -0.059301 -0.534456 1.02155 -0.0592986 -0.522368 1.02091 -0.0592947 -0.541701 1.02185 -0.0592944 0.542851 1.02075 -0.0592885 -0.551625 1.02236 -0.0592885 0.575861 1.02236 -0.0592883 0.542147 1.02069 -0.0592783 -0.518026 1.02068 -0.0592771 0.558662 1.0215 -0.0592758 -0.529258 1.02124 -0.0592749 -0.518391 1.0207 -0.0592728 0.561054 1.02156 -0.0592723 -0.345867 0.680195 -0.0592723 -0.345867 1.31981 -0.0592723 0.370103 0.680195 -0.0592723 0.370103 1.31981 -0.0592714 0.542511 1.02068 -0.0592714 -0.523986 1.02097 -0.0592636 0.573859 1.02226 -0.0592557 0.553451 1.0212 -0.0592548 0.548162 1.02093 -0.0592474 -0.536849 1.02152 -0.0592438 -0.544581 1.02195 -0.0592428 -0.551628 1.02227 -0.0592382 0.546834 1.02081 -0.0592375 0.55626 1.02126 -0.0592216 0.570914 1.02197 -0.0592215 -0.522683 1.02079 -0.0592187 0.55154 1.021 -0.0592151 -0.532067 1.02122 -0.0592136 0.568798 1.02189 -0.0592074 -0.523695 1.02083 -0.0592031 -0.554623 1.0224 -0.0592031 0.578859 1.0224 -0.0591989 -0.527364 1.02096 -0.0591983 -0.539452 1.0216 -0.0591968 -0.654234 1.0104 -0.0591955 0.547847 1.0208 -0.0591906 -0.546697 1.0219 -0.0591897 0.547143 1.02074 -0.059182 -0.556621 1.02241 -0.059182 0.580857 1.02241 -0.0591798 -0.523022 1.02073 -0.0591762 -0.523387 1.02075 -0.0591746 0.563658 1.02155 -0.0591746 -0.534254 1.02129 -0.0591728 0.547507 1.02074 -0.0591714 -0.528982 1.02102 -0.0591701 0.566051 1.02162 -0.0591592 -0.636931 1.01118 -0.0591576 0.578856 1.02231 -0.0591551 0.553158 1.02099 -0.0591546 0.558447 1.02125 -0.0591449 -0.541845 1.02157 -0.0591392 -0.549578 1.02201 -0.059139 0.551831 1.02087 -0.0591367 -0.556624 1.02232 -0.0591362 0.561256 1.02131 -0.0591224 -0.527679 1.02084 -0.0591186 0.556536 1.02105 -0.0591169 0.57591 1.02202 -0.059114 -0.537063 1.02127 -0.0591093 0.573794 1.02195 -0.0591081 -0.528692 1.02088 -0.059099 -0.53236 1.02102 -0.0590964 -0.559619 1.02245 -0.0590964 0.583855 1.02245 -0.0590963 0.552843 1.02085 -0.0590954 -0.544448 1.02165 -0.0590908 0.552139 1.0208 -0.0590862 -0.551694 1.02196 -0.0590809 -0.528018 1.02078 -0.0590773 -0.528383 1.0208 -0.0590753 -0.561617 1.02246 -0.0590753 0.585853 1.02246 -0.0590739 0.552504 1.02079 -0.0590731 -0.539251 1.02134 -0.0590719 0.568654 1.02161 -0.0590712 -0.533979 1.02107 -0.0590671 0.571047 1.02167 -0.059055 0.558154 1.02104 -0.0590533 0.563444 1.0213 -0.0590513 0.583852 1.02236 -0.0590421 -0.546841 1.02162 -0.059041 -0.633944 1.01699 -0.0590395 0.556827 1.02092 -0.0590346 0.566252 1.02136 -0.0590343 -0.554574 1.02206 -0.0590304 -0.561621 1.02237 -0.0590231 -0.532675 1.02089 -0.0590182 0.561532 1.0211 -0.0590126 -0.542059 1.02132 -0.0590121 0.580906 1.02207 -0.0590086 -0.533688 1.02093 -0.0590047 0.57879 1.022 -0.0589988 -0.537356 1.02107 -0.0589969 0.557839 1.02091 -0.0589922 -0.549445 1.02171 -0.0589917 0.557135 1.02085 -0.0589894 -0.564615 1.02251 -0.0589894 0.588851 1.02251 -0.0589818 -0.533015 1.02084 -0.0589816 -0.55669 1.02201 -0.0589781 -0.533379 1.02085 -0.0589748 0.5575 1.02084 -0.0589714 -0.544247 1.0214 -0.0589707 -0.538975 1.02113 -0.058969 0.57365 1.02166 -0.0589683 -0.566613 1.02252 -0.0589683 0.590849 1.02252 -0.0589639 0.576043 1.02172 -0.0589547 0.563151 1.02109 -0.0589518 0.56844 1.02135 -0.0589448 0.588848 1.02241 -0.0589398 0.561823 1.02097 -0.0589391 -0.551838 1.02167 -0.0589328 0.571249 1.02142 -0.0589292 -0.55957 1.02211 -0.0589239 -0.566617 1.02242 -0.0589235 -0.537671 1.02094 -0.0589177 0.566528 1.02115 -0.058911 -0.547055 1.02138 -0.0589088 -0.538684 1.02099 -0.058907 0.585902 1.02212 -0.0588999 0.583786 1.02205 -0.0588984 -0.542352 1.02112 -0.0588973 0.562835 1.02096 -0.0588923 0.562131 1.0209 -0.0588888 -0.554441 1.02176 -0.0588825 -0.538011 1.02089 -0.0588823 -0.569612 1.02256 -0.0588823 0.593848 1.02256 -0.0588787 -0.538375 1.02091 -0.0588768 -0.561686 1.02206 -0.0588755 0.562496 1.02089 -0.0588701 -0.543971 1.02118 -0.0588694 -0.549243 1.02145 -0.0588658 0.578646 1.02171 -0.0588611 -0.571609 1.02257 -0.0588611 0.595845 1.02257 -0.0588604 0.581039 1.02177 -0.0588542 0.568147 1.02114 -0.0588501 0.573436 1.02141 -0.0588399 0.566819 1.02102 -0.0588381 0.593844 1.02247 -0.0588359 -0.556834 1.02172 -0.0588308 0.576245 1.02147 -0.0588239 -0.564566 1.02216 -0.0588237 -0.542668 1.021 -0.0588172 -0.571613 1.02248 -0.0588169 0.571524 1.0212 -0.0588092 -0.552052 1.02143 -0.0588088 -0.54368 1.02104 -0.0588016 0.590899 1.02217 -0.0587978 -0.547349 1.02117 -0.0587974 0.567832 1.02101 -0.0587949 0.588783 1.0221 -0.0587927 0.567127 1.02095 -0.0587852 -0.559437 1.02181 -0.058783 -0.543007 1.02094 -0.0587791 -0.543372 1.02096 -0.0587759 0.567492 1.02094 -0.0587718 -0.566682 1.02211 -0.0587692 -0.548967 1.02123 -0.0587673 -0.554239 1.0215 -0.0587624 0.583642 1.02176 -0.0587567 0.586035 1.02182 -0.0587535 0.573143 1.02119 -0.0587481 0.578432 1.02146 -0.0587397 0.571815 1.02107 -0.0587324 -0.56183 1.02177 -0.0587294 -0.453197 0.892124 -0.0587294 -0.453197 1.10788 -0.0587286 0.581241 1.02152 -0.0587237 -0.547664 1.02105 -0.0587184 -0.569562 1.02221 -0.0587159 0.576521 1.02126 -0.0587085 -0.548676 1.02109 -0.0587071 -0.557048 1.02148 -0.0586973 0.572828 1.02106 -0.0586969 -0.552345 1.02122 -0.0586961 0.595895 1.02222 -0.0586929 0.572124 1.021 -0.0586897 0.593779 1.02215 -0.0586832 -0.548003 1.02099 -0.0586813 -0.564433 1.02186 -0.0586792 -0.548368 1.02101 -0.0586761 0.572488 1.02099 -0.058668 -0.553963 1.02128 -0.0586665 -0.571678 1.02216 -0.0586649 -0.559235 1.02155 -0.0586588 0.588639 1.02181 -0.0586528 0.591031 1.02187 -0.0586525 0.578139 1.02124 -0.0586459 0.583428 1.02151 -0.0586393 0.576811 1.02112 -0.0586288 -0.566826 1.02182 -0.0586261 0.586237 1.02157 -0.0586234 -0.55266 1.0211 -0.0586146 0.581517 1.02131 -0.0586081 -0.553672 1.02114 -0.0586049 -0.562044 1.02153 -0.058597 0.577824 1.02111 -0.0585958 -0.557341 1.02127 -0.0585928 0.57712 1.02105 -0.0585832 -0.552999 1.02104 -0.0585791 -0.553364 1.02106 -0.0585772 -0.569429 1.02191 -0.0585761 0.577484 1.02104 -0.0585667 -0.558959 1.02133 -0.0585622 -0.564231 1.0216 -0.0585549 0.593635 1.02186 -0.0585513 0.583135 1.02129 -0.0585487 0.596028 1.02192 -0.0585435 0.588425 1.02156 -0.0585387 0.581808 1.02117 -0.0585249 -0.571822 1.02187 -0.0585234 0.591233 1.02162 -0.0585229 -0.557656 1.02115 -0.0585131 0.586513 1.02136 -0.0585077 -0.63798 1.00935 -0.0585074 -0.558669 1.02119 -0.0585023 -0.56704 1.02158 -0.0584964 0.58282 1.02116 -0.0584945 -0.562337 1.02132 -0.0584925 0.582116 1.0211 -0.0584877 -0.630594 1.02247 -0.058483 -0.557996 1.02109 -0.0584788 -0.55836 1.02111 -0.0584759 0.582481 1.02109 -0.0584651 -0.563956 1.02138 -0.0584594 -0.569228 1.02165 -0.0584499 0.588131 1.02134 -0.0584408 0.593421 1.02161 -0.0584379 0.586804 1.02122 -0.0584222 -0.562652 1.0212 -0.0584205 0.596229 1.02167 -0.0584115 0.591509 1.0214 -0.0584065 -0.563665 1.02124 -0.0583996 -0.572036 1.02163 -0.0583956 0.587816 1.02121 -0.058393 -0.567333 1.02137 -0.0583921 0.587112 1.02115 -0.0583826 -0.562992 1.02114 -0.0583783 -0.563356 1.02116 -0.0583754 0.587477 1.02114 -0.0583633 -0.568952 1.02143 -0.0583483 0.593128 1.02139 -0.0583368 0.5918 1.02127 -0.0583213 -0.567648 1.02124 -0.0583123 -0.650157 1.0222 -0.0583096 0.596505 1.02145 -0.0583053 -0.568661 1.02129 -0.0582946 0.592812 1.02126 -0.0582913 0.592108 1.0212 -0.0582913 -0.572329 1.02142 -0.0582819 -0.567988 1.02119 -0.0582776 -0.568353 1.02121 -0.0582748 0.592473 1.02119 -0.0582356 0.596796 1.02132 -0.0582201 -0.572645 1.02129 -0.0581904 0.597105 1.02125 -0.0581808 -0.572988 1.02124 -0.0581782 -0.573382 1.02126 -0.0581782 0.597618 1.02126 -0.0581766 -0.573349 1.02125 -0.0581743 0.597468 1.02124 -0.0581412 -0.638025 1.00962 -0.0580256 -0.530474 1.02831 -0.0580256 -0.510474 1.02831 -0.057936 -0.530474 1.02299 -0.057936 -0.510474 1.02299 -0.0579062 -0.454766 0.900482 -0.0579062 -0.454766 1.09952 -0.0579062 0.479002 0.900482 -0.0579062 0.479002 1.09952 -0.0577455 -0.635566 1.01501 -0.0576045 0.536644 0.971544 -0.0576045 0.556644 0.971544 -0.0575714 -0.633896 1.01791 -0.0575669 -0.638895 1.00791 -0.0570674 -0.655563 1.00715 -0.056655 0.536644 0.976508 -0.056655 0.536644 1.02349 -0.056655 0.556644 0.976508 -0.056655 0.556644 1.02349 -0.0564621 -0.639555 1.00622 -0.0564619 -0.637071 1.01304 -0.056454 -0.571487 0.976435 -0.056454 0.595723 0.976435 -0.0564258 -0.63902 1.00872 -0.0564199 0.59572 0.976532 -0.0563639 -0.568489 0.976404 -0.0563639 0.592725 0.976404 -0.0563426 -0.566491 0.976396 -0.0563426 0.590727 0.976396 -0.05633 -0.568493 0.9765 -0.0563256 -0.571438 0.976795 -0.056309 0.590724 0.976493 -0.0563026 0.595655 0.976859 -0.0562765 -0.635518 1.01593 -0.0562524 -0.563493 0.976365 -0.0562524 0.587729 0.976365 -0.0562386 0.592774 0.976764 -0.0562311 -0.561495 0.976358 -0.0562311 0.585731 0.976358 -0.056219 -0.563496 0.976462 -0.0562167 -0.568558 0.976828 -0.056216 -0.566442 0.976757 -0.0562104 -0.571305 0.97711 -0.056198 0.585727 0.976454 -0.0561932 0.590658 0.97682 -0.0561917 0.595511 0.97716 -0.0561408 -0.558496 0.976327 -0.0561408 0.582732 0.976327 -0.0561313 0.592907 0.977082 -0.0561288 0.587778 0.976726 -0.0561195 -0.556499 0.97632 -0.0561195 0.580735 0.97632 -0.0561144 -0.568702 0.977133 -0.0561094 -0.571103 0.977377 -0.0561078 -0.5585 0.976424 -0.0561072 -0.563562 0.97679 -0.0561062 -0.561446 0.976719 -0.0561022 -0.566309 0.977072 -0.0560929 0.595297 0.97742 -0.0560868 0.580731 0.976417 -0.0560838 0.585662 0.976782 -0.0560837 0.590514 0.977122 -0.0560782 -0.633767 1.01878 -0.0560425 0.593109 0.977353 -0.0560291 -0.5535 0.976289 -0.0560291 0.577736 0.976289 -0.0560285 -0.568916 0.977397 -0.056023 0.587911 0.977044 -0.0560213 -0.570828 0.977601 -0.0560189 0.582782 0.976689 -0.0560078 -0.551502 0.976282 -0.0560078 0.575738 0.976282 -0.0560067 0.595003 0.977637 -0.0560064 -0.563706 0.977095 -0.0560025 -0.566107 0.977339 -0.0559976 -0.558565 0.976753 -0.0559966 -0.553504 0.976386 -0.0559963 -0.556449 0.976681 -0.0559939 -0.561313 0.977034 -0.0559862 0.5903 0.977382 -0.0559757 0.585518 0.977085 -0.0559755 0.575735 0.976379 -0.0559742 0.580666 0.976745 -0.0559709 0.593385 0.977583 -0.0559617 -0.570537 0.977742 -0.0559599 -0.569209 0.97762 -0.0559491 0.594688 0.97777 -0.0559355 0.588113 0.977316 -0.0559288 0.593676 0.977731 -0.0559243 -0.570228 0.977819 -0.0559217 -0.56392 0.97736 -0.0559212 -0.569524 0.97776 -0.0559172 -0.548504 0.976252 -0.0559172 0.57274 0.976252 -0.0559162 0.594349 0.977831 -0.0559155 -0.565831 0.977564 -0.0559146 0.582915 0.977007 -0.0559099 0.593984 0.977814 -0.0559088 0.577786 0.976652 -0.0559087 -0.569864 0.977828 -0.055901 0.590007 0.9776 -0.0558982 -0.558709 0.977058 -0.055896 -0.546506 0.976245 -0.055896 0.570742 0.976245 -0.0558955 -0.561111 0.977302 -0.0558879 -0.553569 0.976716 -0.0558863 -0.551453 0.976644 -0.0558855 -0.556316 0.976997 -0.0558851 -0.548507 0.976349 -0.0558794 0.585304 0.977345 -0.0558675 0.580522 0.977048 -0.055865 0.588389 0.977546 -0.0558644 0.575669 0.976708 -0.0558641 0.570739 0.976342 -0.0558565 -0.56554 0.977705 -0.0558541 -0.564213 0.977583 -0.0558441 0.589692 0.977733 -0.0558283 0.583117 0.977279 -0.0558236 0.588679 0.977694 -0.0558195 -0.565232 0.977782 -0.0558162 -0.564528 0.977723 -0.0558148 -0.558923 0.977323 -0.0558114 0.589352 0.977794 -0.0558095 -0.560835 0.977527 -0.0558061 0.577918 0.97697 -0.0558052 -0.543508 0.976216 -0.0558052 0.567744 0.976216 -0.0558051 0.588988 0.977777 -0.0558039 -0.564867 0.977792 -0.0557987 0.572789 0.976615 -0.0557952 0.585011 0.977563 -0.0557899 -0.553713 0.977022 -0.0557884 -0.556115 0.977266 -0.055784 -0.54151 0.976209 -0.055784 0.565746 0.976209 -0.055778 -0.548573 0.97668 -0.055777 -0.55132 0.976961 -0.0557762 -0.546457 0.976608 -0.0557736 -0.543511 0.976313 -0.0557725 0.580308 0.977309 -0.0557592 0.575525 0.977011 -0.055759 0.583392 0.97751 -0.0557546 0.570673 0.976672 -0.0557526 0.565742 0.976306 -0.0557513 -0.560544 0.977669 -0.0557483 -0.559217 0.977547 -0.0557389 0.584696 0.977697 -0.0557211 0.57812 0.977243 -0.0557182 0.583683 0.977658 -0.0557146 -0.560236 0.977746 -0.055711 -0.559532 0.977687 -0.0557078 -0.553927 0.977287 -0.0557065 0.584356 0.977758 -0.0557034 -0.555839 0.977491 -0.0557001 0.583992 0.977741 -0.055699 -0.559871 0.977755 -0.0556974 0.572922 0.976934 -0.0556931 -0.538511 0.97618 -0.0556931 0.562747 0.97618 -0.0556893 0.580015 0.977527 -0.0556884 0.567793 0.976579 -0.0556815 -0.548717 0.976986 -0.0556811 -0.551118 0.97723 -0.0556757 0.597618 1.02229 -0.0556719 -0.536514 0.976173 -0.0556719 0.560749 0.976173 -0.0556683 -0.546324 0.976925 -0.055668 -0.543577 0.976644 -0.0556659 -0.54146 0.976572 -0.0556654 0.575311 0.977273 -0.055662 -0.538515 0.976277 -0.0556528 0.578396 0.977474 -0.0556508 0.570529 0.976976 -0.0556458 -0.555548 0.977633 -0.0556446 0.565677 0.976636 -0.0556423 -0.55422 0.977511 -0.055641 0.560746 0.97627 -0.0556336 0.579699 0.977661 -0.0556137 0.573124 0.977208 -0.0556128 0.578687 0.977622 -0.0556096 -0.555239 0.97771 -0.0556056 -0.554535 0.977652 -0.0556016 0.57936 0.977722 -0.0556006 -0.548931 0.977252 -0.0555972 -0.550843 0.977455 -0.0555951 0.578995 0.977705 -0.055594 -0.554875 0.97772 -0.0555886 0.567926 0.976899 -0.0555837 -0.573382 1.02233 -0.0555833 0.575018 0.977491 -0.0555809 -0.533515 0.976144 -0.0555809 0.557751 0.976144 -0.055578 0.562797 0.976544 -0.0555737 -0.546122 0.977194 -0.055573 -0.543721 0.97695 -0.0555597 -0.531517 0.976137 -0.0555597 0.555753 0.976137 -0.0555596 -0.541328 0.976889 -0.0555582 0.570315 0.977238 -0.0555579 -0.53858 0.976608 -0.0555555 -0.536464 0.976537 -0.055553 -0.652401 1.01797 -0.0555502 -0.533519 0.976242 -0.0555465 0.5734 0.977439 -0.0555423 0.565533 0.97694 -0.0555403 -0.550552 0.977598 -0.0555362 -0.549224 0.977476 -0.0555346 0.560681 0.976601 -0.0555293 0.55575 0.976235 -0.0555282 0.574703 0.977626 -0.0555072 0.573691 0.977587 -0.0555062 0.568128 0.977172 -0.0555044 -0.550243 0.977675 -0.0555002 -0.549539 0.977616 -0.0554965 0.574364 0.977687 -0.0554933 -0.543935 0.977216 -0.0554909 -0.545846 0.97742 -0.0554899 0.573999 0.97767 -0.0554889 -0.549879 0.977685 -0.0554797 0.56293 0.976864 -0.0554771 0.570022 0.977456 -0.0554686 -0.528519 0.976109 -0.0554686 0.552755 0.976109 -0.0554675 0.5578 0.976509 -0.0554662 -0.541126 0.97716 -0.0554643 -0.538724 0.976915 -0.055451 0.565319 0.977203 -0.0554507 -0.536331 0.976855 -0.0554477 -0.533584 0.976573 -0.0554474 -0.526521 0.976103 -0.0554474 0.550757 0.976103 -0.0554451 -0.531468 0.976502 -0.0554408 -0.638168 1.01148 -0.0554401 0.568403 0.977404 -0.0554383 -0.528522 0.976207 -0.0554347 -0.545555 0.977563 -0.0554337 0.560537 0.976905 -0.05543 -0.544228 0.977441 -0.0554244 0.555684 0.976566 -0.0554227 0.569707 0.977591 -0.0554174 0.550753 0.976201 -0.0554015 0.568694 0.977552 -0.0553991 -0.545247 0.97764 -0.0553986 0.563131 0.977138 -0.0553946 -0.544543 0.977582 -0.0553912 0.569367 0.977653 -0.055386 -0.538938 0.977182 -0.0553846 0.569003 0.977636 -0.0553845 -0.54085 0.977386 -0.0553837 -0.544882 0.97765 -0.0553709 0.565026 0.977422 -0.0553708 0.557933 0.976829 -0.0553586 -0.536129 0.977125 -0.0553569 0.552804 0.976474 -0.0553561 -0.523522 0.976075 -0.0553561 0.547758 0.976075 -0.0553556 -0.533728 0.976881 -0.055348 -0.530474 0.976072 -0.055348 -0.510474 0.976072 -0.0553436 0.560323 0.977168 -0.0553417 -0.531335 0.97682 -0.0553374 -0.528588 0.976539 -0.055335 -0.521525 0.976068 -0.055335 0.545761 0.976068 -0.0553345 -0.526471 0.976467 -0.0553336 0.563407 0.977369 -0.0553289 -0.540559 0.977529 -0.0553264 -0.523526 0.976173 -0.0553249 0.55554 0.976871 -0.0553236 -0.539231 0.977407 -0.0553184 -0.573245 1.02239 -0.0553171 0.564711 0.977557 -0.0553141 0.550688 0.976532 -0.0553055 0.545757 0.976166 -0.0552957 0.563698 0.977518 -0.0552937 -0.540251 0.977606 -0.0552909 0.558135 0.977104 -0.0552895 -0.640153 1.00442 -0.055289 -0.539547 0.977548 -0.0552859 0.564371 0.977619 -0.055284 0.536644 1.02913 -0.055284 0.556644 1.02913 -0.0552792 0.564007 0.977602 -0.0552785 -0.533942 0.977148 -0.0552783 -0.539886 0.977616 -0.055278 -0.535854 0.977352 -0.0552645 0.560029 0.977388 -0.0552617 0.552937 0.976795 -0.0552509 -0.531133 0.977091 -0.0552467 -0.528732 0.976847 -0.0552462 0.547808 0.97644 -0.0552436 -0.518526 0.976041 -0.0552436 0.542762 0.976041 -0.0552361 0.555326 0.977135 -0.0552326 -0.526339 0.976787 -0.055227 -0.523591 0.976505 -0.055227 0.558411 0.977336 -0.0552238 -0.521475 0.976434 -0.0552231 -0.535563 0.977495 -0.0552225 -0.516528 0.976035 -0.0552225 0.540764 0.976035 -0.0552172 -0.534235 0.977373 -0.0552161 0.550544 0.976838 -0.0552143 -0.51853 0.976139 -0.0552114 0.559714 0.977523 -0.0552037 0.545692 0.976498 -0.0551935 0.540761 0.976133 -0.0551898 0.558702 0.977484 -0.0551882 -0.535254 0.977573 -0.0551832 -0.53455 0.977514 -0.0551831 0.553139 0.97707 -0.0551805 0.559375 0.977585 -0.0551737 0.55901 0.977568 -0.0551729 -0.53489 0.977583 -0.0551713 -0.530857 0.977318 -0.0551709 -0.528946 0.977114 -0.055158 0.555033 0.977355 -0.0551525 0.547941 0.976762 -0.0551431 -0.526137 0.977058 -0.0551378 -0.523735 0.976814 -0.0551354 0.542812 0.976407 -0.055131 -0.51353 0.976008 -0.055131 0.537766 0.976008 -0.0551285 0.55033 0.977101 -0.0551235 -0.521342 0.976753 -0.0551203 0.553415 0.977302 -0.0551171 -0.530566 0.977462 -0.0551165 -0.518595 0.976472 -0.055113 -0.516479 0.976401 -0.0551107 -0.529239 0.97734 -0.0551099 -0.511532 0.976002 -0.0551099 0.535768 0.976002 -0.0551071 0.545548 0.976804 -0.0551055 0.554718 0.97749 -0.0551021 -0.513533 0.976106 -0.0550933 0.540695 0.976465 -0.0550837 0.553705 0.977451 -0.0550826 -0.530258 0.97754 -0.0550813 0.535764 0.9761 -0.0550773 -0.529554 0.977481 -0.0550752 0.548142 0.977037 -0.0550749 0.554379 0.977552 -0.055068 0.554014 0.977535 -0.0550673 -0.529893 0.97755 -0.0550646 -0.525861 0.977285 -0.0550632 -0.523949 0.977081 -0.0550515 0.550037 0.977322 -0.0550434 -0.639706 1.0072 -0.0550432 0.542944 0.976729 -0.0550352 -0.521141 0.977025 -0.0550287 -0.518739 0.976781 -0.0550245 0.537815 0.976374 -0.0550208 0.545334 0.977069 -0.0550183 -0.508533 0.975975 -0.0550183 0.532769 0.975975 -0.0550142 -0.516346 0.976721 -0.0550135 0.548418 0.97727 -0.055011 -0.52557 0.977429 -0.0550059 -0.513599 0.976439 -0.055004 -0.524243 0.977307 -0.0550021 -0.511483 0.976368 -0.0549996 0.549722 0.977457 -0.0549981 0.540551 0.976772 -0.0549973 -0.506536 0.975969 -0.0549973 0.530772 0.975969 -0.0549939 -0.637021 1.01397 -0.0549899 -0.508537 0.976073 -0.0549827 0.535699 0.976433 -0.0549776 0.548709 0.977419 -0.0549769 -0.525262 0.977507 -0.0549713 -0.524558 0.977449 -0.0549693 0.549382 0.97752 -0.0549691 0.530768 0.976067 -0.0549672 0.543146 0.977005 -0.0549644 -0.656424 1.00393 -0.0549623 0.549018 0.977503 -0.0549617 -0.524897 0.977517 -0.0549577 -0.520865 0.977253 -0.0549554 -0.518953 0.977049 -0.0549448 0.54504 0.977289 -0.0549338 0.537948 0.976697 -0.0549272 -0.516144 0.976993 -0.0549196 -0.513743 0.976749 -0.0549135 0.532819 0.976342 -0.054913 0.540337 0.977036 -0.0549066 0.543422 0.977237 -0.0549055 -0.503537 0.975943 -0.0549055 0.527773 0.975943 -0.0549049 -0.520574 0.977397 -0.0549048 -0.51135 0.976688 -0.0548973 -0.519246 0.977275 -0.0548952 -0.508602 0.976407 -0.0548936 0.544725 0.977425 -0.0548912 -0.506486 0.976336 -0.054889 0.535555 0.97674 -0.0548845 -0.501539 0.975937 -0.0548845 0.525775 0.975937 -0.0548775 -0.503541 0.976041 -0.054872 0.530703 0.976401 -0.0548714 0.543713 0.977387 -0.0548711 -0.520265 0.977475 -0.0548653 -0.519561 0.977417 -0.0548635 0.544386 0.977488 -0.0548591 0.53815 0.976973 -0.0548568 0.525772 0.976035 -0.0548565 0.544021 0.977471 -0.054856 -0.519901 0.977485 -0.0548511 -0.530474 0.970768 -0.0548511 -0.510474 0.970768 -0.0548508 -0.515868 0.977221 -0.0548475 -0.513957 0.977017 -0.054838 0.540044 0.977257 -0.0548243 0.532952 0.976665 -0.0548226 -0.65291 1.01686 -0.0548191 -0.511148 0.976961 -0.0548103 -0.508746 0.976717 -0.0548051 0.535341 0.977005 -0.0548024 0.527822 0.97631 -0.0547996 0.538426 0.977206 -0.0547986 -0.515577 0.977365 -0.0547954 -0.506353 0.976657 -0.0547926 -0.498541 0.975911 -0.0547926 0.522777 0.975911 -0.0547905 -0.51425 0.977243 -0.0547875 0.539729 0.977393 -0.0547852 -0.635387 1.0168 -0.0547845 -0.503606 0.976376 -0.0547801 -0.50149 0.976304 -0.0547798 0.530559 0.976708 -0.0547716 -0.496543 0.975905 -0.0547716 0.520779 0.975905 -0.0547653 -0.515269 0.977443 -0.0547651 0.538716 0.977355 -0.0547651 -0.498544 0.97601 -0.0547613 0.525706 0.976369 -0.0547591 -0.514565 0.977385 -0.0547577 0.53939 0.977456 -0.0547509 0.533154 0.976941 -0.0547506 0.539025 0.977439 -0.0547501 -0.514904 0.977454 -0.0547444 0.520775 0.976004 -0.0547438 -0.510872 0.977189 -0.0547395 -0.50896 0.976986 -0.0547312 0.535048 0.977226 -0.0547147 0.527955 0.976634 -0.0547109 -0.506152 0.97693 -0.054701 -0.50375 0.976686 -0.0546971 0.530345 0.976973 -0.0546925 0.533429 0.977175 -0.0546923 -0.510581 0.977334 -0.0546912 0.522826 0.976279 -0.0546858 -0.501357 0.976626 -0.0546836 -0.509254 0.977212 -0.0546812 0.534733 0.977362 -0.0546796 -0.493544 0.97588 -0.0546796 0.51778 0.97588 -0.0546736 -0.49861 0.976345 -0.0546705 0.525562 0.976677 -0.054669 -0.496494 0.976273 -0.0546593 -0.510273 0.977412 -0.0546587 0.53372 0.977324 -0.0546587 -0.491547 0.975874 -0.0546587 0.515783 0.975874 -0.0546529 -0.509569 0.977354 -0.0546526 -0.493548 0.975979 -0.0546518 0.534393 0.977425 -0.0546505 0.52071 0.976338 -0.0546446 0.534029 0.977408 -0.0546442 -0.509908 0.977423 -0.0546427 0.528157 0.97691 -0.0546367 -0.505876 0.977158 -0.054632 0.515779 0.975973 -0.0546314 -0.503964 0.976955 -0.0546243 0.530051 0.977195 -0.0546131 -0.639094 1.00994 -0.0546051 0.522959 0.976603 -0.0546027 -0.501155 0.976899 -0.0545916 -0.498754 0.976655 -0.054589 0.525348 0.976943 -0.0545858 -0.505585 0.977303 -0.0545853 0.528433 0.977144 -0.05458 0.51783 0.976249 -0.0545766 -0.504257 0.977182 -0.0545762 -0.496361 0.976595 -0.054575 -0.569466 1.02415 -0.054575 -0.564466 1.02415 -0.054575 -0.561464 1.02415 -0.054575 -0.559466 1.02415 -0.054575 -0.556464 1.02415 -0.054575 -0.554466 1.02415 -0.054575 -0.551464 1.02415 -0.054575 -0.549466 1.02415 -0.054575 -0.546465 1.02415 -0.054575 -0.544466 1.02415 -0.054575 -0.541465 1.02415 -0.054575 -0.539466 1.02415 -0.054575 -0.536465 1.02415 -0.054575 -0.534466 1.02415 -0.054575 -0.531464 1.02415 -0.054575 -0.529466 1.02415 -0.054575 -0.524466 1.02415 -0.054575 0.548702 1.02415 -0.054575 0.553702 1.02415 -0.054575 0.5557 1.02415 -0.054575 0.558702 1.02415 -0.054575 0.5607 1.02415 -0.054575 0.563702 1.02415 -0.054575 0.5657 1.02415 -0.054575 0.568702 1.02415 -0.054575 0.5707 1.02415 -0.054575 0.573702 1.02415 -0.054575 0.5757 1.02415 -0.054575 0.578702 1.02415 -0.054575 0.5807 1.02415 -0.054575 0.583702 1.02415 -0.054575 0.5857 1.02415 -0.054575 0.588702 1.02415 -0.054575 0.593702 1.02415 -0.054575 -0.571464 1.02415 -0.054575 -0.566464 1.02415 -0.054575 -0.526464 1.02415 -0.054575 -0.521464 1.02415 -0.054575 -0.519466 1.02415 -0.054575 -0.516464 1.02415 -0.054575 -0.514466 1.02415 -0.054575 -0.511464 1.02415 -0.054575 -0.509466 1.02415 -0.054575 0.533702 1.02415 -0.054575 0.5357 1.02415 -0.054575 0.538702 1.02415 -0.054575 0.5407 1.02415 -0.054575 0.543702 1.02415 -0.054575 0.5457 1.02415 -0.054575 0.5507 1.02415 -0.054575 0.5907 1.02415 -0.054575 0.5957 1.02415 -0.054575 -0.506464 1.02415 -0.054575 -0.504466 1.02415 -0.054575 -0.501464 1.02415 -0.054575 -0.499466 1.02415 -0.054575 0.523702 1.02415 -0.054575 0.5257 1.02415 -0.054575 0.528702 1.02415 -0.054575 0.5307 1.02415 -0.054575 -0.496464 1.02415 -0.054575 -0.494466 1.02415 -0.054575 0.518702 1.02415 -0.054575 0.5207 1.02415 -0.054575 -0.573382 0.975852 -0.054575 -0.493548 0.975852 -0.054575 -0.491549 0.975852 -0.054575 -0.473382 0.975852 -0.054575 -0.473382 1.02415 -0.054575 0.497618 0.975852 -0.054575 0.497618 1.02415 -0.054575 0.515785 0.975852 -0.054575 0.517784 0.975852 -0.054575 0.597618 0.975852 -0.054575 -0.498548 0.975852 -0.054575 -0.496549 0.975852 -0.054575 0.520785 0.975852 -0.054575 0.522784 0.975852 -0.054575 -0.513548 0.975852 -0.054575 -0.511549 0.975852 -0.054575 -0.508548 0.975852 -0.054575 -0.506549 0.975852 -0.054575 -0.503548 0.975852 -0.054575 -0.501549 0.975852 -0.054575 0.525785 0.975852 -0.054575 0.527784 0.975852 -0.054575 0.530785 0.975852 -0.054575 0.532784 0.975852 -0.054575 0.535785 0.975852 -0.054575 0.537784 0.975852 -0.054575 -0.571549 0.975852 -0.054575 -0.568548 0.975852 -0.054575 -0.563548 0.975852 -0.054575 -0.558548 0.975852 -0.054575 -0.553548 0.975852 -0.054575 -0.548548 0.975852 -0.054575 -0.543548 0.975852 -0.054575 -0.538548 0.975852 -0.054575 -0.533548 0.975852 -0.054575 -0.528548 0.975852 -0.054575 -0.526549 0.975852 -0.054575 -0.523548 0.975852 -0.054575 -0.521549 0.975852 -0.054575 -0.518548 0.975852 -0.054575 -0.516549 0.975852 -0.054575 0.540785 0.975852 -0.054575 0.542784 0.975852 -0.054575 0.545785 0.975852 -0.054575 0.547784 0.975852 -0.054575 0.550785 0.975852 -0.054575 0.552784 0.975852 -0.054575 0.557784 0.975852 -0.054575 0.562784 0.975852 -0.054575 0.567784 0.975852 -0.054575 0.572784 0.975852 -0.054575 0.577784 0.975852 -0.054575 0.582784 0.975852 -0.054575 0.587784 0.975852 -0.054575 0.592784 0.975852 -0.054575 0.595785 0.975852 -0.054575 -0.566549 0.975852 -0.054575 -0.561549 0.975852 -0.054575 -0.556549 0.975852 -0.054575 -0.551549 0.975852 -0.054575 -0.546549 0.975852 -0.054575 -0.541549 0.975852 -0.054575 -0.536549 0.975852 -0.054575 -0.531549 0.975852 -0.054575 0.555785 0.975852 -0.054575 0.560785 0.975852 -0.054575 0.565785 0.975852 -0.054575 0.570785 0.975852 -0.054575 0.575785 0.975852 -0.054575 0.580785 0.975852 -0.054575 0.585785 0.975852 -0.054575 0.590785 0.975852 -0.054575 0.529736 0.977332 -0.0545666 -0.488548 0.97585 -0.0545666 0.512784 0.97585 -0.0545627 -0.493613 0.976314 -0.0545611 0.520566 0.976646 -0.0545578 -0.491497 0.976243 -0.0545532 -0.505276 0.977382 -0.0545523 0.528724 0.977294 -0.0545465 -0.504572 0.977324 -0.0545458 0.529397 0.977395 -0.05454 -0.488552 0.975948 -0.0545396 0.515714 0.976308 -0.0545385 0.529032 0.977378 -0.0545382 -0.504912 0.977392 -0.0545343 0.523161 0.97688 -0.0545295 -0.500879 0.977128 -0.0545233 -0.498968 0.976924 -0.0545174 -0.491463 1.02416 -0.0545174 0.515699 1.02416 -0.0545173 0.525055 0.977165 -0.0544954 0.517963 0.976573 -0.0544944 -0.496159 0.976869 -0.0544912 -0.491466 1.02406 -0.0544821 -0.493757 0.976625 -0.0544809 0.520352 0.976913 -0.0544793 -0.500589 0.977273 -0.054478 0.523437 0.977114 -0.0544695 -0.499261 0.977151 -0.0544687 0.512833 0.976219 -0.0544686 0.52474 0.977302 -0.0544665 -0.491364 0.976565 -0.0544517 -0.488617 0.976284 -0.0544516 0.51557 0.976617 -0.0544471 -0.50028 0.977352 -0.0544457 0.523728 0.977264 -0.0544401 -0.499576 0.977294 -0.0544397 0.524401 0.977365 -0.0544324 0.524036 0.977348 -0.0544321 -0.499915 0.977362 -0.0544259 0.518164 0.97685 -0.0544251 -0.494461 1.02419 -0.0544251 0.518697 1.02419 -0.0544222 -0.495883 0.977098 -0.0544186 0.515748 1.02379 -0.0544151 -0.493971 0.976895 -0.0544102 0.520059 0.977135 -0.0544041 -0.496459 1.02419 -0.0544041 0.520695 1.02419 -0.0544008 -0.491532 1.02373 -0.0543991 0.518694 1.02409 -0.0543859 -0.491162 0.976839 -0.0543856 0.512966 0.976543 -0.0543784 -0.496462 1.02409 -0.0543728 -0.495592 0.977243 -0.0543727 0.515356 0.976883 -0.0543726 -0.488761 0.976595 -0.0543707 0.51844 0.977084 -0.0543623 -0.494265 0.977122 -0.0543621 0.519744 0.977272 -0.0543409 -0.495284 0.977322 -0.0543391 0.518731 0.977234 -0.0543336 -0.49458 0.977264 -0.0543336 0.519404 0.977335 -0.0543294 -0.494412 1.02382 -0.0543292 0.515881 1.02347 -0.0543261 0.51904 0.977318 -0.0543259 -0.494919 0.977333 -0.0543174 0.513168 0.976821 -0.0543149 -0.490887 0.977069 -0.0543147 -0.491675 1.02342 -0.0543128 0.518628 1.02375 -0.0543117 -0.499457 1.02422 -0.0543117 0.523693 1.02422 -0.0543071 0.520744 1.02382 -0.0543068 -0.488975 0.976865 -0.054303 0.515062 0.977106 -0.0542958 0.597618 1.02273 -0.0542906 -0.501455 1.02422 -0.0542906 0.525691 1.02422 -0.0542896 -0.496528 1.02376 -0.0542862 0.52369 1.02412 -0.0542661 -0.490596 0.977214 -0.0542654 -0.501459 1.02412 -0.0542633 0.513444 0.977055 -0.0542556 0.514747 0.977243 -0.0542551 -0.489268 0.977093 -0.0542503 0.516083 1.0232 -0.0542482 -0.494279 1.02349 -0.0542373 -0.49189 1.02315 -0.0542355 0.518484 1.02344 -0.0542346 -0.490287 0.977293 -0.0542324 0.513735 0.977205 -0.0542273 0.514408 0.977306 -0.0542271 -0.489583 0.977235 -0.0542198 0.514043 0.97729 -0.0542197 -0.489923 0.977304 -0.0542192 0.520877 1.0235 -0.0542177 -0.499408 1.02385 -0.0542087 -0.573382 1.02275 -0.0542049 -0.496672 1.02345 -0.0542014 0.523624 1.02378 -0.0541981 -0.504454 1.02425 -0.0541981 0.52869 1.02425 -0.0541953 0.525741 1.02385 -0.0541816 -0.494077 1.02322 -0.0541806 0.516358 1.02297 -0.0541781 -0.501524 1.02379 -0.0541769 -0.506452 1.02425 -0.0541769 0.530688 1.02425 -0.0541731 0.528686 1.02415 -0.0541713 0.51827 1.02317 -0.0541689 -0.492183 1.02293 -0.0541521 -0.506455 1.02415 -0.0541415 0.521079 1.02323 -0.054138 -0.499275 1.02352 -0.0541326 0.516649 1.02282 -0.0541289 -0.493801 1.02298 -0.0541288 -0.496886 1.02318 -0.0541256 0.523481 1.02347 -0.0541223 -0.492498 1.02279 -0.0541209 0.517977 1.02294 -0.0541089 0.525874 1.02353 -0.0541058 -0.504404 1.02388 -0.0541016 0.516958 1.02274 -0.0540989 -0.49351 1.02283 -0.0540948 -0.501668 1.02348 -0.0540944 -0.492837 1.02273 -0.0540937 0.517662 1.0228 -0.0540928 -0.640659 1.00259 -0.0540898 0.528621 1.02381 -0.0540868 -0.493202 1.02275 -0.0540868 0.517322 1.02273 -0.0540843 -0.50945 1.02427 -0.0540843 0.533686 1.02427 -0.0540834 0.530737 1.02388 -0.0540729 0.521355 1.023 -0.0540728 -0.499073 1.02324 -0.0540664 -0.506521 1.02382 -0.054063 -0.511448 1.02428 -0.054063 0.535684 1.02428 -0.0540627 0.523266 1.0232 -0.0540614 -0.497179 1.02296 -0.0540597 0.533683 1.02417 -0.0540387 -0.511451 1.02418 -0.0540326 0.526075 1.02325 -0.0540277 -0.504272 1.02355 -0.0540256 0.521646 1.02285 -0.0540212 -0.498798 1.02301 -0.05402 -0.501882 1.02321 -0.0540155 0.528477 1.0235 -0.0540155 -0.497494 1.02282 -0.0540134 0.522973 1.02297 -0.0539985 0.53087 1.02356 -0.053995 0.521954 1.02277 -0.0539938 -0.509401 1.0239 -0.0539918 -0.498507 1.02286 -0.0539879 -0.497834 1.02276 -0.0539868 0.522658 1.02283 -0.0539846 -0.506665 1.02351 -0.0539802 0.522319 1.02276 -0.0539802 -0.498198 1.02277 -0.0539781 0.533617 1.02384 -0.0539739 -0.638118 1.0124 -0.0539712 0.535733 1.02391 -0.0539703 -0.514446 1.0243 -0.0539703 0.538682 1.0243 -0.053965 0.526351 1.02302 -0.0539637 -0.50407 1.02327 -0.0539546 -0.511517 1.02384 -0.0539538 0.528263 1.02323 -0.0539537 -0.502175 1.02299 -0.0539489 -0.516444 1.02431 -0.0539489 0.54068 1.02431 -0.0539462 0.538679 1.0242 -0.0539251 -0.516448 1.02421 -0.0539234 0.531072 1.02328 -0.0539185 0.526642 1.02288 -0.0539171 -0.509268 1.02358 -0.0539132 -0.503794 1.02304 -0.0539111 -0.506879 1.02324 -0.0539084 -0.502491 1.02285 -0.0539056 0.52797 1.023 -0.0539052 0.533473 1.02352 -0.0538881 0.52695 1.0228 -0.0538879 0.535866 1.02358 -0.0538846 -0.503503 1.02289 -0.0538815 -0.514397 1.02393 -0.0538811 -0.50283 1.02278 -0.0538798 0.527655 1.02286 -0.0538743 -0.511661 1.02353 -0.0538734 0.527315 1.02279 -0.0538733 -0.503195 1.0228 -0.0538671 -0.640306 1.0054 -0.0538661 0.538613 1.02386 -0.0538589 0.54073 1.02394 -0.053857 0.531348 1.02305 -0.0538561 -0.519443 1.02433 -0.0538561 0.543679 1.02433 -0.0538545 -0.509066 1.0233 -0.0538458 -0.507172 1.02301 -0.0538448 0.533259 1.02325 -0.0538426 -0.516513 1.02387 -0.0538347 -0.521441 1.02433 -0.0538347 0.545677 1.02433 -0.0538325 0.543675 1.02423 -0.0538141 0.536068 1.02331 -0.0538113 -0.521444 1.02423 -0.0538111 0.531638 1.0229 -0.0538064 -0.514264 1.0236 -0.0538051 -0.50879 1.02306 -0.0538019 -0.511875 1.02326 -0.0538012 -0.507487 1.02288 -0.0537977 0.532966 1.02303 -0.0537953 -0.530474 1.02434 -0.0537953 -0.510474 1.02434 -0.0537947 0.53847 1.02355 -0.0537811 0.531947 1.02282 -0.0537772 -0.508499 1.02291 -0.053777 0.540863 1.02361 -0.0537742 -0.507826 1.02281 -0.0537725 0.532651 1.02288 -0.0537691 -0.519393 1.02396 -0.0537665 0.532311 1.02281 -0.0537663 -0.508191 1.02283 -0.0537637 -0.516657 1.02356 -0.053754 0.54361 1.02389 -0.0537487 0.536344 1.02308 -0.0537463 0.545726 1.02396 -0.0537451 -0.514062 1.02333 -0.0537417 -0.524439 1.02436 -0.0537417 0.548675 1.02436 -0.0537377 -0.512168 1.02304 -0.0537356 0.538256 1.02328 -0.0537303 -0.52151 1.0239 -0.0537202 -0.526437 1.02436 -0.0537202 0.550673 1.02436 -0.0537186 0.548672 1.02426 -0.0537045 0.541064 1.02333 -0.0537035 0.536635 1.02293 -0.0536973 -0.52644 1.02426 -0.0536968 -0.513787 1.02309 -0.0536955 -0.51926 1.02363 -0.0536937 -0.512483 1.0229 -0.0536926 -0.516871 1.02329 -0.0536895 0.537962 1.02305 -0.053684 0.543466 1.02358 -0.0536739 0.536943 1.02285 -0.0536696 -0.513496 1.02294 -0.053667 -0.512823 1.02284 -0.053666 0.545859 1.02364 -0.053665 0.537647 1.02291 -0.0536593 0.537308 1.02284 -0.0536591 -0.513187 1.02285 -0.0536564 -0.52439 1.02398 -0.0536529 -0.521654 1.02359 -0.0536417 0.548606 1.02392 -0.0536403 0.54134 1.0231 -0.0536355 -0.519059 1.02335 -0.0536336 0.550722 1.02399 -0.0536295 -0.517164 1.02307 -0.0536271 -0.529435 1.02438 -0.0536271 0.553671 1.02438 -0.0536262 0.543252 1.02331 -0.0536179 -0.526506 1.02392 -0.0536055 -0.531433 1.02439 -0.0536055 0.555669 1.02439 -0.0536044 0.553668 1.02428 -0.053601 -0.639762 1.00816 -0.0535958 0.541631 1.02296 -0.0535948 0.546061 1.02336 -0.0535883 -0.518783 1.02312 -0.0535861 -0.51748 1.02293 -0.0535844 -0.524257 1.02366 -0.0535831 -0.521868 1.02332 -0.0535831 -0.531437 1.02429 -0.0535812 0.542959 1.02308 -0.0535732 0.548462 1.0236 -0.0535666 0.541939 1.02288 -0.0535618 -0.518492 1.02296 -0.0535597 -0.517819 1.02286 -0.0535574 0.542644 1.02293 -0.0535548 0.550855 1.02366 -0.053552 0.542304 1.02287 -0.0535517 -0.518184 1.02288 -0.0535436 -0.529386 1.02401 -0.053542 -0.52665 1.02361 -0.0535317 0.546336 1.02313 -0.0535291 0.553602 1.02394 -0.0535257 -0.524055 1.02338 -0.053521 -0.522161 1.02309 -0.0535207 0.555719 1.02401 -0.0535166 0.548248 1.02333 -0.0535124 -0.534432 1.02441 -0.0535124 0.558668 1.02441 -0.0535053 -0.531502 1.02395 -0.0535053 -0.636887 1.01484 -0.0534907 -0.53643 1.02441 -0.0534907 0.560666 1.02441 -0.0534902 0.558664 1.02431 -0.0534878 0.546627 1.02298 -0.0534849 0.551057 1.02339 -0.0534796 -0.523779 1.02314 -0.0534783 -0.522476 1.02295 -0.0534734 -0.526864 1.02334 -0.0534731 -0.529253 1.02368 -0.0534727 0.547955 1.0231 -0.0534687 -0.536433 1.02431 -0.0534621 0.553459 1.02363 -0.053459 0.546936 1.0229 -0.0534538 -0.523488 1.02299 -0.0534522 -0.522815 1.02289 -0.0534495 0.54764 1.02296 -0.0534445 0.5473 1.02289 -0.0534441 -0.52318 1.02291 -0.0534435 0.555852 1.02369 -0.0534308 -0.531646 1.02364 -0.0534306 -0.534382 1.02404 -0.0534229 0.551333 1.02315 -0.0534164 0.558599 1.02397 -0.0534157 -0.529051 1.0234 -0.0534124 -0.527157 1.02312 -0.0534076 0.560715 1.02404 -0.0534069 0.553244 1.02336 -0.0533974 -0.539428 1.02443 -0.0533974 0.563664 1.02443 -0.0533925 -0.536498 1.02397 -0.0533797 0.551624 1.02301 -0.0533757 0.563661 1.02433 -0.0533757 -0.541426 1.02444 -0.0533757 0.565662 1.02444 -0.0533749 0.556053 1.02341 -0.0533708 -0.528776 1.02317 -0.0533703 -0.527472 1.02298 -0.053364 0.552951 1.02313 -0.0533636 -0.53186 1.02337 -0.0533617 -0.534249 1.02371 -0.0533555 -0.530474 1.02954 -0.0533555 -0.510474 1.02954 -0.0533542 -0.541429 1.02434 -0.0533513 0.551932 1.02293 -0.0533509 0.558455 1.02365 -0.0533457 -0.528485 1.02301 -0.0533445 -0.527812 1.02291 -0.0533415 0.552636 1.02298 -0.0533368 0.552297 1.02292 -0.0533364 -0.528176 1.02293 -0.0533319 0.560848 1.02371 -0.0533195 -0.536642 1.02366 -0.0533174 -0.539379 1.02406 -0.0533139 0.556329 1.02318 -0.0533056 -0.534048 1.02343 -0.0533036 0.563595 1.02399 -0.0533036 -0.532153 1.02314 -0.0532969 0.558241 1.02338 -0.0532943 0.565711 1.02406 -0.0532823 -0.544424 1.02446 -0.0532823 0.56866 1.02446 -0.0532796 -0.541495 1.024 -0.0532714 0.55662 1.02303 -0.0532646 0.56105 1.02344 -0.0532622 -0.532468 1.023 -0.0532617 -0.533772 1.02319 -0.0532611 0.568657 1.02436 -0.0532605 -0.546422 1.02446 -0.0532605 0.570658 1.02446 -0.0532552 0.557948 1.02315 -0.0532535 -0.536856 1.02339 -0.05325 -0.539246 1.02373 -0.0532434 0.556928 1.02295 -0.0532395 0.563451 1.02368 -0.0532395 -0.546426 1.02436 -0.0532374 -0.533481 1.02304 -0.0532367 -0.532808 1.02294 -0.0532334 0.557633 1.02301 -0.053229 0.557293 1.02294 -0.0532285 -0.533173 1.02295 -0.0532202 0.565844 1.02374 -0.053208 -0.541639 1.02369 -0.0532047 0.561325 1.0232 -0.0532041 -0.544375 1.02408 -0.0531953 -0.539044 1.02345 -0.0531946 -0.53715 1.02317 -0.0531905 0.568591 1.02402 -0.0531868 0.563237 1.02341 -0.0531809 0.570707 1.02409 -0.0531772 -0.654234 1.01434 -0.0531671 -0.549421 1.02448 -0.0531671 0.573657 1.02448 -0.0531665 -0.546491 1.02402 -0.053163 0.561616 1.02306 -0.0531542 0.566046 1.02346 -0.0531539 -0.537465 1.02303 -0.0531525 -0.538768 1.02321 -0.0531462 0.573653 1.02438 -0.0531461 0.562944 1.02318 -0.0531451 -0.551418 1.02449 -0.0531451 0.575654 1.02449 -0.0531433 -0.541853 1.02342 -0.0531382 -0.544242 1.02376 -0.0531353 0.561925 1.02298 -0.0531289 -0.538477 1.02306 -0.0531287 -0.537804 1.02296 -0.053128 0.568447 1.0237 -0.053125 0.562629 1.02303 -0.0531246 -0.551422 1.02439 -0.0531209 0.562289 1.02296 -0.0531204 -0.538169 1.02298 -0.0531083 0.57084 1.02376 -0.0530964 -0.546635 1.02371 -0.0530954 0.566322 1.02323 -0.0530906 -0.549371 1.02411 -0.0530892 -0.639045 1.01091 -0.0530855 -0.542146 1.02319 -0.0530848 -0.54404 1.02348 -0.0530773 0.573588 1.02404 -0.0530766 0.568233 1.02343 -0.0530673 0.575704 1.02411 -0.0530544 0.566613 1.02308 -0.0530532 -0.551487 1.02405 -0.0530516 -0.554417 1.02451 -0.0530516 0.578653 1.02451 -0.0530454 -0.542461 1.02305 -0.0530436 0.571042 1.02348 -0.0530432 -0.543764 1.02324 -0.053037 0.56794 1.0232 -0.0530329 -0.546849 1.02344 -0.0530313 0.578649 1.02441 -0.0530296 -0.556415 1.02451 -0.0530296 0.580651 1.02451 -0.0530271 0.566921 1.023 -0.0530262 -0.549238 1.02378 -0.0530205 -0.542801 1.02299 -0.0530202 -0.543474 1.02309 -0.0530165 0.567625 1.02306 -0.0530162 0.573444 1.02373 -0.0530128 0.567286 1.02299 -0.0530121 -0.543165 1.023 -0.0530095 -0.556418 1.02441 -0.0529962 0.575837 1.02379 -0.0529859 0.571318 1.02325 -0.0529846 -0.551631 1.02373 -0.0529769 -0.554367 1.02413 -0.0529762 -0.547142 1.02321 -0.0529741 -0.549037 1.0235 -0.0529661 0.57323 1.02345 -0.052964 0.578584 1.02406 -0.0529535 0.5807 1.02414 -0.0529456 0.571609 1.0231 -0.0529397 -0.556484 1.02407 -0.0529367 -0.547457 1.02307 -0.052936 -0.559413 1.02453 -0.052936 0.583649 1.02453 -0.0529336 -0.548761 1.02326 -0.0529329 0.576038 1.02351 -0.0529276 0.572936 1.02322 -0.0529224 -0.551845 1.02346 -0.0529187 0.571917 1.02302 -0.0529168 0.536644 0.970388 -0.0529168 0.556644 0.970388 -0.0529161 0.583646 1.02443 -0.0529141 -0.554235 1.0238 -0.0529139 -0.561411 1.02453 -0.0529139 0.585647 1.02453 -0.0529122 -0.547797 1.02301 -0.0529114 -0.54847 1.02311 -0.0529078 0.572621 1.02308 -0.0529044 0.572282 1.02301 -0.0529044 0.57844 1.02375 -0.0529037 -0.548161 1.02302 -0.0528943 -0.561414 1.02443 -0.0528896 -0.656816 1.00075 -0.052884 0.580833 1.02381 -0.0528763 0.576314 1.02327 -0.0528726 -0.556628 1.02376 -0.0528702 -0.641074 1.00072 -0.0528667 -0.552139 1.02324 -0.0528633 -0.554033 1.02352 -0.052863 -0.559364 1.02415 -0.0528555 0.578226 1.02348 -0.0528504 0.58358 1.02409 -0.0528396 0.585696 1.02416 -0.0528366 0.576605 1.02312 -0.0528279 -0.552454 1.0231 -0.0528261 -0.56148 1.02409 -0.0528239 -0.553757 1.02328 -0.052822 0.581035 1.02353 -0.0528202 -0.564409 1.02455 -0.0528202 0.588645 1.02455 -0.0528181 0.577933 1.02325 -0.0528143 0.597618 1.0231 -0.0528117 -0.556842 1.02348 -0.0528101 0.576914 1.02304 -0.0528037 -0.552793 1.02303 -0.0528024 -0.553466 1.02313 -0.0528018 -0.559231 1.02382 -0.0528008 0.588642 1.02445 -0.052799 0.577618 1.0231 -0.0527981 -0.566407 1.02456 -0.0527981 0.590643 1.02456 -0.0527959 0.577278 1.02303 -0.0527951 -0.553158 1.02305 -0.0527923 0.583436 1.02377 -0.0527789 -0.566411 1.02445 -0.0527717 0.585829 1.02383 -0.0527665 0.581311 1.0233 -0.0527605 -0.561624 1.02378 -0.0527571 -0.557135 1.02326 -0.0527524 -0.559029 1.02354 -0.052749 -0.56436 1.02418 -0.0527448 0.583222 1.0235 -0.0527367 0.588576 1.02411 -0.0527275 0.581601 1.02315 -0.0527255 0.590693 1.02418 -0.052719 -0.55745 1.02312 -0.0527141 -0.558753 1.02331 -0.0527124 -0.566476 1.02411 -0.0527109 0.586031 1.02355 -0.0527084 0.582929 1.02327 -0.0527043 -0.569406 1.02457 -0.0527043 0.593642 1.02457 -0.0527014 0.58191 1.02307 -0.0527009 -0.561838 1.02351 -0.052695 -0.557789 1.02305 -0.0526933 -0.558462 1.02315 -0.05269 0.582614 1.02312 -0.0526893 -0.564227 1.02385 -0.0526872 0.582274 1.02305 -0.0526864 -0.558154 1.02307 -0.0526854 0.593638 1.02447 -0.052682 -0.571404 1.02458 -0.052682 0.595639 1.02458 -0.0526801 0.588433 1.02379 -0.0526666 -0.640813 1.00356 -0.0526634 -0.571407 1.02448 -0.0526591 0.590825 1.02385 -0.0526565 0.586307 1.02332 -0.0526482 -0.56662 1.0238 -0.0526473 -0.562131 1.02328 -0.0526412 -0.564025 1.02356 -0.0526348 -0.569356 1.0242 -0.0526339 0.588219 1.02352 -0.0526229 0.593573 1.02413 -0.0526183 0.586598 1.02317 -0.0526113 0.595689 1.0242 -0.0526099 -0.562446 1.02314 -0.0526041 -0.56375 1.02333 -0.0525997 0.591027 1.02357 -0.0525986 0.587925 1.02329 -0.0525984 -0.571472 1.02414 -0.0525925 0.586906 1.02309 -0.0525899 -0.566834 1.02353 -0.0525862 -0.562786 1.02307 -0.052584 -0.563459 1.02318 -0.0525809 0.58761 1.02314 -0.0525784 0.587271 1.02308 -0.0525775 -0.56315 1.02309 -0.0525767 -0.569223 1.02387 -0.0525677 0.593429 1.02382 -0.0525464 0.595822 1.02387 -0.0525464 0.591303 1.02334 -0.0525374 -0.567127 1.0233 -0.0525358 -0.571616 1.02382 -0.05253 -0.569022 1.02359 -0.0525228 0.593215 1.02354 -0.0525089 0.591594 1.02319 -0.0525006 -0.567442 1.02316 -0.0524939 -0.568746 1.02335 -0.0524886 0.592922 1.02331 -0.0524883 0.596024 1.02359 -0.0524881 -0.63798 1.01328 -0.0524835 0.591902 1.02311 -0.0524787 -0.57183 1.02355 -0.0524772 -0.567782 1.02309 -0.0524746 -0.568455 1.0232 -0.0524716 0.592606 1.02317 -0.0524694 0.592267 1.0231 -0.0524685 -0.568147 1.02311 -0.0524457 0.536644 0.97538 -0.0524457 0.536644 1.02462 -0.0524457 0.556644 0.97538 -0.0524457 0.556644 1.02462 -0.0524362 0.596299 1.02336 -0.0524273 -0.572124 1.02332 -0.0524234 -0.640362 1.00636 -0.0523993 0.59659 1.02321 -0.0523912 -0.572439 1.02318 -0.0523743 0.596899 1.02313 -0.0523681 -0.572778 1.02312 -0.0523626 -0.573382 1.02319 -0.0523626 0.597618 1.02319 -0.0523604 0.597259 1.02312 -0.0523593 -0.573143 1.02313 -0.0516997 0.540167 0.955 -0.0516997 0.540167 0.970216 -0.0516997 0.540167 1.02978 -0.0516997 0.540167 1.045 -0.0516997 0.556644 0.970216 -0.0516997 0.556644 1.02978 -0.0516997 0.653042 0.955 -0.0516997 0.653042 0.970216 -0.0516997 0.653042 1.02978 -0.0516997 0.653042 1.045 -0.0516997 0.653429 1.02917 -0.0516997 0.653475 0.970258 -0.0516997 0.653569 1.02896 -0.0516997 0.653602 1.02971 -0.0516997 0.653982 0.970418 -0.0516997 0.654012 1.02957 -0.0516997 0.654437 0.970692 -0.0516997 0.654747 0.970981 -0.0516997 0.655538 0.955179 -0.0516997 0.655538 1.04482 -0.0516997 0.656314 0.972805 -0.0516997 0.656764 1.02449 -0.0516997 0.657773 0.974658 -0.0516997 0.658684 0.955934 -0.0516997 0.658684 1.04407 -0.0516997 0.659126 0.976537 -0.0516997 0.65979 1.03353 -0.0516997 0.659937 1.02008 -0.0516997 0.660378 0.978449 -0.0516997 0.66152 0.980374 -0.0516997 0.661557 1.01772 -0.0516997 0.661637 0.957256 -0.0516997 0.661637 1.04274 -0.0516997 0.662566 0.982335 -0.0516997 0.663057 1.01538 -0.0516997 0.663515 0.984324 -0.0516997 0.66415 1.01352 -0.0516997 0.664297 0.959099 -0.0516997 0.664297 1.0409 -0.0516997 0.664373 0.98635 -0.0516997 0.665065 1.0118 -0.0516997 0.665142 0.988422 -0.0516997 0.665725 1.00978 -0.0516997 0.665819 0.990536 -0.0516997 0.666091 0.960839 -0.0516997 0.666091 1.03916 -0.0516997 0.666323 1.00763 -0.0516997 0.666403 0.992687 -0.0516997 0.666829 1.00545 -0.0516997 0.666896 0.994882 -0.0516997 0.667244 1.00321 -0.0516997 0.667585 0.999219 -0.0516997 0.667672 1 -0.0516997 0.670011 0.965618 -0.0516997 0.670011 1.03438 -0.0516997 0.673435 0.970638 -0.0516997 0.673435 1.02936 -0.0516997 0.675425 1 -0.0516997 0.676327 0.975834 -0.0516997 0.676327 1.02417 -0.0516997 0.678571 1.01912 -0.0516997 0.678696 0.981197 -0.0516997 0.67908 1.01779 -0.0516997 0.680404 1.01478 -0.0516997 0.680555 0.986728 -0.0516997 0.681733 1.01088 -0.0516997 0.681926 0.992467 -0.0516997 0.682594 1.00704 -0.0516997 0.68278 0.998173 -0.0516997 0.682894 0.999324 -0.0516997 0.682986 1.00325 -0.0515474 -0.638895 1.01184 -0.0514404 -0.64123 1.00169 -0.0512463 0.665774 1.00979 -0.0512463 0.666372 1.00765 -0.0512463 0.666879 1.00546 -0.0512463 0.667295 1.00322 -0.0512216 -0.64087 1.00452 -0.0511143 -0.649254 0.998034 -0.0511143 -0.641502 0.998034 -0.051083 -0.530474 0.975178 -0.051083 -0.510474 0.975178 -0.0510479 -0.655563 1.01108 -0.0508316 -0.573382 1.02344 -0.0508302 -0.639604 1.00992 -0.0507445 -0.656724 0.997468 -0.0506871 -0.641415 0.99738 -0.050609 0.654118 1.02964 -0.0505185 0.536644 1.0299 -0.0505185 0.540167 1.0299 -0.0504426 -0.639555 1.01015 -0.0503037 -0.641466 0.997623 -0.0502982 0.667808 1 -0.050115 -0.656609 0.996504 -0.0500988 -0.571693 0.97508 -0.0500988 0.595929 0.97508 -0.0500907 0.595926 0.975182 -0.0500747 -0.530474 0.970065 -0.0500747 -0.510474 0.970065 -0.0500675 -0.571644 0.97546 -0.0500616 0.59586 0.975528 -0.0500372 -0.571511 0.975794 -0.0500321 0.595717 0.975847 -0.0500085 -0.571309 0.976078 -0.0500036 -0.568695 0.975072 -0.0500036 0.592931 0.975072 -0.0500036 0.595502 0.976124 -0.0499958 -0.568698 0.975174 -0.049994 -0.641287 1.00264 -0.0499811 -0.571034 0.976317 -0.0499803 -0.566697 0.97507 -0.0499803 0.590933 0.97507 -0.0499762 0.595209 0.976355 -0.0499755 0.59298 0.975453 -0.0499754 0.65356 1.02926 -0.0499754 0.653699 1.02905 -0.0499754 0.656892 1.02458 -0.0499754 0.660066 1.02017 -0.0499754 0.661688 1.0178 -0.0499754 0.663191 1.01546 -0.0499754 0.664288 1.01359 -0.0499753 0.656436 0.972705 -0.0499753 0.657899 0.974563 -0.0499753 0.659256 0.976448 -0.0499753 0.660512 0.978365 -0.0499753 0.661658 0.980297 -0.0499753 0.662707 0.982264 -0.0499753 0.663659 0.984259 -0.0499753 0.66452 0.986292 -0.0499753 0.665291 0.988371 -0.0499753 0.665971 0.990492 -0.0499753 0.666556 0.992649 -0.0499753 0.667051 0.994851 -0.0499753 0.667742 0.999201 -0.0499727 0.59093 0.975173 -0.0499708 -0.568764 0.975521 -0.0499599 -0.570743 0.976469 -0.0499549 0.594894 0.976499 -0.0499536 0.593113 0.975787 -0.0499508 -0.566648 0.975451 -0.0499504 -0.568908 0.975841 -0.0499452 0.590864 0.975519 -0.0499435 -0.570434 0.976553 -0.0499388 0.594555 0.976566 -0.0499378 0.593315 0.976073 -0.0499356 -0.569122 0.976118 -0.0499309 -0.57007 0.976566 -0.0499283 0.59419 0.976551 -0.0499278 0.593591 0.976313 -0.0499267 -0.569415 0.976352 -0.0499254 -0.56973 0.976497 -0.0499251 0.593882 0.976466 -0.0499221 -0.566515 0.975785 -0.0499172 0.59072 0.975838 -0.0498998 0.665215 1.01186 -0.0498948 -0.566313 0.976069 -0.0498901 0.590506 0.976115 -0.0498851 -0.563699 0.975064 -0.0498851 0.587935 0.975064 -0.0498777 -0.563702 0.975166 -0.0498684 -0.566037 0.976308 -0.0498637 0.590213 0.976347 -0.0498617 -0.561701 0.975062 -0.0498617 0.585937 0.975062 -0.0498587 0.587984 0.975444 -0.0498545 0.585934 0.975164 -0.0498544 -0.563768 0.975512 -0.049848 -0.565746 0.97646 -0.0498431 0.589898 0.97649 -0.0498384 0.588117 0.975779 -0.0498355 -0.563912 0.975832 -0.049834 -0.561652 0.975443 -0.049832 -0.565438 0.976544 -0.0498287 0.585868 0.97551 -0.0498273 0.589559 0.976558 -0.049824 0.588319 0.976064 -0.049822 -0.564126 0.97611 -0.0498194 -0.565073 0.976557 -0.0498168 0.589194 0.976543 -0.0498151 0.588595 0.976304 -0.0498142 -0.564419 0.976343 -0.0498136 -0.564734 0.976488 -0.0498132 0.588885 0.976458 -0.0498069 -0.561519 0.975777 -0.0498022 0.585724 0.97583 -0.0497809 -0.561317 0.976061 -0.0497764 0.58551 0.976107 -0.0497664 -0.558703 0.975055 -0.0497664 0.582939 0.975055 -0.0497595 -0.558706 0.975157 -0.0497557 -0.561041 0.9763 -0.0497512 0.585217 0.976339 -0.049743 -0.556705 0.975054 -0.049743 0.580941 0.975054 -0.0497419 0.582988 0.975436 -0.0497379 -0.558771 0.975504 -0.0497364 0.580937 0.975156 -0.049736 -0.56075 0.976452 -0.0497313 0.584902 0.976483 -0.0497232 0.583121 0.975771 -0.0497205 -0.558915 0.975824 -0.0497204 -0.560442 0.976536 -0.0497171 -0.556655 0.975435 -0.0497158 0.584562 0.97655 -0.0497122 0.580872 0.975502 -0.0497101 0.583323 0.976056 -0.0497083 -0.55913 0.976102 -0.0497079 -0.560077 0.97655 -0.0497052 0.584198 0.976535 -0.0497024 0.583598 0.976297 -0.0497018 -0.559738 0.97648 -0.0497017 -0.559423 0.976335 -0.0497012 0.583889 0.97645 -0.0496916 -0.556523 0.975769 -0.0496872 0.580728 0.975822 -0.049667 -0.556321 0.976053 -0.0496627 0.580514 0.976099 -0.0496564 -0.640202 1.00812 -0.0496477 -0.553706 0.975048 -0.0496477 0.577942 0.975048 -0.049643 -0.556045 0.976293 -0.0496413 -0.55371 0.97515 -0.0496386 0.580221 0.976331 -0.049625 0.577992 0.975429 -0.0496243 -0.551709 0.975046 -0.0496243 0.575945 0.975046 -0.049624 -0.555754 0.976445 -0.0496213 -0.553775 0.975496 -0.0496194 0.579906 0.976475 -0.0496181 0.575941 0.975148 -0.0496088 -0.555446 0.976529 -0.0496079 0.578125 0.975763 -0.0496075 -0.641665 0.999018 -0.0496055 -0.553919 0.975817 -0.0496042 0.579566 0.976543 -0.0496002 -0.551659 0.975427 -0.0495963 -0.555081 0.976542 -0.0495962 0.578326 0.976049 -0.0495956 0.575876 0.975495 -0.0495946 -0.554133 0.976095 -0.0495935 0.579202 0.976528 -0.0495899 -0.554742 0.976473 -0.0495896 0.578602 0.976289 -0.0495891 0.578893 0.976443 -0.0495891 -0.554426 0.976328 -0.0495763 -0.551526 0.975761 -0.0495722 0.575732 0.975815 -0.049553 -0.551325 0.976046 -0.049549 0.575518 0.976092 -0.0495301 -0.551049 0.976286 -0.049529 -0.54871 0.975041 -0.049529 0.572946 0.975041 -0.0495259 0.575225 0.976324 -0.0495231 -0.548714 0.975143 -0.0495119 -0.550758 0.976438 -0.0495081 0.572996 0.975422 -0.0495074 0.574909 0.976468 -0.0495055 -0.546713 0.975039 -0.0495055 0.570948 0.975039 -0.0495047 -0.548779 0.975489 -0.0494999 0.570945 0.975141 -0.0494971 -0.550449 0.976522 -0.0494926 0.573129 0.975757 -0.0494926 0.57457 0.976536 -0.0494904 -0.548923 0.97581 -0.0494847 -0.550085 0.976535 -0.0494833 -0.546663 0.97542 -0.0494822 0.57333 0.976042 -0.0494818 0.574205 0.976521 -0.0494816 -0.530474 1.02496 -0.0494816 -0.510474 1.02496 -0.0494808 -0.549137 0.976088 -0.049479 0.57088 0.975488 -0.0494779 -0.549745 0.976466 -0.049477 0.573897 0.976436 -0.0494768 0.573606 0.976282 -0.0494764 -0.54943 0.976321 -0.0494609 -0.54653 0.975755 -0.049457 0.570736 0.975808 -0.049439 -0.546328 0.97604 -0.0494352 0.570522 0.976085 -0.0494173 -0.546053 0.976279 -0.0494133 0.570228 0.976318 -0.0494102 -0.543714 0.975034 -0.0494102 0.56795 0.975034 -0.0494048 -0.543718 0.975136 -0.0493997 -0.545762 0.976432 -0.0493954 0.569913 0.976462 -0.0493911 0.567999 0.975415 -0.0493881 -0.543783 0.975483 -0.0493867 -0.541716 0.975033 -0.0493867 0.565952 0.975033 -0.0493853 -0.545453 0.976516 -0.0493815 0.565949 0.975135 -0.0493809 0.569574 0.976529 -0.0493772 0.568132 0.97575 -0.0493753 -0.543927 0.975804 -0.049373 -0.545089 0.976529 -0.0493701 0.569209 0.976515 -0.0493682 0.568334 0.976036 -0.049367 -0.544141 0.976082 -0.0493663 -0.541667 0.975414 -0.0493659 -0.544749 0.97646 -0.0493649 0.568901 0.97643 -0.0493639 0.56861 0.976276 -0.0493637 -0.544434 0.976315 -0.0493623 0.565883 0.975482 -0.0493455 -0.541534 0.975749 -0.0493419 0.565739 0.975802 -0.049325 -0.541332 0.976034 -0.0493214 0.565525 0.976079 -0.0493055 0.653042 0.970024 -0.0493055 0.653042 1.02998 -0.0493055 0.653512 0.970069 -0.0493055 0.65365 1.0299 -0.0493055 0.654061 0.970243 -0.0493055 0.654555 0.97054 -0.0493055 0.654889 0.97085 -0.0493044 -0.541057 0.976273 -0.0493005 0.565232 0.976312 -0.0492914 -0.538718 0.975028 -0.0492914 0.562954 0.975028 -0.0492875 -0.540766 0.976426 -0.0492864 -0.538721 0.97513 -0.0492834 0.564917 0.976456 -0.0492741 0.563003 0.97541 -0.0492736 -0.540457 0.97651 -0.0492714 -0.538787 0.975477 -0.04927 -0.640153 1.00836 -0.0492692 0.564578 0.976524 -0.0492678 -0.53672 0.975027 -0.0492678 0.560956 0.975027 -0.0492632 0.560953 0.975129 -0.0492618 0.563136 0.975744 -0.0492613 -0.540093 0.976523 -0.0492601 -0.538931 0.975798 -0.0492583 0.564213 0.976509 -0.0492541 0.563338 0.97603 -0.0492539 -0.539753 0.976454 -0.0492532 -0.539145 0.976076 -0.0492527 0.563905 0.976424 -0.049251 -0.539438 0.976309 -0.049251 0.563614 0.97627 -0.0492492 -0.536671 0.975408 -0.0492456 0.560887 0.975476 -0.0492301 -0.536538 0.975743 -0.0492267 0.560743 0.975796 -0.0492109 -0.536336 0.976028 -0.0492075 0.560529 0.976074 -0.0491914 -0.53606 0.976268 -0.0491878 0.560236 0.976306 -0.0491753 -0.535769 0.97642 -0.0491725 -0.533722 0.975023 -0.0491725 0.557958 0.975023 -0.0491713 0.559921 0.97645 -0.049168 -0.533725 0.975125 -0.0491617 -0.535461 0.976504 -0.0491574 0.559581 0.976518 -0.049157 0.558007 0.975404 -0.0491546 -0.533791 0.975472 -0.0491495 -0.535096 0.976518 -0.049149 -0.531724 0.975022 -0.049149 0.55596 0.975022 -0.0491465 0.559217 0.976504 -0.0491463 0.55814 0.975739 -0.0491449 -0.533935 0.975793 -0.0491448 0.555956 0.975124 -0.0491418 -0.534757 0.976449 -0.0491404 0.558908 0.976419 -0.04914 0.558342 0.976025 -0.0491393 -0.534149 0.976071 -0.0491382 -0.534442 0.976304 -0.049138 0.558618 0.976265 -0.0491322 -0.531675 0.975403 -0.0491288 0.555891 0.975471 -0.0491146 -0.531542 0.975738 -0.0491115 0.555747 0.975791 -0.0490968 -0.53134 0.976023 -0.0490936 0.555533 0.976069 -0.0490784 -0.531064 0.976263 -0.049075 0.55524 0.976301 -0.0490631 -0.530773 0.976415 -0.0490592 0.554925 0.976446 -0.0490536 -0.528726 0.975018 -0.0490536 0.552962 0.975018 -0.0490499 -0.530465 0.9765 -0.0490496 -0.528729 0.97512 -0.0490456 0.554585 0.976514 -0.0490399 0.553011 0.9754 -0.0490379 -0.528794 0.975467 -0.0490377 -0.5301 0.976513 -0.0490346 0.554221 0.976499 -0.0490308 0.553144 0.975734 -0.04903 -0.526728 0.975017 -0.04903 0.550964 0.975017 -0.0490296 -0.529761 0.976444 -0.0490296 -0.528938 0.975788 -0.0490282 0.553912 0.976414 -0.0490263 0.55096 0.975119 -0.0490258 0.553346 0.97602 -0.0490254 -0.529446 0.976299 -0.0490254 -0.529152 0.976066 -0.049025 0.553621 0.976261 -0.049015 -0.526678 0.975399 -0.049012 0.550895 0.975466 -0.048999 -0.526546 0.975733 -0.0489962 0.550751 0.975787 -0.0489826 -0.526344 0.976019 -0.0489796 0.550537 0.976064 -0.0489654 -0.526068 0.976258 -0.0489621 0.550244 0.976297 -0.0489508 -0.525777 0.976411 -0.048947 0.549929 0.976441 -0.0489449 -0.656424 1.00786 -0.048938 -0.525469 0.976495 -0.0489346 -0.523729 0.975014 -0.0489346 0.547965 0.975014 -0.0489338 0.549589 0.976509 -0.0489312 -0.523733 0.975116 -0.0489259 -0.525104 0.976509 -0.0489228 0.548015 0.975395 -0.0489227 0.549225 0.976495 -0.048921 -0.523798 0.975463 -0.0489175 -0.524765 0.97644 -0.0489159 0.548916 0.97641 -0.0489153 0.548148 0.97573 -0.0489144 -0.523942 0.975784 -0.0489125 -0.524449 0.976295 -0.048912 0.548625 0.976257 -0.0489116 0.548349 0.976016 -0.0489114 -0.524156 0.976062 -0.0489111 -0.521732 0.975013 -0.0489111 0.545968 0.975013 -0.0489078 0.545964 0.975115 -0.0488979 -0.521682 0.975395 -0.0488952 0.545899 0.975462 -0.0488835 -0.521549 0.975729 -0.0488809 0.545755 0.975783 -0.0488684 -0.521348 0.976015 -0.0488657 0.545541 0.97606 -0.0488523 -0.521072 0.976255 -0.0488493 0.545248 0.976293 -0.0488384 -0.520781 0.976407 -0.0488365 0.597618 1.02361 -0.0488348 0.544932 0.976438 -0.0488261 -0.520472 0.976492 -0.0488219 0.544593 0.976506 -0.0488157 -0.518733 0.97501 -0.0488157 0.542969 0.97501 -0.048814 -0.520108 0.976505 -0.0488127 -0.518737 0.975112 -0.0488108 0.544228 0.976491 -0.0488056 0.543019 0.975392 -0.0488053 -0.519768 0.976437 -0.0488042 -0.518802 0.975459 -0.0488035 0.54392 0.976406 -0.0487997 0.543151 0.975727 -0.0487997 -0.519453 0.976292 -0.048799 -0.518946 0.97578 -0.0487989 0.543629 0.976253 -0.0487974 0.543353 0.976013 -0.0487974 -0.51916 0.976058 -0.0487921 -0.516735 0.975009 -0.0487921 0.540971 0.975009 -0.0487893 0.540968 0.975112 -0.0487807 -0.516686 0.975391 -0.0487784 0.540903 0.975459 -0.0487679 -0.516553 0.975726 -0.0487656 0.540759 0.975779 -0.0487542 -0.516351 0.976011 -0.0487517 0.540545 0.976057 -0.0487393 -0.516076 0.976251 -0.0487364 0.540251 0.97629 -0.0487261 -0.515785 0.976404 -0.0487226 0.539936 0.976434 -0.0487141 -0.515476 0.976488 -0.0487101 0.539597 0.976503 -0.0487021 -0.515112 0.976502 -0.0486988 0.539232 0.976488 -0.0486967 -0.513737 0.975007 -0.0486967 0.537973 0.975007 -0.0486941 -0.513741 0.975109 -0.0486931 -0.514772 0.976434 -0.0486912 0.538924 0.976403 -0.0486885 0.538022 0.975389 -0.0486873 -0.513806 0.975456 -0.0486868 -0.514457 0.976289 -0.0486858 0.538633 0.97625 -0.0486841 0.538155 0.975724 -0.0486837 -0.51395 0.975777 -0.0486834 -0.514164 0.976055 -0.0486832 0.538357 0.976009 -0.0486731 -0.511739 0.975006 -0.0486731 0.535975 0.975006 -0.0486708 0.535972 0.975109 -0.0486635 -0.51169 0.975388 -0.0486615 0.535906 0.975456 -0.0486523 -0.511557 0.975723 -0.0486502 0.535762 0.975777 -0.0486399 -0.511355 0.976008 -0.0486376 0.535548 0.976054 -0.0486262 -0.511079 0.976249 -0.0486234 0.535255 0.976287 -0.0486137 -0.510789 0.976401 -0.0486104 0.53494 0.976432 -0.0486021 -0.51048 0.976486 -0.0485982 0.534601 0.9765 -0.0485937 0.654213 1.0297 -0.0485902 -0.510116 0.9765 -0.0485869 0.534236 0.976486 -0.0485809 -0.509776 0.976431 -0.0485788 0.533928 0.976401 -0.0485776 -0.508741 0.975004 -0.0485776 0.532977 0.975004 -0.0485756 -0.508744 0.975107 -0.0485739 -0.509461 0.976286 -0.0485727 0.533637 0.976247 -0.0485713 0.533026 0.975386 -0.0485705 -0.50881 0.975454 -0.0485694 -0.509168 0.976053 -0.048569 0.533361 0.976007 -0.0485685 0.533159 0.975721 -0.0485684 -0.508954 0.975775 -0.048554 -0.506743 0.975004 -0.048554 0.530979 0.975004 -0.0485523 0.530976 0.975106 -0.0485495 -0.530474 1.03 -0.0485495 -0.510474 1.03 -0.0485463 -0.506694 0.975386 -0.0485446 0.53091 0.975453 -0.0485367 -0.506561 0.975721 -0.0485349 0.530766 0.975774 -0.0485257 -0.506359 0.976006 -0.0485236 0.530552 0.976052 -0.0485131 -0.506083 0.976246 -0.0485105 0.530259 0.976285 -0.0485013 -0.505792 0.976399 -0.0484982 0.529944 0.97643 -0.0484902 -0.505484 0.976484 -0.0484863 0.529604 0.976498 -0.0484783 -0.505119 0.976498 -0.0484749 0.52924 0.976484 -0.0484686 -0.50478 0.976429 -0.0484664 0.528931 0.976399 -0.0484609 -0.504465 0.976284 -0.0484596 0.528641 0.976245 -0.0484586 -0.503745 0.975003 -0.0484586 0.527981 0.975003 -0.0484585 -0.640709 1.00629 -0.0484571 -0.503748 0.975105 -0.0484553 -0.504172 0.976051 -0.0484547 0.528365 0.976005 -0.048454 0.52803 0.975384 -0.0484536 -0.503814 0.975452 -0.048453 -0.503958 0.975773 -0.0484529 0.528163 0.975719 -0.048435 -0.501747 0.975002 -0.048435 0.525983 0.975002 -0.0484337 0.525979 0.975105 -0.0484291 -0.501698 0.975384 -0.0484277 0.525914 0.975452 -0.0484211 -0.501565 0.975719 -0.0484195 0.52577 0.975772 -0.0484114 -0.501363 0.976004 -0.0484095 0.525556 0.97605 -0.0483999 -0.501087 0.976245 -0.0483976 0.525263 0.976283 -0.0483889 -0.500796 0.976398 -0.0483859 0.524948 0.976428 -0.0483782 -0.500488 0.976482 -0.0483743 0.524608 0.976496 -0.0483664 -0.500123 0.976496 -0.0483629 0.524244 0.976482 -0.0483564 -0.499784 0.976428 -0.048354 0.523935 0.976397 -0.048348 -0.499469 0.976283 -0.0483465 0.523644 0.976244 -0.0483413 -0.499175 0.976049 -0.0483404 0.523369 0.976004 -0.0483395 -0.498749 0.975001 -0.0483395 0.522985 0.975001 -0.0483385 -0.498752 0.975103 -0.0483376 -0.498961 0.975771 -0.0483372 0.523167 0.975718 -0.0483368 0.523034 0.975383 -0.0483367 -0.498817 0.975451 -0.0483159 -0.496751 0.975001 -0.0483159 0.520987 0.975001 -0.0483152 -0.640726 0.993749 -0.0483151 0.520983 0.975103 -0.0483119 -0.496701 0.975383 -0.0483108 0.520918 0.97545 -0.0483054 -0.496569 0.975718 -0.0483041 0.520774 0.975771 -0.0482971 -0.496367 0.976003 -0.0482955 0.52056 0.976049 -0.0482868 -0.496091 0.976243 -0.0482846 0.520267 0.976282 -0.0482765 -0.4958 0.976397 -0.0482736 0.519952 0.976427 -0.0482662 -0.495492 0.976481 -0.0482624 0.519612 0.976495 -0.0482545 -0.495127 0.976495 -0.0482509 0.519248 0.976481 -0.0482441 -0.494788 0.976427 -0.0482417 0.653607 1.02929 -0.0482417 0.653747 1.02909 -0.0482417 0.656939 1.02461 -0.0482417 0.660114 1.02021 -0.0482417 0.661737 1.01784 -0.0482417 0.663241 1.01549 -0.0482417 0.664338 1.01362 -0.0482416 0.518939 0.976396 -0.0482416 0.65648 0.972668 -0.0482416 0.657946 0.974528 -0.0482416 0.659304 0.976415 -0.0482416 0.660562 0.978335 -0.0482416 0.661708 0.980268 -0.0482416 0.662759 0.982237 -0.0482416 0.663712 0.984235 -0.0482416 0.664573 0.98627 -0.0482416 0.665346 0.988352 -0.0482416 0.666026 0.990475 -0.0482416 0.666613 0.992635 -0.0482416 0.667108 0.99484 -0.0482416 0.6678 0.999194 -0.048235 -0.494472 0.976282 -0.0482333 0.518648 0.976243 -0.0482272 -0.494179 0.976049 -0.0482261 0.518372 0.976003 -0.0482222 -0.493965 0.975771 -0.0482216 0.518171 0.975717 -0.0482205 -0.493752 0.975 -0.0482205 0.517988 0.975 -0.0482199 -0.493756 0.975103 -0.0482197 -0.493821 0.97545 -0.0482196 0.518038 0.975382 -0.0481969 -0.491755 0.975 -0.0481969 0.515991 0.975 -0.0481966 0.515987 0.975102 -0.0481946 -0.491705 0.975382 -0.0481939 0.515922 0.97545 -0.0481898 -0.491572 0.975717 -0.0481887 0.515778 0.975771 -0.0481828 -0.491371 0.976003 -0.0481814 0.515564 0.976048 -0.0481736 -0.491095 0.976243 -0.0481717 0.515271 0.976282 -0.0481641 -0.490804 0.976396 -0.0481614 0.514955 0.976426 -0.0481541 -0.490496 0.976481 -0.0481504 0.514616 0.976495 -0.0481425 -0.490131 0.976495 -0.0481389 0.514251 0.976481 -0.0481318 -0.489791 0.976426 -0.0481292 0.513943 0.976396 -0.0481221 -0.489476 0.976281 -0.0481202 0.513652 0.976243 -0.0481156 0.667889 1 -0.0481131 -0.489183 0.976048 -0.0481119 0.513376 0.976003 -0.0481068 -0.488969 0.97577 -0.0481059 0.513174 0.975717 -0.0481045 -0.571758 0.975 -0.0481045 -0.568756 0.975 -0.0481045 -0.566758 0.975 -0.0481045 -0.563756 0.975 -0.0481045 -0.561758 0.975 -0.0481045 -0.558756 0.975 -0.0481045 -0.556758 0.975 -0.0481045 -0.553756 0.975 -0.0481045 -0.551758 0.975 -0.0481045 -0.548756 0.975 -0.0481045 -0.546758 0.975 -0.0481045 -0.543756 0.975 -0.0481045 -0.541758 0.975 -0.0481045 -0.538756 0.975 -0.0481045 -0.536758 0.975 -0.0481045 -0.533756 0.975 -0.0481045 -0.531758 0.975 -0.0481045 -0.528756 0.975 -0.0481045 -0.526758 0.975 -0.0481045 -0.523756 0.975 -0.0481045 -0.521758 0.975 -0.0481045 -0.518756 0.975 -0.0481045 -0.516758 0.975 -0.0481045 0.540994 0.975 -0.0481045 0.542992 0.975 -0.0481045 0.545994 0.975 -0.0481045 0.547992 0.975 -0.0481045 0.550994 0.975 -0.0481045 0.552992 0.975 -0.0481045 0.555994 0.975 -0.0481045 0.557992 0.975 -0.0481045 0.560994 0.975 -0.0481045 0.562992 0.975 -0.0481045 0.565994 0.975 -0.0481045 0.567992 0.975 -0.0481045 0.570994 0.975 -0.0481045 0.572992 0.975 -0.0481045 0.575994 0.975 -0.0481045 0.577992 0.975 -0.0481045 0.580994 0.975 -0.0481045 0.582992 0.975 -0.0481045 0.585994 0.975 -0.0481045 0.587992 0.975 -0.0481045 0.590994 0.975 -0.0481045 0.592992 0.975 -0.0481045 0.595994 0.975 -0.0481045 -0.513756 0.975 -0.0481045 -0.511758 0.975 -0.0481045 -0.508756 0.975 -0.0481045 -0.506758 0.975 -0.0481045 -0.503756 0.975 -0.0481045 -0.501758 0.975 -0.0481045 -0.498756 0.975 -0.0481045 -0.496758 0.975 -0.0481045 0.520994 0.975 -0.0481045 0.522992 0.975 -0.0481045 0.525994 0.975 -0.0481045 0.527992 0.975 -0.0481045 0.530994 0.975 -0.0481045 0.532992 0.975 -0.0481045 0.535994 0.975 -0.0481045 0.537992 0.975 -0.0481045 -0.573382 0.975 -0.0481045 -0.496256 1.025 -0.0481045 -0.494258 1.025 -0.0481045 -0.493756 0.975 -0.0481045 -0.491758 0.975 -0.0481045 -0.473382 0.9 -0.0481045 -0.473382 0.975 -0.0481045 -0.473382 1.025 -0.0481045 -0.473382 1.1 -0.0481045 -0.454766 0.9 -0.0481045 -0.454766 1.1 -0.0481045 -0.453197 0.891602 -0.0481045 -0.453197 1.1084 -0.0481045 -0.446524 0.862476 -0.0481045 -0.446524 1.13752 -0.0481045 -0.437756 0.833257 -0.0481045 -0.437756 1.16674 -0.0481045 -0.427161 0.805197 -0.0481045 -0.427161 1.1948 -0.0481045 -0.414728 0.778215 -0.0481045 -0.414728 1.22178 -0.0481045 -0.400426 0.752242 -0.0481045 -0.400426 1.24776 -0.0481045 -0.384205 0.727219 -0.0481045 -0.384205 1.27278 -0.0481045 -0.365998 0.703097 -0.0481045 -0.365998 1.2969 -0.0481045 -0.345867 0.68 -0.0481045 -0.345867 1.32 -0.0481045 0.370103 0.68 -0.0481045 0.370103 1.32 -0.0481045 0.375231 0.685583 -0.0481045 0.375231 1.31442 -0.0481045 0.393869 0.707636 -0.0481045 0.393869 1.29236 -0.0481045 0.411543 0.731711 -0.0481045 0.411543 1.26829 -0.0481045 0.427354 0.756807 -0.0481045 0.427354 1.24319 -0.0481045 0.441337 0.782992 -0.0481045 0.441337 1.21701 -0.0481045 0.45351 0.810343 -0.0481045 0.45351 1.18966 -0.0481045 0.463873 0.838947 -0.0481045 0.463873 1.16105 -0.0481045 0.472401 0.868899 -0.0481045 0.472401 1.1311 -0.0481045 0.479002 0.9 -0.0481045 0.479002 1.1 -0.0481045 0.497618 0.9 -0.0481045 0.497618 0.975 -0.0481045 0.497618 1.025 -0.0481045 0.497618 1.1 -0.0481045 0.515994 0.975 -0.0481045 0.517992 0.975 -0.0481045 0.518494 1.025 -0.0481045 0.520492 1.025 -0.0481045 0.536644 0.97 -0.0481045 0.536644 0.975 -0.0481045 0.536644 1.025 -0.0481045 0.536644 1.03 -0.0481045 0.540167 0.97 -0.0481045 0.556644 0.97 -0.0481045 0.556644 0.975 -0.0481045 0.556644 1.025 -0.0481045 0.556644 1.03 -0.0481045 0.597618 0.975 -0.0481045 -0.516256 1.025 -0.0481045 -0.514258 1.025 -0.0481045 -0.511256 1.025 -0.0481045 -0.509258 1.025 -0.0481045 -0.506256 1.025 -0.0481045 -0.504258 1.025 -0.0481045 -0.501256 1.025 -0.0481045 -0.499258 1.025 -0.0481045 0.523494 1.025 -0.0481045 0.525492 1.025 -0.0481045 0.528494 1.025 -0.0481045 0.530492 1.025 -0.0481045 0.533494 1.025 -0.0481045 0.535492 1.025 -0.0481045 0.538494 1.025 -0.0481045 0.540492 1.025 -0.0481045 -0.571256 1.025 -0.0481045 -0.569258 1.025 -0.0481045 -0.566256 1.025 -0.0481045 -0.564258 1.025 -0.0481045 -0.561256 1.025 -0.0481045 -0.559258 1.025 -0.0481045 -0.556256 1.025 -0.0481045 -0.554258 1.025 -0.0481045 -0.551256 1.025 -0.0481045 -0.549258 1.025 -0.0481045 -0.546256 1.025 -0.0481045 -0.544258 1.025 -0.0481045 -0.541256 1.025 -0.0481045 -0.539258 1.025 -0.0481045 -0.536256 1.025 -0.0481045 -0.534258 1.025 -0.0481045 -0.531256 1.025 -0.0481045 -0.529258 1.025 -0.0481045 -0.526256 1.025 -0.0481045 -0.524258 1.025 -0.0481045 -0.521256 1.025 -0.0481045 -0.519258 1.025 -0.0481045 0.543494 1.025 -0.0481045 0.545492 1.025 -0.0481045 0.548494 1.025 -0.0481045 0.550492 1.025 -0.0481045 0.553494 1.025 -0.0481045 0.555492 1.025 -0.0481045 0.558494 1.025 -0.0481045 0.560492 1.025 -0.0481045 0.563494 1.025 -0.0481045 0.565492 1.025 -0.0481045 0.568494 1.025 -0.0481045 0.570492 1.025 -0.0481045 0.573494 1.025 -0.0481045 0.575492 1.025 -0.0481045 0.578494 1.025 -0.0481045 0.580492 1.025 -0.0481045 0.583494 1.025 -0.0481045 0.585492 1.025 -0.0481045 0.588494 1.025 -0.0481045 0.590492 1.025 -0.0481045 0.593494 1.025 -0.0481045 0.595492 1.025 -0.0481028 -0.488825 0.97545 -0.0481023 0.513042 0.975382 -0.0481014 -0.488756 0.975 -0.0481014 0.512992 0.975 -0.0481014 -0.48876 0.975102 -0.0480952 -0.641719 1.00001 -0.0480933 0.665265 1.01188 -0.0480732 -0.640659 1.00653 -0.0480484 -0.491258 1.0249 -0.0480481 0.51554 1.02462 -0.048048 -0.491254 1.025 -0.048048 0.51549 1.025 -0.0480477 -0.491323 1.02455 -0.0480452 0.515673 1.02428 -0.0480445 -0.491467 1.02423 -0.04804 0.515874 1.024 -0.0480388 -0.491681 1.02395 -0.0480322 0.51615 1.02376 -0.0480305 -0.491974 1.02372 -0.0480236 0.516441 1.0236 -0.048021 -0.492289 1.02357 -0.0480141 0.516749 1.02352 -0.0480105 -0.492629 1.02351 -0.0480026 0.517114 1.0235 -0.0479988 -0.492994 1.02352 -0.0479915 0.517454 1.02357 -0.0479887 -0.493302 1.0236 -0.0479809 0.517769 1.02372 -0.0479788 -0.493593 1.02376 -0.0479706 0.518062 1.02395 -0.047969 -0.493869 1.024 -0.0479678 0.665932 1.00984 -0.0479678 0.666532 1.00769 -0.0479678 0.66704 1.00549 -0.0479678 0.667457 1.00325 -0.0479626 0.518276 1.02423 -0.0479614 -0.49407 1.02428 -0.0479567 0.51842 1.02455 -0.0479558 -0.494203 1.02462 -0.0479531 0.518485 1.0249 -0.0479526 -0.494253 1.025 -0.0479526 0.518489 1.025 -0.0479308 0.520536 1.02462 -0.0479308 -0.496319 1.02455 -0.0479298 -0.496254 1.0249 -0.0479296 0.520669 1.02428 -0.0479296 -0.640776 0.993989 -0.0479291 -0.496463 1.02423 -0.047929 -0.49625 1.025 -0.047929 0.520486 1.025 -0.0479257 0.520871 1.024 -0.0479248 -0.496677 1.02395 -0.0479191 0.521146 1.02376 -0.0479175 -0.496971 1.02372 -0.0479112 0.521437 1.0236 -0.0479088 -0.497286 1.02357 -0.0479021 0.521746 1.02352 -0.0478986 -0.497625 1.0235 -0.0478906 0.52211 1.0235 -0.0478868 -0.49799 1.02352 -0.0478792 0.52245 1.02357 -0.0478763 -0.498298 1.0236 -0.0478679 0.522765 1.02372 -0.0478656 -0.498589 1.02376 -0.0478565 0.523058 1.02395 -0.0478547 -0.498865 1.024 -0.0478472 0.523272 1.02423 -0.0478457 -0.499067 1.02428 -0.0478397 0.523416 1.02455 -0.0478385 -0.4992 1.02462 -0.0478346 0.523481 1.0249 -0.0478335 -0.499249 1.025 -0.0478335 0.523485 1.025 -0.0478139 0.525665 1.02428 -0.0478139 -0.501316 1.02455 -0.0478137 -0.501459 1.02423 -0.0478136 0.525532 1.02462 -0.0478114 0.525867 1.024 -0.0478112 -0.50125 1.0249 -0.0478107 -0.501674 1.02395 -0.0478099 -0.501247 1.025 -0.0478099 0.525483 1.025 -0.0478059 0.526142 1.02376 -0.0478046 -0.501967 1.02372 -0.0477988 0.526433 1.0236 -0.0477965 -0.502282 1.02357 -0.0477901 0.526742 1.02352 -0.0477866 -0.502621 1.0235 -0.0477787 0.527106 1.0235 -0.0477748 -0.502986 1.02352 -0.047767 0.527446 1.02357 -0.0477639 -0.503294 1.0236 -0.047755 0.527761 1.02372 -0.0477525 -0.503585 1.02375 -0.0477424 0.528054 1.02395 -0.0477404 -0.503861 1.02399 -0.0477318 0.528268 1.02423 -0.0477301 -0.504063 1.02428 -0.0477228 0.528412 1.02455 -0.0477213 -0.504196 1.02462 -0.047716 0.528478 1.02489 -0.0477145 -0.504245 1.025 -0.0477145 0.528481 1.025 -0.0476983 -0.506456 1.02423 -0.0476983 0.530661 1.02428 -0.0476972 0.530863 1.02399 -0.047697 -0.506312 1.02455 -0.0476966 -0.50667 1.02395 -0.0476964 0.530528 1.02461 -0.0476928 0.531139 1.02375 -0.0476927 -0.506246 1.02489 -0.0476916 -0.506963 1.02371 -0.0476909 -0.506243 1.025 -0.0476909 0.530479 1.025 -0.0476864 0.53143 1.0236 -0.0476843 -0.507278 1.02357 -0.0476781 0.531738 1.02352 -0.0476747 -0.507617 1.0235 -0.0476668 0.532103 1.0235 -0.0476628 -0.507982 1.02352 -0.0476547 0.532442 1.02357 -0.0476515 -0.508291 1.0236 -0.047642 0.532757 1.02371 -0.0476394 -0.508581 1.02375 -0.0476284 0.53305 1.02395 -0.0476262 -0.508857 1.02399 -0.0476164 0.533264 1.02422 -0.0476145 -0.509059 1.02428 -0.0476059 0.533408 1.02455 -0.0476041 -0.509192 1.02461 -0.0475975 0.533474 1.02489 -0.0475955 -0.509241 1.02499 -0.0475955 0.533477 1.02499 -0.047583 -0.511452 1.02422 -0.0475829 0.535859 1.02399 -0.0475827 0.535657 1.02428 -0.0475826 -0.511666 1.02395 -0.0475801 -0.511308 1.02454 -0.0475797 0.536135 1.02375 -0.0475791 0.535524 1.02461 -0.0475787 -0.511959 1.02371 -0.0475741 -0.511242 1.02489 -0.047574 0.536426 1.0236 -0.047572 -0.512274 1.02357 -0.0475718 -0.511239 1.02499 -0.0475718 0.535475 1.02499 -0.0475661 0.536734 1.02351 -0.0475628 -0.512614 1.0235 -0.0475551 0.597618 1.02364 -0.0475549 0.537099 1.0235 -0.0475509 -0.512978 1.02351 -0.0475487 -0.64163 0.9994 -0.0475425 0.537438 1.02357 -0.0475391 -0.513287 1.0236 -0.0475291 0.537753 1.02371 -0.0475263 -0.513578 1.02375 -0.0475144 0.538046 1.02394 -0.0475119 -0.513853 1.02399 -0.0475011 0.538261 1.02422 -0.0474989 -0.514055 1.02428 -0.0474891 0.538404 1.02454 -0.0474869 -0.514188 1.02461 -0.0474789 0.53847 1.02489 -0.0474764 -0.514237 1.02499 -0.0474764 0.538473 1.02499 -0.0474687 0.540855 1.02399 -0.0474686 -0.516662 1.02394 -0.0474676 -0.516448 1.02422 -0.0474671 0.540653 1.02427 -0.0474666 0.541131 1.02375 -0.0474658 -0.516955 1.02371 -0.0474632 -0.516304 1.02454 -0.0474619 0.54052 1.02461 -0.0474616 0.541422 1.0236 -0.0474598 -0.51727 1.02356 -0.0474556 -0.516239 1.02489 -0.0474542 0.54173 1.02351 -0.0474528 -0.516235 1.02499 -0.0474528 0.540471 1.02499 -0.0474509 -0.51761 1.0235 -0.047443 0.542095 1.0235 -0.0474389 -0.517974 1.02351 -0.0474303 0.542434 1.02356 -0.0474267 -0.518283 1.02359 -0.0474162 0.542749 1.02371 -0.0474132 -0.518574 1.02375 -0.0474003 0.543043 1.02394 -0.0473977 -0.518849 1.02399 -0.0473858 0.543257 1.02422 -0.0473833 -0.519051 1.02427 -0.0473722 0.543401 1.02454 -0.0473697 -0.519184 1.02461 -0.0473604 0.543466 1.02489 -0.0473574 -0.519234 1.02499 -0.0473574 0.54347 1.02499 -0.0473546 -0.521658 1.02394 -0.0473544 0.545851 1.02399 -0.0473535 0.546127 1.02375 -0.0473529 -0.521951 1.02371 -0.0473523 -0.521444 1.02422 -0.0473515 0.54565 1.02427 -0.0473493 0.546418 1.02359 -0.0473476 -0.522267 1.02356 -0.0473464 -0.5213 1.02454 -0.0473448 0.545517 1.02461 -0.0473423 0.546726 1.02351 -0.047339 -0.522606 1.02349 -0.0473371 -0.521235 1.02489 -0.0473338 -0.521231 1.02499 -0.0473338 0.545467 1.02499 -0.0473311 0.547091 1.02349 -0.047327 -0.522971 1.02351 -0.0473181 0.547431 1.02356 -0.0473144 -0.523279 1.02359 -0.0473033 0.547746 1.02371 -0.0473001 -0.52357 1.02374 -0.0472864 0.548039 1.02394 -0.0472835 -0.523846 1.02398 -0.0472704 0.548253 1.02422 -0.0472677 -0.524047 1.02427 -0.0472554 0.548397 1.02454 -0.0472525 -0.52418 1.0246 -0.0472419 0.548462 1.02488 -0.0472406 -0.526654 1.02394 -0.0472405 0.551123 1.02374 -0.0472403 0.550847 1.02398 -0.04724 -0.526948 1.0237 -0.0472385 -0.52423 1.02498 -0.0472385 0.548466 1.02498 -0.047237 -0.52644 1.02421 -0.047237 0.551414 1.02359 -0.047236 0.550646 1.02427 -0.0472354 -0.527263 1.02356 -0.0472347 -0.641124 1.00441 -0.0472303 0.551723 1.0235 -0.0472295 -0.526296 1.02453 -0.0472276 0.550513 1.0246 -0.0472272 -0.527602 1.02349 -0.0472193 0.552087 1.02349 -0.0472186 -0.526231 1.02488 -0.0472151 -0.527967 1.0235 -0.0472149 -0.526227 1.02498 -0.0472149 0.550463 1.02498 -0.0472059 0.552427 1.02356 -0.0472021 -0.528275 1.02359 -0.0471905 0.552742 1.0237 -0.0471871 -0.528566 1.02374 -0.0471724 0.553035 1.02393 -0.0471693 -0.528842 1.02398 -0.0471552 0.553249 1.02421 -0.0471522 -0.529044 1.02426 -0.0471386 0.553393 1.02453 -0.0471354 -0.529177 1.0246 -0.0471275 0.556119 1.02374 -0.0471272 -0.531944 1.0237 -0.0471267 -0.531651 1.02393 -0.0471261 0.555844 1.02398 -0.0471247 0.55641 1.02358 -0.0471235 0.553458 1.02488 -0.0471233 -0.532259 1.02355 -0.0471217 -0.531437 1.02421 -0.0471204 0.555642 1.02426 -0.0471195 -0.529226 1.02498 -0.0471195 0.553462 1.02498 -0.0471185 0.556719 1.0235 -0.0471154 -0.532598 1.02348 -0.0471142 -0.640233 0.991911 -0.0471128 -0.531293 1.02453 -0.0471105 0.555509 1.0246 -0.0471075 0.557083 1.02348 -0.0471032 -0.532963 1.0235 -0.0471002 -0.531227 1.02488 -0.047096 -0.531224 1.02498 -0.047096 0.55546 1.02498 -0.0470938 0.557423 1.02355 -0.0470898 -0.533271 1.02358 -0.0470776 0.557738 1.0237 -0.0470741 -0.533562 1.02373 -0.0470585 0.558031 1.02393 -0.0470552 -0.533838 1.02397 -0.0470399 0.558245 1.02421 -0.0470367 -0.53404 1.02426 -0.0470218 0.558389 1.02453 -0.0470183 -0.534173 1.02459 -0.0470145 0.561116 1.02373 -0.0470144 -0.53694 1.02369 -0.0470128 -0.536647 1.02393 -0.0470124 0.561406 1.02358 -0.047012 0.56084 1.02397 -0.0470112 -0.537255 1.02355 -0.0470066 0.561715 1.02349 -0.0470065 -0.536433 1.0242 -0.047005 0.558455 1.02487 -0.047005 0.560638 1.02426 -0.0470036 -0.537594 1.02348 -0.0470006 -0.534222 1.02498 -0.0470006 0.558458 1.02498 -0.046996 -0.536289 1.02453 -0.0469957 0.56208 1.02348 -0.0469943 -0.655756 0.991727 -0.0469934 0.560505 1.02459 -0.0469913 -0.537959 1.02349 -0.0469818 -0.536223 1.02487 -0.0469817 0.562419 1.02355 -0.0469776 -0.538267 1.02358 -0.0469771 -0.53622 1.02497 -0.0469771 0.560456 1.02497 -0.0469648 0.562734 1.02369 -0.0469611 -0.538558 1.02373 -0.0469446 0.563027 1.02392 -0.0469411 -0.538834 1.02397 -0.0469247 0.563241 1.0242 -0.0469212 -0.539036 1.02425 -0.046905 0.563385 1.02452 -0.0469035 0.653042 0.970024 -0.0469035 0.653042 1.02998 -0.0469035 0.653512 0.970069 -0.0469035 0.65365 1.0299 -0.0469035 0.654061 0.970243 -0.0469035 0.654555 0.97054 -0.0469035 0.654889 0.97085 -0.0469016 -0.541936 1.02369 -0.0469016 0.566112 1.02373 -0.0469012 -0.539169 1.02459 -0.0469002 0.566403 1.02357 -0.0468991 -0.542251 1.02354 -0.0468989 -0.541643 1.02392 -0.0468979 0.565836 1.02397 -0.0468948 0.566711 1.02349 -0.0468919 -0.542591 1.02347 -0.0468913 -0.541429 1.0242 -0.0468895 0.565634 1.02425 -0.0468866 0.563451 1.02487 -0.0468839 0.567076 1.02347 -0.0468817 -0.539218 1.02497 -0.0468817 0.563454 1.02497 -0.0468795 -0.542955 1.02349 -0.0468793 -0.541285 1.02452 -0.0468764 0.565501 1.02459 -0.04687 -0.656816 1.00468 -0.0468696 0.567415 1.02354 -0.0468654 -0.543264 1.02357 -0.0468634 -0.541219 1.02487 -0.0468582 -0.541216 1.02497 -0.0468582 0.565452 1.02497 -0.0468521 0.56773 1.02369 -0.0468507 -0.641074 1.00465 -0.0468482 -0.543555 1.02372 -0.0468307 0.568024 1.02392 -0.046827 -0.54383 1.02396 -0.0468095 0.568238 1.02419 -0.0468058 -0.544032 1.02425 -0.0467889 -0.546932 1.02368 -0.0467886 0.571108 1.02372 -0.0467883 0.568381 1.02452 -0.0467881 0.571399 1.02357 -0.0467871 -0.547247 1.02354 -0.0467851 -0.546639 1.02392 -0.0467842 -0.544165 1.02458 -0.0467838 0.570832 1.02396 -0.046783 0.571707 1.02348 -0.0467802 -0.547587 1.02347 -0.0467762 -0.546425 1.02419 -0.0467741 0.57063 1.02425 -0.0467722 0.572072 1.02347 -0.0467683 0.568447 1.02486 -0.0467678 -0.547951 1.02348 -0.0467629 -0.544214 1.02496 -0.0467629 0.56845 1.02496 -0.0467626 -0.546281 1.02451 -0.0467594 0.570498 1.02458 -0.0467576 0.572411 1.02354 -0.0467532 -0.54826 1.02357 -0.0467451 -0.546216 1.02486 -0.0467394 0.572726 1.02368 -0.0467394 -0.546212 1.02496 -0.0467394 0.570448 1.02496 -0.0467353 -0.548551 1.02372 -0.0467274 -0.530474 0.975038 -0.0467274 -0.510474 0.975038 -0.0467273 -0.640283 0.992149 -0.0467169 0.57302 1.02391 -0.0467129 -0.548827 1.02396 -0.0466944 0.573234 1.02419 -0.0466904 -0.549028 1.02424 -0.0466762 -0.551928 1.02368 -0.0466759 0.576395 1.02356 -0.0466758 0.576104 1.02371 -0.0466751 -0.552244 1.02353 -0.0466717 0.573378 1.02451 -0.0466713 0.576703 1.02348 -0.0466713 -0.551635 1.02391 -0.0466698 0.575828 1.02395 -0.0466685 -0.552583 1.02346 -0.0466672 -0.549161 1.02458 -0.046661 -0.551421 1.02419 -0.0466606 0.577068 1.02346 -0.0466587 0.575627 1.02424 -0.0466561 -0.552948 1.02347 -0.04665 0.573443 1.02486 -0.046646 -0.551277 1.02451 -0.0466456 0.577408 1.02353 -0.0466441 -0.549211 1.02496 -0.0466441 0.573447 1.02496 -0.0466424 0.575494 1.02457 -0.0466411 -0.553256 1.02356 -0.0466268 -0.551212 1.02485 -0.0466267 0.577723 1.02367 -0.0466225 -0.553547 1.02371 -0.0466206 -0.551208 1.02496 -0.0466206 0.575444 1.02496 -0.0466031 0.578016 1.0239 -0.046599 -0.553823 1.02395 -0.0465793 0.57823 1.02418 -0.0465751 -0.554025 1.02424 -0.0465638 0.581391 1.02355 -0.0465636 -0.556925 1.02367 -0.0465632 -0.55724 1.02352 -0.046563 0.5811 1.02371 -0.0465596 0.5817 1.02347 -0.0465575 -0.556631 1.0239 -0.0465569 -0.557579 1.02345 -0.0465559 0.580825 1.02395 -0.0465551 0.578374 1.0245 -0.0465503 -0.554157 1.02457 -0.046549 0.582064 1.02345 -0.046546 -0.556417 1.02418 -0.0465444 -0.557944 1.02347 -0.0465434 0.580623 1.02423 -0.0465337 0.582404 1.02352 -0.0465317 0.578439 1.02485 -0.0465294 -0.556273 1.0245 -0.046529 -0.558252 1.02355 -0.0465264 0.654177 1.02968 -0.0465255 0.58049 1.02457 -0.0465254 -0.554207 1.02495 -0.0465254 0.578443 1.02495 -0.0465141 0.582719 1.02367 -0.0465097 -0.558543 1.0237 -0.0465085 -0.556208 1.02485 -0.0465019 -0.556204 1.02495 -0.0465019 0.58044 1.02495 -0.0464894 0.583012 1.0239 -0.046485 -0.558819 1.02394 -0.0464643 0.583226 1.02417 -0.0464598 -0.559021 1.02423 -0.0464518 0.586387 1.02355 -0.0464513 -0.562236 1.02352 -0.046451 -0.561921 1.02366 -0.0464502 0.586097 1.0237 -0.046448 0.586696 1.02346 -0.0464453 -0.562575 1.02345 -0.0464438 -0.561628 1.02389 -0.046442 0.585821 1.02394 -0.0464385 0.58337 1.02449 -0.0464374 0.58706 1.02345 -0.0464334 -0.559154 1.02456 -0.0464328 -0.56294 1.02346 -0.046431 -0.561414 1.02417 -0.0464282 0.585619 1.02423 -0.0464218 0.5874 1.02351 -0.046417 -0.563248 1.02354 -0.0464135 0.583435 1.02484 -0.0464129 -0.56127 1.02449 -0.0464087 0.585486 1.02456 -0.0464067 -0.559203 1.02494 -0.0464067 0.583439 1.02494 -0.0464016 0.587715 1.02366 -0.0463969 -0.563539 1.0237 -0.0463904 -0.561204 1.02484 -0.0463832 -0.561201 1.02494 -0.0463832 0.585437 1.02494 -0.0463758 0.588008 1.02389 -0.0463712 -0.563815 1.02393 -0.0463493 0.588222 1.02417 -0.0463445 -0.564017 1.02422 -0.0463398 0.591384 1.02354 -0.0463395 -0.567232 1.02351 -0.0463385 -0.566917 1.02365 -0.0463375 0.591093 1.02369 -0.0463364 0.591692 1.02345 -0.0463338 -0.567572 1.02344 -0.0463302 -0.566624 1.02389 -0.0463281 0.590817 1.02393 -0.0463259 0.592057 1.02344 -0.046322 0.588366 1.02449 -0.0463212 -0.567936 1.02345 -0.0463166 -0.56415 1.02455 -0.046316 -0.56641 1.02416 -0.046313 0.590615 1.02422 -0.04631 0.592396 1.02351 -0.0463092 0.667835 1 -0.046305 -0.568245 1.02354 -0.0462964 -0.566266 1.02448 -0.0462954 0.588432 1.02483 -0.0462919 0.590482 1.02455 -0.0462891 0.592711 1.02365 -0.046288 -0.564199 1.02493 -0.046288 0.588435 1.02493 -0.0462842 -0.568535 1.02369 -0.0462722 -0.5662 1.02483 -0.046268 -0.641638 1.0012 -0.0462646 -0.566197 1.02493 -0.0462646 0.590433 1.02493 -0.0462622 0.593004 1.02388 -0.0462573 -0.568811 1.02393 -0.0462344 0.593218 1.02416 -0.0462339 0.665876 1.00982 -0.0462339 0.666476 1.00767 -0.0462339 0.666983 1.00548 -0.0462339 0.6674 1.00324 -0.0462294 -0.569013 1.02421 -0.0462279 0.59638 1.02353 -0.0462277 -0.572228 1.0235 -0.0462261 -0.571913 1.02364 -0.0462249 0.596688 1.02344 -0.0462249 0.596089 1.02368 -0.0462224 -0.572568 1.02343 -0.0462167 -0.57162 1.02388 -0.0462145 0.597053 1.02343 -0.0462143 0.595813 1.02392 -0.0462097 -0.572932 1.02344 -0.0462056 0.593362 1.02448 -0.0462012 -0.571406 1.02415 -0.0461999 -0.569146 1.02454 -0.0461988 0.597383 1.02349 -0.0461978 0.595611 1.02421 -0.0461835 0.597618 1.02359 -0.04618 -0.571262 1.02447 -0.0461773 0.593428 1.02482 -0.0461752 0.595478 1.02454 -0.0461695 -0.569195 1.02492 -0.0461695 0.593431 1.02492 -0.0461542 -0.571197 1.02482 -0.0461461 -0.571193 1.02492 -0.0461461 0.595429 1.02492 -0.0461011 -0.641572 1.00035 -0.0459913 -0.573055 1.02345 -0.0459381 -0.639649 0.990111 -0.0459072 0.66519 1.01185 -0.0456905 0.536644 1.0299 -0.0456905 0.540167 1.0299 -0.04555 -0.639698 0.990347 -0.0452847 -0.573382 1.02352 -0.0452472 -0.530474 0.970136 -0.0452472 -0.510474 0.970136 -0.0451673 -0.640938 0.995755 -0.045126 -0.530474 1.02482 -0.045126 -0.510474 1.02482 -0.0450947 -0.649254 1.00197 -0.0450947 -0.641502 1.00197 -0.0449635 0.653472 1.0292 -0.0449635 0.653612 1.02899 -0.0449635 0.656806 1.02452 -0.0449635 0.659979 1.02011 -0.0449635 0.6616 1.01775 -0.0449635 0.663101 1.0154 -0.0449635 0.664195 1.01354 -0.0449634 0.656353 0.972773 -0.0449634 0.657814 0.974627 -0.0449634 0.659169 0.976508 -0.0449634 0.660422 0.978422 -0.0449634 0.661565 0.980349 -0.0449634 0.662612 0.982312 -0.0449634 0.663562 0.984303 -0.0449634 0.664421 0.986331 -0.0449634 0.66519 0.988405 -0.0449634 0.665868 0.990522 -0.0449634 0.666453 0.992674 -0.0449634 0.666946 0.994872 -0.0449634 0.667636 0.999213 -0.0447818 -0.638972 0.988341 -0.044725 -0.656724 1.0014 -0.0446676 -0.641415 1.00131 -0.0445093 0.540167 0.955 -0.0445093 0.540167 0.970216 -0.0445093 0.540167 1.02978 -0.0445093 0.540167 1.045 -0.0445093 0.556644 0.970216 -0.0445093 0.556644 1.02978 -0.0445093 0.653042 0.955 -0.0445093 0.653042 0.970216 -0.0445093 0.653042 1.02978 -0.0445093 0.653042 1.045 -0.0445093 0.653429 1.02917 -0.0445093 0.653475 0.970258 -0.0445093 0.653569 1.02896 -0.0445093 0.653602 1.02971 -0.0445093 0.653982 0.970418 -0.0445093 0.654012 1.02957 -0.0445093 0.654437 0.970692 -0.0445093 0.654747 0.970981 -0.0445093 0.655538 0.955179 -0.0445093 0.655538 1.04482 -0.0445093 0.656314 0.972805 -0.0445093 0.656764 1.02449 -0.0445093 0.657773 0.974658 -0.0445093 0.658684 0.955934 -0.0445093 0.658684 1.04407 -0.0445093 0.659126 0.976537 -0.0445093 0.65979 1.03353 -0.0445093 0.659937 1.02008 -0.0445093 0.660378 0.978449 -0.0445093 0.66152 0.980374 -0.0445093 0.661557 1.01772 -0.0445093 0.661637 0.957256 -0.0445093 0.661637 1.04274 -0.0445093 0.662566 0.982335 -0.0445093 0.663057 1.01538 -0.0445093 0.663515 0.984324 -0.0445093 0.66415 1.01352 -0.0445093 0.664297 0.959099 -0.0445093 0.664297 1.0409 -0.0445093 0.664373 0.98635 -0.0445093 0.665065 1.0118 -0.0445093 0.665142 0.988422 -0.0445093 0.665725 1.00978 -0.0445093 0.665819 0.990536 -0.0445093 0.666091 0.960839 -0.0445093 0.666091 1.03916 -0.0445093 0.666323 1.00763 -0.0445093 0.666403 0.992687 -0.0445093 0.666829 1.00545 -0.0445093 0.666896 0.994882 -0.0445093 0.667244 1.00321 -0.0445093 0.667585 0.999219 -0.0445093 0.667672 1 -0.0445093 0.670011 0.965618 -0.0445093 0.670011 1.03438 -0.0445093 0.673435 0.970638 -0.0445093 0.673435 1.02936 -0.0445093 0.675425 1 -0.0445093 0.676327 0.975834 -0.0445093 0.676327 1.02417 -0.0445093 0.678571 1.01912 -0.0445093 0.678696 0.981197 -0.0445093 0.67908 1.01779 -0.0445093 0.680404 1.01478 -0.0445093 0.680555 0.986728 -0.0445093 0.681733 1.01088 -0.0445093 0.681926 0.992467 -0.0445093 0.682594 1.00704 -0.0445093 0.68278 0.998173 -0.0445093 0.682894 0.999324 -0.0445093 0.682986 1.00325 -0.0443925 -0.63902 0.988575 -0.0440955 -0.656609 1.00044 -0.0439613 -0.640443 0.993909 -0.0438865 -0.573382 1.02333 -0.0438551 -0.654385 0.986923 -0.0437951 -0.570645 0.976879 -0.0437941 0.594765 0.976893 -0.0437921 0.595105 0.976824 -0.0437892 -0.570953 0.976794 -0.0437863 -0.57028 0.976895 -0.0437801 0.594401 0.976882 -0.0437754 0.59542 0.97668 -0.0437702 -0.571244 0.976642 -0.0437633 0.536644 0.97538 -0.0437633 0.536644 1.02462 -0.0437633 0.556644 0.97538 -0.0437633 0.556644 1.02462 -0.0437631 -0.569941 0.976829 -0.0437549 0.594092 0.9768 -0.0437418 0.595713 0.976449 -0.0437347 -0.57152 0.976404 -0.0437319 -0.530474 1.02968 -0.0437319 -0.510474 1.02968 -0.0437267 -0.569625 0.976689 -0.0437222 -0.640881 0.996713 -0.0437177 0.593801 0.976651 -0.0436975 0.595927 0.976175 -0.0436886 -0.571722 0.976122 -0.043686 -0.565648 0.976899 -0.043685 0.589769 0.976914 -0.0436828 0.590108 0.976845 -0.0436797 -0.565957 0.976814 -0.0436773 -0.565284 0.976915 -0.0436747 -0.569332 0.976461 -0.043671 0.589404 0.976902 -0.0436654 0.590423 0.976701 -0.0436649 0.593525 0.976417 -0.04366 -0.566248 0.976662 -0.0436538 -0.564944 0.97685 -0.0436483 -0.638203 0.986606 -0.0436454 0.589096 0.976821 -0.0436431 0.596071 0.975858 -0.0436313 -0.571854 0.975792 -0.0436307 0.590717 0.97647 -0.0436234 -0.566523 0.976425 -0.043617 -0.569118 0.97619 -0.0436167 -0.564629 0.97671 -0.0436075 0.588805 0.976672 -0.0436062 0.593324 0.976137 -0.0435851 0.590931 0.976196 -0.0435814 0.596136 0.975517 -0.043577 -0.560652 0.97692 -0.0435762 0.584773 0.976935 -0.0435759 -0.566725 0.976143 -0.0435736 0.585112 0.976866 -0.0435703 -0.560961 0.976836 -0.0435684 -0.560288 0.976937 -0.0435636 -0.564336 0.976483 -0.0435628 -0.571904 0.975416 -0.0435628 0.59614 0.975416 -0.043562 0.584408 0.976923 -0.0435555 0.585427 0.976722 -0.0435537 0.588529 0.976438 -0.0435536 -0.568974 0.975875 -0.0435499 -0.561251 0.976683 -0.0435446 -0.559948 0.976871 -0.0435406 0.593191 0.975809 -0.0435361 0.5841 0.976842 -0.0435292 0.591075 0.97588 -0.0435197 0.58572 0.976491 -0.043517 -0.566858 0.975813 -0.0435122 -0.561527 0.976446 -0.0435122 0.597618 1.02327 -0.0435068 -0.559633 0.976731 -0.0435046 -0.564122 0.976211 -0.0434975 0.583809 0.976694 -0.0434936 0.588327 0.976159 -0.0434878 -0.568909 0.975534 -0.0434728 0.585934 0.976217 -0.0434689 -0.568905 0.975434 -0.0434689 0.593141 0.975434 -0.0434682 -0.555656 0.976942 -0.0434674 0.579776 0.976957 -0.0434659 0.59114 0.975538 -0.0434645 0.580116 0.976887 -0.0434634 -0.561729 0.976164 -0.0434611 -0.555964 0.976857 -0.0434596 -0.555291 0.976958 -0.0434532 0.579412 0.976945 -0.0434527 -0.55934 0.976504 -0.0434467 -0.566908 0.975438 -0.0434467 0.591144 0.975438 -0.0434457 0.580431 0.976744 -0.0434425 0.583533 0.97646 -0.04344 -0.556255 0.976705 -0.0434397 -0.563978 0.975897 -0.0434355 -0.554952 0.976893 -0.0434269 0.579103 0.976864 -0.0434264 0.588194 0.97583 -0.0434154 0.586078 0.975901 -0.0434088 0.580724 0.976513 -0.043403 -0.561862 0.975835 -0.0434011 -0.556531 0.976468 -0.0433971 -0.554637 0.976753 -0.0433924 -0.559126 0.976233 -0.0433876 0.578812 0.976716 -0.0433811 0.583331 0.976181 -0.0433724 -0.563913 0.975556 -0.0433606 0.580938 0.976239 -0.0433596 -0.55066 0.976964 -0.0433588 0.57478 0.976979 -0.0433556 0.57512 0.97691 -0.043353 -0.563909 0.975456 -0.043353 0.588145 0.975456 -0.0433521 -0.550968 0.976879 -0.0433511 -0.550295 0.97698 -0.043351 -0.556733 0.976187 -0.0433505 0.586144 0.97556 -0.0433446 0.574415 0.976967 -0.0433419 -0.554344 0.976527 -0.0433361 0.575435 0.976766 -0.0433315 0.578537 0.976482 -0.0433309 -0.561911 0.97546 -0.0433309 0.586147 0.97546 -0.0433302 -0.551259 0.976727 -0.0433266 -0.549955 0.976916 -0.0433261 -0.558982 0.975919 -0.0433179 0.574107 0.976886 -0.0433124 0.583198 0.975853 -0.0433018 0.581082 0.975924 -0.0432982 0.575728 0.976535 -0.0432922 0.536644 0.970388 -0.0432922 0.556644 0.970388 -0.0432902 -0.551535 0.97649 -0.043289 -0.556866 0.975857 -0.0432876 -0.54964 0.976776 -0.0432804 -0.554129 0.976255 -0.0432779 0.573816 0.976738 -0.0432688 0.578335 0.976203 -0.0432578 -0.63825 0.986839 -0.0432571 -0.558916 0.975579 -0.0432511 -0.545663 0.976987 -0.0432504 0.569784 0.977001 -0.0432487 0.575942 0.976262 -0.0432468 0.570123 0.976932 -0.0432432 -0.545972 0.976902 -0.0432426 -0.545299 0.977003 -0.0432388 -0.551736 0.976209 -0.0432372 -0.558913 0.975478 -0.0432372 0.583149 0.975478 -0.0432361 0.569419 0.97699 -0.0432353 0.581147 0.975583 -0.0432313 -0.549347 0.976549 -0.0432267 0.570438 0.976788 -0.0432207 0.57354 0.976505 -0.0432206 -0.546263 0.97675 -0.0432179 -0.544959 0.976938 -0.0432152 -0.556915 0.975483 -0.0432152 0.581151 0.975483 -0.0432125 -0.553985 0.975942 -0.043209 0.569111 0.976909 -0.0431986 0.578202 0.975876 -0.0431883 0.576086 0.975947 -0.0431876 0.570732 0.976558 -0.0431795 -0.546538 0.976513 -0.0431782 -0.544644 0.976799 -0.0431753 -0.551869 0.97588 -0.0431685 -0.549133 0.976278 -0.0431683 0.56882 0.976761 -0.0431567 0.573339 0.976226 -0.0431427 -0.540667 0.97701 -0.0431421 0.564787 0.977025 -0.0431419 -0.55392 0.975602 -0.0431382 0.565127 0.976955 -0.0431369 0.570946 0.976285 -0.0431344 -0.540975 0.976925 -0.0431344 -0.540302 0.977026 -0.0431278 0.564423 0.977013 -0.0431268 -0.54674 0.976232 -0.0431216 -0.553917 0.975502 -0.0431216 0.578153 0.975502 -0.0431208 -0.544351 0.976572 -0.0431202 0.576151 0.975606 -0.0431174 0.565442 0.976812 -0.0431111 -0.541266 0.976774 -0.0431101 0.568544 0.976528 -0.0431093 -0.539963 0.976962 -0.0431003 0.564114 0.976933 -0.0430996 -0.551919 0.975506 -0.0430996 0.576155 0.975506 -0.0430992 -0.548989 0.975965 -0.0430849 0.573206 0.975899 -0.0430773 0.565735 0.976582 -0.043075 0.57109 0.97597 -0.0430689 -0.539648 0.976822 -0.0430689 -0.541542 0.976537 -0.0430617 -0.546873 0.975904 -0.0430589 0.563824 0.976785 -0.0430567 -0.544137 0.976302 -0.0430447 0.568342 0.97625 -0.0430345 -0.535671 0.977034 -0.043034 0.559791 0.977048 -0.0430298 0.560131 0.976979 -0.043027 -0.548924 0.975626 -0.0430263 -0.535306 0.97705 -0.0430259 -0.535979 0.976949 -0.0430252 0.565949 0.976309 -0.0430196 0.559427 0.977037 -0.0430149 -0.541744 0.976256 -0.0430106 -0.539355 0.976596 -0.0430083 0.560446 0.976835 -0.0430062 -0.54892 0.975525 -0.0430062 0.573156 0.975525 -0.0430053 0.571155 0.97563 -0.0430018 -0.53627 0.976797 -0.0430009 -0.534967 0.976985 -0.0429996 0.563548 0.976552 -0.0429918 0.559118 0.976956 -0.0429859 -0.543993 0.975989 -0.0429843 -0.546923 0.97553 -0.0429843 0.571158 0.97553 -0.0429714 0.568209 0.975923 -0.0429671 0.560739 0.976606 -0.0429619 0.566093 0.975994 -0.0429599 -0.534652 0.976846 -0.0429585 -0.536546 0.976561 -0.0429497 0.558827 0.976809 -0.0429482 -0.541877 0.975928 -0.0429452 -0.539141 0.976326 -0.0429329 0.563346 0.976274 -0.0429265 -0.530674 0.977058 -0.0429261 0.554795 0.977072 -0.0429215 0.555134 0.977003 -0.0429183 -0.53031 0.977074 -0.0429175 -0.530983 0.976973 -0.0429138 0.560953 0.976333 -0.0429122 -0.543927 0.97565 -0.0429116 0.55443 0.977061 -0.0429031 -0.536748 0.97628 -0.0429004 -0.534358 0.97662 -0.0428994 0.555449 0.97686 -0.0428927 -0.531274 0.976822 -0.0428927 -0.52997 0.97701 -0.0428909 -0.543924 0.97555 -0.0428909 0.56816 0.97555 -0.0428906 0.566159 0.975654 -0.0428892 0.558551 0.976576 -0.0428834 0.554122 0.976981 -0.0428729 -0.538997 0.976013 -0.0428691 -0.541926 0.975554 -0.0428691 0.566162 0.975554 -0.042858 0.563213 0.975947 -0.0428571 0.555743 0.97663 -0.042851 -0.529655 0.976871 -0.042849 0.561097 0.976019 -0.0428483 -0.53155 0.976585 -0.0428406 0.553831 0.976833 -0.042835 -0.53688 0.975952 -0.0428338 -0.534144 0.976351 -0.0428213 0.55835 0.976299 -0.0428187 -0.525678 0.977082 -0.0428183 0.549799 0.977097 -0.0428134 0.550138 0.977028 -0.0428106 -0.525313 0.977099 -0.0428092 -0.525986 0.976998 -0.0428038 0.549434 0.977086 -0.0428025 0.555957 0.976358 -0.0427975 -0.538931 0.975675 -0.0427916 -0.531751 0.976305 -0.0427906 0.550453 0.976884 -0.0427905 -0.529362 0.976645 -0.0427846 -0.524974 0.977034 -0.0427838 -0.526277 0.976846 -0.0427801 -0.639856 0.992101 -0.0427791 0.553555 0.976601 -0.042776 0.561162 0.975679 -0.0427758 -0.538928 0.975574 -0.0427758 0.563164 0.975574 -0.0427752 0.549125 0.977005 -0.04276 -0.534 0.976038 -0.0427541 -0.53693 0.975579 -0.0427541 0.561166 0.975579 -0.0427472 0.550746 0.976655 -0.0427448 0.558217 0.975972 -0.0427423 -0.524659 0.976896 -0.0427383 -0.526553 0.97661 -0.0427362 0.556101 0.976044 -0.0427317 0.548835 0.976858 -0.0427226 -0.529148 0.976376 -0.0427219 -0.531884 0.975977 -0.042711 -0.520682 0.977107 -0.0427107 0.544802 0.977122 -0.0427098 0.553353 0.976324 -0.0427055 0.545142 0.977053 -0.042703 -0.520317 0.977124 -0.0427012 -0.52099 0.977023 -0.0426962 0.544438 0.977111 -0.0426913 0.55096 0.976383 -0.0426831 -0.533935 0.9757 -0.042682 0.545457 0.97691 -0.0426807 -0.524366 0.97667 -0.0426802 -0.526755 0.97633 -0.0426768 -0.519978 0.97706 -0.042675 -0.521281 0.976872 -0.0426691 0.548559 0.976626 -0.0426672 0.544129 0.977031 -0.0426617 0.556166 0.975705 -0.0426609 -0.533931 0.9756 -0.0426609 0.558167 0.9756 -0.0426474 -0.529004 0.976064 -0.0426392 -0.531934 0.975605 -0.0426392 0.55617 0.975605 -0.0426376 0.54575 0.976681 -0.0426337 -0.519663 0.976921 -0.0426318 0.55322 0.975998 -0.0426284 -0.521557 0.976636 -0.0426236 0.551104 0.976069 -0.042623 0.543838 0.976884 -0.0426115 -0.524152 0.976401 -0.042609 -0.526888 0.976003 -0.0426036 -0.515685 0.977133 -0.0426033 0.539806 0.977148 -0.0425985 0.548357 0.976349 -0.0425978 0.540145 0.977078 -0.0425956 -0.515321 0.977149 -0.0425933 -0.515994 0.977048 -0.0425887 0.539441 0.977137 -0.0425804 0.545964 0.976409 -0.0425736 0.540461 0.976935 -0.0425711 -0.519369 0.976696 -0.0425691 -0.514981 0.977085 -0.042569 -0.521759 0.976356 -0.0425688 -0.528939 0.975726 -0.0425664 -0.516285 0.976897 -0.0425593 0.539133 0.977057 -0.0425593 0.543563 0.976652 -0.0425475 0.55117 0.97573 -0.0425461 -0.528935 0.975626 -0.0425461 0.553171 0.975626 -0.0425402 -0.637345 0.98491 -0.0425349 -0.524008 0.97609 -0.0425281 0.540754 0.976706 -0.0425254 -0.514666 0.976947 -0.0425246 -0.526937 0.975631 -0.0425246 0.551173 0.975631 -0.042519 0.548224 0.976024 -0.0425187 -0.516561 0.976662 -0.0425175 -0.640386 0.994869 -0.0425145 0.538842 0.97691 -0.0425112 0.546108 0.976095 -0.0425007 -0.519155 0.976427 -0.0424963 -0.510689 0.977159 -0.0424962 -0.521892 0.976029 -0.0424961 0.53481 0.977174 -0.0424902 0.535149 0.977105 -0.0424884 -0.510325 0.977176 -0.0424874 0.543361 0.976375 -0.0424856 -0.510998 0.977075 -0.0424814 0.534445 0.977163 -0.0424696 0.540968 0.976435 -0.0424654 0.535464 0.976962 -0.0424617 -0.514373 0.976722 -0.0424615 -0.509985 0.977112 -0.042458 -0.516762 0.976382 -0.042458 -0.511288 0.976924 -0.0424547 -0.523942 0.975752 -0.0424517 0.534137 0.977083 -0.0424497 0.538566 0.976678 -0.0424335 0.546173 0.975757 -0.0424316 -0.523939 0.975652 -0.0424316 0.548175 0.975652 -0.0424225 -0.519011 0.976116 -0.0424188 0.535757 0.976733 -0.0424172 -0.50967 0.976973 -0.0424137 -0.530474 0.975656 -0.0424137 -0.510474 0.975656 -0.0424101 -0.521941 0.975657 -0.0424101 0.546177 0.975657 -0.0424092 -0.511564 0.976688 -0.0424064 0.543228 0.97605 -0.0424061 0.533846 0.976936 -0.0423989 0.541112 0.976122 -0.04239 -0.514159 0.976454 -0.0423892 -0.505693 0.977186 -0.042389 0.529813 0.9772 -0.0423837 -0.516895 0.976056 -0.0423829 0.530153 0.977131 -0.0423813 -0.505328 0.977202 -0.0423781 -0.506001 0.977101 -0.0423765 0.538364 0.976402 -0.0423743 0.529449 0.977189 -0.042359 0.535971 0.976461 -0.0423573 0.530468 0.976988 -0.0423542 -0.504989 0.977138 -0.0423525 -0.509377 0.976749 -0.0423498 -0.506292 0.97695 -0.0423472 -0.511766 0.976409 -0.0423442 0.52914 0.97711 -0.0423408 -0.518946 0.975779 -0.0423402 0.53357 0.976705 -0.0423196 0.541177 0.975784 -0.0423172 -0.518942 0.975679 -0.0423172 0.543178 0.975679 -0.0423104 -0.514015 0.976143 -0.0423097 0.530761 0.97676 -0.0423092 -0.504674 0.977 -0.0422998 -0.506568 0.976715 -0.042298 0.528849 0.976963 -0.0422958 -0.516945 0.975684 -0.0422958 0.541181 0.975684 -0.0422957 -0.640726 0.997682 -0.0422939 0.538232 0.976077 -0.0422869 0.536115 0.976149 -0.0422822 -0.500696 0.977213 -0.0422822 0.524817 0.977227 -0.0422795 -0.509163 0.976481 -0.0422757 0.525156 0.977158 -0.0422745 -0.500332 0.977229 -0.0422713 -0.511899 0.976083 -0.0422708 -0.501005 0.977128 -0.0422674 0.524452 0.977216 -0.0422658 0.533368 0.976429 -0.0422495 0.525472 0.977015 -0.0422487 0.530975 0.976489 -0.042247 -0.499992 0.977166 -0.0422434 -0.50438 0.976776 -0.0422418 -0.501296 0.976978 -0.0422369 0.524144 0.977137 -0.0422366 -0.50677 0.976436 -0.042231 0.528574 0.976732 -0.0422271 -0.51395 0.975806 -0.042206 0.536181 0.975811 -0.042203 -0.513946 0.975707 -0.042203 0.538182 0.975707 -0.0422014 -0.499677 0.977028 -0.0422007 0.525765 0.976787 -0.0421985 -0.509019 0.97617 -0.0421907 -0.501572 0.976743 -0.04219 0.523853 0.976991 -0.0421817 0.533235 0.976105 -0.0421817 -0.511948 0.975712 -0.0421817 0.536184 0.975712 -0.0421755 0.519821 0.977255 -0.0421755 -0.4957 0.97724 -0.042175 0.531119 0.976176 -0.0421692 -0.504166 0.976509 -0.0421687 0.52016 0.977186 -0.0421678 -0.495336 0.977257 -0.0421636 -0.496009 0.977156 -0.0421607 0.519456 0.977244 -0.0421592 -0.506903 0.976111 -0.0421552 0.528372 0.976457 -0.0421485 -0.637392 0.985141 -0.0421418 0.520475 0.977043 -0.0421401 -0.494996 0.977193 -0.0421385 0.525979 0.976516 -0.0421346 -0.499384 0.976804 -0.0421339 -0.496299 0.977005 -0.0421298 0.519148 0.977165 -0.0421261 -0.501773 0.976464 -0.0421219 0.523577 0.97676 -0.0421135 -0.508953 0.975834 -0.0420938 -0.494681 0.977056 -0.0420926 0.531184 0.975839 -0.042092 0.520768 0.976815 -0.042089 -0.50895 0.975735 -0.042089 0.533186 0.975735 -0.0420867 -0.504022 0.976198 -0.0420822 0.518857 0.977019 -0.0420818 -0.496575 0.976771 -0.0420696 0.528239 0.976133 -0.042069 0.514824 0.977283 -0.0420689 -0.490704 0.977268 -0.0420678 -0.506952 0.97574 -0.0420678 0.531188 0.97574 -0.0420634 0.526123 0.976204 -0.0420619 0.515164 0.977214 -0.0420614 -0.490339 0.977285 -0.0420591 -0.49917 0.976537 -0.0420567 -0.491012 0.977184 -0.0420542 0.51446 0.977272 -0.0420472 -0.501906 0.976139 -0.0420449 0.597618 1.02296 -0.0420449 0.523375 0.976485 -0.0420344 0.515479 0.977071 -0.0420333 -0.49 0.977221 -0.0420285 0.520982 0.976545 -0.0420263 -0.491303 0.977033 -0.0420259 -0.494388 0.976832 -0.0420229 0.514151 0.977193 -0.0420159 -0.496777 0.976493 -0.0420131 0.518581 0.976788 -0.0420002 -0.503957 0.975862 -0.0419864 -0.489685 0.977084 -0.0419835 0.515772 0.976844 -0.0419793 0.526188 0.975868 -0.0419752 -0.503954 0.975763 -0.0419752 0.528189 0.975763 -0.0419751 -0.499026 0.976227 -0.0419746 0.51386 0.977047 -0.041973 -0.491579 0.976799 -0.0419578 0.523243 0.976162 -0.0419541 -0.501956 0.975768 -0.0419541 0.526192 0.975768 -0.0419519 0.521126 0.976233 -0.0419492 -0.494174 0.976565 -0.0419362 -0.492421 1.02268 -0.041936 0.516541 1.0227 -0.0419354 -0.49691 0.976167 -0.0419348 0.518379 0.976514 -0.0419286 -0.492081 1.02275 -0.0419285 0.516906 1.02268 -0.0419233 0.516233 1.02278 -0.0419213 -0.492786 1.02269 -0.0419187 0.515986 0.976573 -0.0419175 -0.489391 0.976861 -0.0419058 -0.491781 0.976521 -0.0419044 0.513584 0.976817 -0.0419003 -0.491766 1.02289 -0.0419001 0.517246 1.02274 -0.041892 0.515942 1.02293 -0.0418896 -0.493094 1.02277 -0.0418871 -0.498961 0.975891 -0.0418663 0.521192 0.975896 -0.0418638 -0.49403 0.976256 -0.0418616 -0.498957 0.975792 -0.0418616 0.523193 0.975792 -0.0418524 0.517561 1.02288 -0.041848 -0.491473 1.02312 -0.0418461 0.518246 0.976191 -0.0418406 0.51613 0.976262 -0.0418406 -0.496959 0.975797 -0.0418406 0.521195 0.975797 -0.0418404 -0.493385 1.02292 -0.0418395 -0.489177 0.976594 -0.0418373 0.515666 1.02316 -0.04183 -0.497417 1.02265 -0.0418297 0.521538 1.02267 -0.0418248 0.513383 0.976543 -0.0418239 -0.491913 0.976196 -0.0418223 0.521902 1.02265 -0.0418221 -0.497078 1.02272 -0.0418166 0.521229 1.02275 -0.041815 -0.497782 1.02266 -0.0417936 0.522242 1.02271 -0.0417931 -0.496763 1.02286 -0.0417879 -0.573382 1.0229 -0.0417846 0.520938 1.0229 -0.0417829 -0.49809 1.02274 -0.0417822 0.517854 1.0231 -0.0417817 -0.491259 1.02339 -0.0417742 -0.493964 0.975921 -0.0417688 -0.493661 1.02315 -0.0417685 0.515465 1.02344 -0.0417535 0.516195 0.975926 -0.0417526 -0.489033 0.976285 -0.0417482 -0.493961 0.975822 -0.0417482 0.518197 0.975822 -0.0417453 0.522557 1.02285 -0.0417398 -0.49647 1.02309 -0.0417347 0.51325 0.97622 -0.0417331 -0.498381 1.02289 -0.0417289 0.520663 1.02314 -0.0417273 -0.491963 0.975827 -0.0417273 0.516199 0.975827 -0.0417238 -0.502414 1.02262 -0.0417235 0.526534 1.02264 -0.0417162 0.526899 1.02262 -0.0417157 -0.502074 1.02269 -0.04171 0.526226 1.02272 -0.0417088 -0.502778 1.02263 -0.0417026 0.518068 1.02337 -0.0417018 -0.491115 1.0237 -0.0416876 -0.493862 1.02342 -0.0416872 0.527238 1.02268 -0.041686 -0.501759 1.02283 -0.0416846 0.515332 1.02377 -0.0416773 0.525935 1.02287 -0.0416764 -0.503087 1.02271 -0.041674 0.52285 1.02307 -0.0416721 -0.496256 1.02336 -0.0416614 -0.488968 0.97595 -0.0416605 -0.498657 1.02312 -0.0416588 0.520461 1.02341 -0.0416382 0.527553 1.02282 -0.041635 -0.488964 0.975852 -0.041635 0.5132 0.975852 -0.041634 -0.564049 1.02415 -0.041634 -0.559049 1.02415 -0.041634 -0.554049 1.02415 -0.041634 -0.549049 1.02415 -0.041634 -0.544049 1.02415 -0.041634 -0.539049 1.02415 -0.041634 -0.534049 1.02415 -0.041634 -0.529049 1.02415 -0.041634 0.553285 1.02415 -0.041634 0.558285 1.02415 -0.041634 0.563285 1.02415 -0.041634 0.568285 1.02415 -0.041634 0.573285 1.02415 -0.041634 0.578285 1.02415 -0.041634 0.583285 1.02415 -0.041634 0.588285 1.02415 -0.041634 -0.571048 1.02415 -0.041634 -0.569049 1.02415 -0.041634 -0.566048 1.02415 -0.041634 -0.561048 1.02415 -0.041634 -0.556048 1.02415 -0.041634 -0.551048 1.02415 -0.041634 -0.546048 1.02415 -0.041634 -0.541048 1.02415 -0.041634 -0.536048 1.02415 -0.041634 -0.531048 1.02415 -0.041634 -0.526048 1.02415 -0.041634 -0.524049 1.02415 -0.041634 -0.521048 1.02415 -0.041634 -0.519049 1.02415 -0.041634 -0.514049 1.02415 -0.041634 0.538285 1.02415 -0.041634 0.543285 1.02415 -0.041634 0.545284 1.02415 -0.041634 0.548285 1.02415 -0.041634 0.550284 1.02415 -0.041634 0.555284 1.02415 -0.041634 0.560284 1.02415 -0.041634 0.565284 1.02415 -0.041634 0.570284 1.02415 -0.041634 0.575284 1.02415 -0.041634 0.580284 1.02415 -0.041634 0.585284 1.02415 -0.041634 0.590284 1.02415 -0.041634 0.593285 1.02415 -0.041634 0.595284 1.02415 -0.041634 -0.516048 1.02415 -0.041634 -0.511048 1.02415 -0.041634 -0.509049 1.02415 -0.041634 -0.506048 1.02415 -0.041634 -0.504049 1.02415 -0.041634 0.528285 1.02415 -0.041634 0.530284 1.02415 -0.041634 0.533285 1.02415 -0.041634 0.535284 1.02415 -0.041634 0.540284 1.02415 -0.041634 -0.501048 1.02415 -0.041634 -0.499049 1.02415 -0.041634 -0.496048 1.02415 -0.041634 -0.494049 1.02415 -0.041634 0.518285 1.02415 -0.041634 0.520284 1.02415 -0.041634 0.523285 1.02415 -0.041634 0.525284 1.02415 -0.041634 -0.573382 0.975852 -0.041634 -0.473382 0.975852 -0.041634 -0.473382 1.02415 -0.041634 0.497618 0.975852 -0.041634 0.497618 1.02415 -0.041634 0.597618 0.975852 -0.041634 -0.496966 0.975852 -0.041634 -0.493964 0.975852 -0.041634 -0.491966 0.975852 -0.041634 0.516202 0.975852 -0.041634 0.5182 0.975852 -0.041634 0.521202 0.975852 -0.041634 -0.508964 0.975852 -0.041634 -0.506966 0.975852 -0.041634 -0.503964 0.975852 -0.041634 -0.501966 0.975852 -0.041634 -0.498964 0.975852 -0.041634 0.5232 0.975852 -0.041634 0.526202 0.975852 -0.041634 0.5282 0.975852 -0.041634 0.531202 0.975852 -0.041634 0.5332 0.975852 -0.041634 -0.568964 0.975852 -0.041634 -0.523964 0.975852 -0.041634 -0.518964 0.975852 -0.041634 -0.516966 0.975852 -0.041634 -0.513964 0.975852 -0.041634 -0.511966 0.975852 -0.041634 0.536202 0.975852 -0.041634 0.5382 0.975852 -0.041634 0.541202 0.975852 -0.041634 0.5432 0.975852 -0.041634 0.5482 0.975852 -0.041634 0.5932 0.975852 -0.041634 -0.571966 0.975852 -0.041634 -0.566966 0.975852 -0.041634 -0.563964 0.975852 -0.041634 -0.561966 0.975852 -0.041634 -0.558964 0.975852 -0.041634 -0.556966 0.975852 -0.041634 -0.553964 0.975852 -0.041634 -0.551966 0.975852 -0.041634 -0.548965 0.975852 -0.041634 -0.546966 0.975852 -0.041634 -0.543965 0.975852 -0.041634 -0.541966 0.975852 -0.041634 -0.538965 0.975852 -0.041634 -0.536966 0.975852 -0.041634 -0.533964 0.975852 -0.041634 -0.531966 0.975852 -0.041634 -0.528964 0.975852 -0.041634 -0.526966 0.975852 -0.041634 -0.521966 0.975852 -0.041634 0.546202 0.975852 -0.041634 0.551202 0.975852 -0.041634 0.5532 0.975852 -0.041634 0.556202 0.975852 -0.041634 0.5582 0.975852 -0.041634 0.561202 0.975852 -0.041634 0.5632 0.975852 -0.041634 0.566202 0.975852 -0.041634 0.5682 0.975852 -0.041634 0.571202 0.975852 -0.041634 0.5732 0.975852 -0.041634 0.576202 0.975852 -0.041634 0.5782 0.975852 -0.041634 0.581202 0.975852 -0.041634 0.5832 0.975852 -0.041634 0.586202 0.975852 -0.041634 0.5882 0.975852 -0.041634 0.591202 0.975852 -0.041634 0.596202 0.975852 -0.0416316 -0.501466 1.02306 -0.0416259 -0.503378 1.02286 -0.0416205 0.525659 1.0231 -0.0416187 -0.639176 0.990323 -0.0416178 -0.50741 1.02259 -0.0416174 0.53153 1.02261 -0.041614 0.518212 1.02368 -0.0416127 -0.49105 1.02404 -0.0416102 0.531895 1.02259 -0.0416093 -0.50707 1.02266 -0.0416035 0.531222 1.02269 -0.0416027 -0.507775 1.0226 -0.0415956 -0.493995 1.02374 -0.0415932 0.523064 1.02334 -0.0415908 -0.496112 1.02367 -0.0415859 -0.491046 1.02414 -0.0415859 0.515282 1.02414 -0.0415809 0.532235 1.02265 -0.0415789 -0.506755 1.0228 -0.041578 -0.498859 1.02339 -0.0415734 0.520328 1.02374 -0.0415701 0.530931 1.02284 -0.0415699 -0.508083 1.02268 -0.0415659 0.527846 1.02304 -0.0415627 -0.501252 1.02333 -0.0415522 -0.503653 1.02309 -0.0415491 0.525457 1.02338 -0.0415313 0.53255 1.02279 -0.0415235 -0.506462 1.02303 -0.0415208 0.518277 1.02401 -0.0415187 -0.508374 1.02283 -0.0415122 0.530655 1.02307 -0.0415118 -0.512406 1.02256 -0.0415114 0.536527 1.02258 -0.0415042 0.536891 1.02256 -0.0415031 0.523208 1.02365 -0.041503 -0.512067 1.02263 -0.0415001 -0.496046 1.02401 -0.0414971 0.536218 1.02266 -0.0414967 -0.512771 1.02257 -0.0414938 -0.494045 1.02411 -0.0414938 0.518281 1.02411 -0.0414844 -0.498992 1.02371 -0.0414839 0.52806 1.02331 -0.0414799 -0.501108 1.02364 -0.0414746 0.537231 1.02262 -0.0414729 -0.496043 1.0241 -0.0414729 0.520279 1.0241 -0.041472 -0.511752 1.02277 -0.0414684 -0.503855 1.02336 -0.0414635 -0.513079 1.02265 -0.041463 0.535927 1.02281 -0.0414622 0.525324 1.02371 -0.0414579 0.532843 1.02301 -0.0414533 -0.506248 1.0233 -0.0414523 -0.636396 0.983245 -0.041444 -0.50865 1.02305 -0.0414395 0.530454 1.02335 -0.0414244 0.537546 1.02276 -0.0414155 -0.511459 1.023 -0.0414117 -0.51337 1.02279 -0.0414084 0.523274 1.02398 -0.041406 -0.517403 1.02253 -0.0414054 0.541523 1.02255 -0.041404 0.535652 1.02304 -0.0413984 0.541888 1.02253 -0.0413968 -0.517063 1.0226 -0.0413923 0.528205 1.02362 -0.0413908 -0.517767 1.02254 -0.0413907 0.541215 1.02263 -0.0413877 -0.501042 1.02397 -0.0413809 -0.499041 1.02408 -0.0413809 0.523277 1.02408 -0.0413746 0.533057 1.02328 -0.0413733 -0.503988 1.02368 -0.0413691 -0.506104 1.02361 -0.0413685 0.542227 1.02259 -0.0413651 -0.516748 1.02274 -0.04136 -0.501039 1.02407 -0.04136 0.525275 1.02407 -0.0413589 -0.508851 1.02333 -0.0413572 -0.518076 1.02262 -0.0413559 0.540924 1.02278 -0.041351 0.530321 1.02367 -0.04135 0.537839 1.02298 -0.0413441 -0.511245 1.02327 -0.0413377 -0.6398 0.993063 -0.0413358 -0.513646 1.02302 -0.04133 0.53545 1.02332 -0.0413176 0.542542 1.02273 -0.0413076 -0.516455 1.02297 -0.0413047 -0.518367 1.02276 -0.0413002 -0.522399 1.0225 -0.0412996 0.546519 1.02251 -0.041296 0.52827 1.02395 -0.0412958 0.540648 1.02301 -0.0412926 0.546884 1.0225 -0.0412907 -0.52206 1.02257 -0.041285 -0.522764 1.02251 -0.0412845 0.546211 1.0226 -0.0412816 0.533201 1.02358 -0.0412753 -0.506039 1.02394 -0.0412681 -0.504037 1.02405 -0.0412681 0.528273 1.02405 -0.0412655 0.538053 1.02324 -0.0412624 0.547224 1.02256 -0.0412623 -0.508984 1.02365 -0.0412584 -0.511101 1.02358 -0.0412583 -0.521744 1.02271 -0.041251 -0.523072 1.02259 -0.0412495 -0.513848 1.0233 -0.041249 0.54592 1.02275 -0.0412471 -0.506035 1.02404 -0.0412471 0.530271 1.02404 -0.0412421 0.542835 1.02295 -0.04124 0.535317 1.02364 -0.0412349 -0.516241 1.02324 -0.0412278 -0.518642 1.02299 -0.0412205 0.540446 1.02329 -0.0412109 0.547539 1.02269 -0.0411997 -0.521451 1.02293 -0.0411978 -0.523363 1.02273 -0.0411945 -0.527395 1.02247 -0.0411938 0.551516 1.02248 -0.0411878 0.545644 1.02298 -0.0411869 0.55188 1.02246 -0.0411847 -0.527056 1.02254 -0.0411838 0.533266 1.02392 -0.0411792 -0.52776 1.02248 -0.0411783 0.551207 1.02257 -0.041171 0.538197 1.02355 -0.041163 -0.511035 1.02391 -0.0411564 0.55222 1.02253 -0.0411564 0.54305 1.02321 -0.0411554 -0.509034 1.02401 -0.0411554 0.53327 1.02401 -0.0411516 -0.526741 1.02268 -0.0411514 -0.513981 1.02362 -0.0411478 -0.516097 1.02354 -0.0411449 -0.528068 1.02255 -0.0411421 0.550916 1.02271 -0.0411402 -0.518844 1.02326 -0.0411344 0.547832 1.02292 -0.0411344 -0.511032 1.02401 -0.0411344 0.535268 1.02401 -0.0411291 0.540313 1.02361 -0.0411258 -0.521237 1.0232 -0.0411198 -0.523639 1.02296 -0.0411112 0.545443 1.02325 -0.0411042 0.552535 1.02266 -0.0410947 -0.640233 0.995844 -0.041092 -0.526448 1.0229 -0.041091 -0.528359 1.0227 -0.0410889 -0.532392 1.02243 -0.0410881 0.556512 1.02245 -0.0410813 0.556877 1.02243 -0.0410798 0.550641 1.02295 -0.0410787 -0.532052 1.0225 -0.0410736 -0.532756 1.02244 -0.0410722 0.556204 1.02253 -0.0410716 0.538263 1.02388 -0.0410605 0.543193 1.02352 -0.0410595 -0.636442 0.983474 -0.0410508 -0.516031 1.02388 -0.0410505 0.557216 1.02249 -0.0410474 0.548046 1.02318 -0.0410451 -0.531737 1.02264 -0.0410427 -0.51403 1.02398 -0.0410427 0.538266 1.02398 -0.0410406 -0.518977 1.02358 -0.0410389 -0.533065 1.02252 -0.0410372 -0.521093 1.02351 -0.0410353 0.555913 1.02268 -0.0410309 -0.52384 1.02323 -0.0410267 0.552828 1.02288 -0.0410217 -0.516028 1.02398 -0.0410217 0.540264 1.02398 -0.0410182 0.54531 1.02358 -0.0410168 -0.526233 1.02317 -0.041012 -0.528635 1.02293 -0.0410019 0.550439 1.02322 -0.0409977 0.557531 1.02263 -0.0409843 -0.533355 1.02267 -0.0409843 -0.531444 1.02287 -0.0409834 -0.537388 1.0224 -0.0409826 0.561508 1.02242 -0.0409758 0.561873 1.0224 -0.0409747 -0.655756 0.99566 -0.0409729 -0.537048 1.02247 -0.040972 0.555637 1.02291 -0.040968 -0.537752 1.02241 -0.0409663 0.5612 1.0225 -0.0409595 0.543259 1.02385 -0.0409501 0.54819 1.02348 -0.0409448 0.562212 1.02246 -0.0409386 -0.521028 1.02384 -0.0409386 -0.536733 1.02261 -0.0409385 0.553042 1.02315 -0.040933 -0.538061 1.02249 -0.0409302 -0.519026 1.02395 -0.0409302 0.543262 1.02395 -0.0409299 -0.523973 1.02355 -0.0409287 0.560909 1.02265 -0.0409268 -0.526089 1.02348 -0.040925 0.536644 1.02913 -0.040925 0.556644 1.02913 -0.0409218 -0.528837 1.0232 -0.0409192 0.557824 1.02285 -0.0409091 -0.521024 1.02394 -0.0409091 0.54526 1.02394 -0.0409078 -0.53123 1.02314 -0.0409074 0.550306 1.02354 -0.0409042 -0.533631 1.02289 -0.0408928 0.555435 1.02319 -0.0408913 0.562528 1.0226 -0.040878 -0.542384 1.02237 -0.0408778 -0.538352 1.02263 -0.0408771 0.566505 1.02238 -0.0408768 -0.53644 1.02284 -0.0408704 0.566869 1.02236 -0.0408672 -0.542045 1.02244 -0.0408642 0.560633 1.02288 -0.0408626 -0.542749 1.02238 -0.040861 -0.530474 1.02393 -0.040861 -0.510474 1.02393 -0.0408604 0.566196 1.02246 -0.0408475 0.548255 1.02382 -0.0408397 0.553186 1.02345 -0.0408391 0.567209 1.02243 -0.0408322 -0.54173 1.02258 -0.0408299 -0.652526 0.982292 -0.0408297 0.558038 1.02311 -0.0408272 -0.543057 1.02245 -0.0408266 -0.526024 1.02381 -0.0408221 0.565905 1.02261 -0.0408192 -0.52897 1.02352 -0.0408178 -0.524023 1.02391 -0.0408178 0.548259 1.02391 -0.0408164 -0.531086 1.02344 -0.0408128 -0.533833 1.02316 -0.0408117 0.562821 1.02281 -0.040799 -0.536226 1.0231 -0.0407968 0.555302 1.02351 -0.0407966 -0.526021 1.02391 -0.0407966 0.550257 1.02391 -0.0407966 -0.538628 1.02286 -0.040785 0.567524 1.02256 -0.0407837 0.560431 1.02315 -0.0407727 -0.547381 1.02233 -0.0407717 0.571501 1.02235 -0.0407713 -0.543348 1.0226 -0.0407693 -0.541436 1.0228 -0.0407651 0.571866 1.02233 -0.0407616 -0.547041 1.0224 -0.0407572 -0.547745 1.02234 -0.0407566 0.56563 1.02284 -0.0407547 0.571193 1.02243 -0.0407356 0.553252 1.02378 -0.0407335 0.572205 1.02239 -0.0407295 0.558182 1.02342 -0.0407259 -0.546726 1.02254 -0.0407215 -0.548054 1.02242 -0.040721 0.563035 1.02308 -0.0407157 0.570902 1.02258 -0.0407147 -0.53102 1.02378 -0.0407087 -0.533966 1.02348 -0.0407061 -0.536082 1.02341 -0.0407054 -0.529019 1.02388 -0.0407054 0.553255 1.02388 -0.0407044 0.567817 1.02278 -0.0407038 -0.538829 1.02313 -0.0406903 -0.541222 1.02307 -0.040689 -0.543624 1.02282 -0.0406862 0.560299 1.02347 -0.0406843 -0.531017 1.02387 -0.0406843 0.555253 1.02387 -0.0406788 0.57252 1.02253 -0.0406748 0.565428 1.02312 -0.0406675 -0.552377 1.0223 -0.0406665 0.576497 1.02231 -0.0406649 -0.548344 1.02256 -0.040662 -0.546433 1.02277 -0.04066 0.576862 1.0223 -0.0406561 -0.552037 1.02237 -0.040652 -0.552741 1.02231 -0.040649 0.576189 1.0224 -0.040649 0.570626 1.02281 -0.0406281 0.577201 1.02236 -0.0406238 0.558248 1.02375 -0.0406197 -0.551722 1.02251 -0.0406194 0.563179 1.02338 -0.0406159 -0.55305 1.02238 -0.0406124 0.568031 1.02304 -0.0406093 0.575898 1.02254 -0.0406029 -0.536017 1.02374 -0.0405983 -0.538962 1.02345 -0.0405971 0.572813 1.02274 -0.040596 -0.541078 1.02337 -0.040595 -0.543826 1.02309 -0.0405932 -0.534015 1.02384 -0.0405932 0.558251 1.02384 -0.0405818 -0.546219 1.02303 -0.0405816 -0.54862 1.02279 -0.0405758 0.565295 1.02344 -0.0405727 0.577516 1.02249 -0.040572 -0.536013 1.02384 -0.040572 0.560249 1.02384 -0.040566 0.570424 1.02308 -0.0405624 -0.557373 1.02226 -0.0405614 0.581493 1.02228 -0.0405586 -0.553341 1.02253 -0.0405549 0.581858 1.02226 -0.0405548 -0.551429 1.02273 -0.0405507 -0.557034 1.02233 -0.0405469 -0.557738 1.02227 -0.0405435 0.581185 1.02236 -0.0405416 0.575622 1.02277 -0.0405227 0.582198 1.02232 -0.0405137 -0.556718 1.02247 -0.0405122 0.563244 1.02371 -0.0405104 -0.558046 1.02235 -0.0405094 0.568175 1.02335 -0.040504 0.573027 1.02301 -0.0405031 0.580894 1.02251 -0.0404937 -0.530474 0.970981 -0.0404937 -0.510474 0.970981 -0.0404912 -0.541013 1.02371 -0.04049 0.57781 1.02271 -0.040488 -0.543959 1.02341 -0.0404863 -0.548822 1.02306 -0.040486 -0.546075 1.02334 -0.040481 -0.539012 1.02381 -0.040481 0.563248 1.02381 -0.0404802 -0.638403 0.988581 -0.0404742 -0.553616 1.02275 -0.0404733 -0.551215 1.023 -0.0404667 0.582513 1.02246 -0.0404654 0.570291 1.0234 -0.0404598 -0.541009 1.0238 -0.0404598 0.565245 1.0238 -0.0404575 -0.562369 1.02223 -0.0404572 0.57542 1.02305 -0.0404564 0.58649 1.02224 -0.0404525 -0.558337 1.02249 -0.04045 0.586854 1.02222 -0.0404477 -0.556425 1.02269 -0.0404454 -0.56203 1.02229 -0.0404419 -0.562734 1.02224 -0.0404381 0.586181 1.02232 -0.0404343 0.580618 1.02274 -0.0404175 0.587194 1.02229 -0.0404078 -0.561715 1.02243 -0.0404051 -0.563042 1.02231 -0.0404006 0.56824 1.02368 -0.0403995 0.573171 1.02331 -0.040397 0.58589 1.02247 -0.0403956 0.578024 1.02297 -0.040383 0.582806 1.02267 -0.0403802 -0.63535 0.981604 -0.0403796 -0.546009 1.02367 -0.0403778 -0.548955 1.02337 -0.0403777 -0.553818 1.02302 -0.0403761 -0.551071 1.0233 -0.040369 -0.544008 1.02377 -0.040369 0.568244 1.02377 -0.040367 -0.558613 1.02272 -0.0403649 -0.556211 1.02296 -0.0403609 0.587509 1.02242 -0.0403552 0.575287 1.02337 -0.0403527 -0.567366 1.02219 -0.0403515 0.591486 1.0222 -0.0403487 0.580417 1.02301 -0.0403478 -0.546006 1.02377 -0.0403478 0.570242 1.02377 -0.0403465 -0.563333 1.02245 -0.0403452 0.591851 1.02219 -0.0403407 -0.561422 1.02266 -0.0403403 -0.567026 1.02226 -0.040337 -0.56773 1.0222 -0.0403328 0.591178 1.02229 -0.0403271 0.585615 1.0227 -0.0403124 0.59219 1.02225 -0.040302 -0.566711 1.0224 -0.0402999 -0.568039 1.02228 -0.040291 0.590887 1.02244 -0.0402897 0.578168 1.02327 -0.0402891 0.573237 1.02364 -0.0402874 0.58302 1.02293 -0.0402761 0.587802 1.02264 -0.0402693 -0.558815 1.02298 -0.0402681 -0.551006 1.02363 -0.0402677 -0.553951 1.02334 -0.0402663 -0.556067 1.02327 -0.04026 -0.563609 1.02268 -0.0402571 -0.549004 1.02374 -0.0402571 0.57324 1.02374 -0.0402567 -0.561208 1.02292 -0.0402551 0.592505 1.02238 -0.040248 -0.572362 1.02215 -0.0402467 0.596482 1.02217 -0.0402451 0.580284 1.02333 -0.0402406 -0.56833 1.02242 -0.0402405 0.596847 1.02215 -0.0402402 0.585413 1.02297 -0.0402358 -0.551002 1.02373 -0.0402358 0.575238 1.02373 -0.0402353 -0.572022 1.02222 -0.0402338 -0.566418 1.02262 -0.0402323 -0.572726 1.02216 -0.0402277 0.596174 1.02225 -0.04022 0.590611 1.02267 -0.0402074 0.597186 1.02221 -0.0401978 -0.573015 1.02223 -0.0401963 -0.571707 1.02236 -0.0401852 0.595883 1.0224 -0.04018 0.583164 1.02324 -0.0401793 0.588016 1.0229 -0.0401778 0.578233 1.0236 -0.0401777 -0.639121 0.991287 -0.0401694 0.592798 1.0226 -0.0401609 -0.563811 1.02295 -0.0401577 -0.558947 1.0233 -0.0401568 -0.556002 1.0236 -0.0401566 -0.561064 1.02323 -0.040153 -0.568605 1.02264 -0.0401495 0.597502 1.02234 -0.0401486 -0.566204 1.02289 -0.0401453 -0.554001 1.0237 -0.0401453 0.578237 1.0237 -0.0401351 0.58528 1.02329 -0.0401318 0.590409 1.02294 -0.0401271 -0.571414 1.02258 -0.040124 -0.555998 1.02369 -0.040124 0.580234 1.02369 -0.0401197 -0.573382 1.02242 -0.0401131 0.595607 1.02263 -0.0400713 0.593012 1.02286 -0.0400705 0.58816 1.0232 -0.0400666 0.583229 1.02356 -0.0400527 -0.568807 1.02291 -0.0400479 -0.563944 1.02326 -0.040047 -0.56606 1.02319 -0.0400456 -0.560998 1.02356 -0.0400406 -0.5712 1.02285 -0.0400336 -0.558997 1.02366 -0.0400336 0.583233 1.02366 -0.0400253 0.590276 1.02325 -0.0400236 0.595405 1.0229 -0.0400124 -0.560995 1.02365 -0.0400124 0.585231 1.02365 -0.0399863 -0.635395 0.981831 -0.0399611 0.593156 1.02316 -0.0399555 0.588226 1.02353 -0.0399382 -0.56894 1.02322 -0.0399376 -0.571056 1.02315 -0.0399345 -0.565994 1.02352 -0.0399221 -0.563993 1.02362 -0.0399221 0.588229 1.02362 -0.0399186 -0.639649 0.994044 -0.0399156 0.595273 1.02322 -0.0399008 -0.565991 1.02362 -0.0399008 0.590227 1.02362 -0.0398446 0.593222 1.02349 -0.0398235 -0.570991 1.02348 -0.0398107 -0.568989 1.02358 -0.0398107 0.593225 1.02358 -0.0397894 -0.570987 1.02358 -0.0397894 0.595223 1.02358 -0.039554 0.536644 0.976508 -0.039554 0.536644 1.02349 -0.039554 0.556644 0.976508 -0.039554 0.556644 1.02349 -0.0393672 -0.637542 0.986877 -0.0393269 -0.634208 0.979992 -0.0390406 -0.638349 0.989547 -0.0390276 -0.530474 1.02859 -0.0390276 -0.510474 1.02859 -0.038932 -0.634252 0.980217 -0.0388157 0.597618 1.02195 -0.0387623 -0.638972 0.992274 -0.0386045 0.536644 0.971544 -0.0386045 0.556644 0.971544 -0.0385014 -0.573382 1.02182 -0.0383028 -0.454766 0.900482 -0.0383028 -0.454766 1.09952 -0.0383028 0.479002 0.900482 -0.0383028 0.479002 1.09952 -0.0382813 -0.632956 0.978391 -0.0382745 -0.636589 0.985205 -0.038273 -0.530474 0.977014 -0.038273 -0.510474 0.977014 -0.0379847 0.594971 0.978785 -0.0379819 -0.570851 0.97877 -0.0379775 -0.570486 0.978788 -0.0379681 0.594606 0.978777 -0.0379649 0.595311 0.978718 -0.0379543 -0.571159 0.97869 -0.0379383 -0.570147 0.978731 -0.0379288 -0.637489 0.987845 -0.0379228 0.594298 0.978705 -0.0379116 0.595626 0.978583 -0.0378967 -0.57145 0.978548 -0.0378967 -0.650157 0.977802 -0.0378853 -0.632998 0.978615 -0.0378839 0.589975 0.978833 -0.037881 -0.565854 0.978819 -0.0378767 -0.56549 0.978837 -0.0378673 0.58961 0.978825 -0.0378668 -0.569831 0.978605 -0.0378638 0.590314 0.978767 -0.0378531 -0.566163 0.978738 -0.0378485 0.594007 0.978571 -0.0378372 -0.56515 0.97878 -0.0378356 -0.654385 0.990855 -0.0378216 0.589302 0.978754 -0.0378196 0.595919 0.978369 -0.0378099 0.590629 0.978632 -0.0378011 -0.571726 0.978327 -0.0377948 -0.566454 0.978596 -0.0377833 0.584979 0.978882 -0.0377804 -0.560858 0.978868 -0.0377762 -0.560494 0.978885 -0.0377667 0.584614 0.978874 -0.0377652 -0.564835 0.978654 -0.0377629 0.585318 0.978816 -0.037758 -0.569538 0.978398 -0.037752 -0.561167 0.978787 -0.0377467 0.589011 0.97862 -0.037737 0.593731 0.978358 -0.0377364 -0.560154 0.978829 -0.0377207 0.584306 0.978803 -0.0377168 0.590923 0.978418 -0.0377083 0.585633 0.978681 -0.0377061 0.596133 0.978115 -0.0376982 -0.56673 0.978376 -0.0376931 -0.561458 0.978646 -0.0376839 -0.571927 0.978066 -0.037683 0.579983 0.978931 -0.03768 -0.555862 0.978917 -0.0376759 -0.555497 0.978935 -0.0376663 0.579618 0.978924 -0.0376638 -0.559839 0.978703 -0.0376623 0.580322 0.978865 -0.0376554 -0.564542 0.978448 -0.0376512 -0.55617 0.978837 -0.0376451 0.584015 0.978669 -0.0376358 -0.555158 0.978878 -0.0376342 0.588735 0.978407 -0.0376322 -0.569324 0.97815 -0.0376288 -0.638203 0.990539 -0.0376199 0.579309 0.978852 -0.0376143 0.585926 0.978468 -0.0376082 0.59353 0.978103 -0.037607 0.580637 0.978731 -0.0376021 0.591137 0.978165 -0.0375954 -0.561733 0.978426 -0.0375916 -0.556461 0.978695 -0.0375828 0.574986 0.978981 -0.0375798 -0.550866 0.978967 -0.0375797 -0.566931 0.978116 -0.0375758 -0.550501 0.978985 -0.037572 0.596277 0.977824 -0.0375661 0.574622 0.978974 -0.0375626 -0.554843 0.978753 -0.0375618 0.575326 0.978915 -0.037553 -0.559546 0.978498 -0.0375507 -0.551174 0.978887 -0.0375437 0.579019 0.978719 -0.0375434 -0.57206 0.977762 -0.0375354 -0.550162 0.978928 -0.0375316 0.583739 0.978457 -0.0375284 -0.564328 0.9782 -0.0375194 0.574313 0.978902 -0.037512 0.58093 0.978518 -0.037506 0.575641 0.978781 -0.0375042 0.588533 0.978153 -0.0374984 0.586141 0.978215 -0.0374929 -0.556737 0.978476 -0.0374904 -0.551465 0.978746 -0.0374898 -0.56918 0.977863 -0.0374829 0.56999 0.979032 -0.0374798 -0.54587 0.979017 -0.0374796 -0.453197 0.892124 -0.0374796 -0.453197 1.10788 -0.0374759 -0.545505 0.979035 -0.0374757 -0.561935 0.978167 -0.0374667 0.591281 0.977874 -0.0374662 0.569626 0.979024 -0.0374616 0.57033 0.978966 -0.0374616 -0.549847 0.978803 -0.0374601 0.593397 0.977802 -0.0374508 -0.55455 0.978548 -0.0374503 -0.546178 0.978937 -0.0374426 0.574022 0.97877 -0.0374378 -0.567064 0.977813 -0.0374353 -0.545166 0.978979 -0.0374293 0.578743 0.978508 -0.0374248 -0.559332 0.978251 -0.0374244 0.596342 0.977509 -0.0374192 0.569317 0.978953 -0.0374099 0.575934 0.978568 -0.0374051 0.570645 0.978832 -0.0374004 0.583537 0.978203 -0.0373949 0.581144 0.978266 -0.0373906 -0.551741 0.978527 -0.0373894 -0.546469 0.978796 -0.0373847 -0.564184 0.977913 -0.0373833 0.564994 0.979082 -0.0373804 -0.57211 0.977417 -0.0373804 0.596346 0.977417 -0.0373801 -0.540874 0.979068 -0.0373762 -0.540509 0.979086 -0.037372 -0.556939 0.978217 -0.0373665 0.564629 0.979075 -0.0373616 0.565333 0.979016 -0.0373615 0.586284 0.977925 -0.0373609 -0.54485 0.978854 -0.0373547 0.5884 0.977853 -0.0373502 -0.541182 0.978988 -0.0373489 -0.549554 0.978599 -0.0373417 0.569026 0.978821 -0.0373384 -0.569115 0.97755 -0.0373353 -0.540169 0.97903 -0.0373324 -0.562068 0.977864 -0.0373271 0.573747 0.978559 -0.0373215 -0.554336 0.978302 -0.0373191 0.564321 0.979004 -0.0373175 0.591346 0.97756 -0.037308 0.570938 0.97862 -0.0373045 0.565649 0.978883 -0.0372968 0.578541 0.978254 -0.0372943 -0.569111 0.977458 -0.0372943 0.593347 0.977458 -0.0372916 0.576148 0.978317 -0.0372886 -0.546745 0.978578 -0.0372886 -0.541473 0.978848 -0.0372838 0.559998 0.979134 -0.0372806 -0.535877 0.979119 -0.0372797 -0.559188 0.977965 -0.0372768 -0.535513 0.979137 -0.0372731 -0.567114 0.977468 -0.0372731 0.59135 0.977468 -0.0372684 -0.551943 0.978269 -0.037267 0.559633 0.979126 -0.0372619 0.560337 0.979068 -0.0372603 -0.539854 0.978906 -0.0372566 0.581288 0.977976 -0.0372536 -0.631603 0.976818 -0.0372503 -0.536186 0.97904 -0.0372495 0.583404 0.977904 -0.0372471 -0.544557 0.97865 -0.037241 0.56403 0.978872 -0.0372357 -0.535173 0.979081 -0.0372318 -0.564119 0.977602 -0.0372272 -0.557072 0.977915 -0.0372252 0.56875 0.97861 -0.0372193 0.559325 0.979056 -0.0372183 -0.549339 0.978354 -0.0372109 0.58635 0.977612 -0.0372064 0.565942 0.978671 -0.0372041 0.560652 0.978935 -0.0371977 -0.635538 0.983556 -0.0371935 0.573545 0.978306 -0.0371885 0.571152 0.978369 -0.037188 -0.536477 0.978899 -0.0371872 -0.564115 0.97751 -0.0371872 0.588351 0.97751 -0.0371867 -0.541749 0.97863 -0.0371846 0.555002 0.979185 -0.0371813 -0.530881 0.979171 -0.0371776 -0.530517 0.979189 -0.037175 -0.554192 0.978016 -0.0371677 0.554637 0.979178 -0.0371661 -0.562117 0.97752 -0.0371661 0.586353 0.97752 -0.0371652 -0.546947 0.97832 -0.0371624 0.555341 0.97912 -0.0371601 -0.534858 0.978957 -0.037152 0.576292 0.978028 -0.0371506 -0.53119 0.979092 -0.0371456 -0.539561 0.978702 -0.0371445 0.578408 0.977956 -0.0371406 0.559034 0.978924 -0.0371362 -0.530177 0.979133 -0.0371254 -0.559122 0.977654 -0.0371236 0.563754 0.978662 -0.0371222 -0.552076 0.977967 -0.0371197 0.554329 0.979108 -0.0371155 -0.544343 0.978406 -0.037105 0.560946 0.978723 -0.0371045 0.581354 0.977664 -0.0371039 0.555656 0.978987 -0.0370904 0.568549 0.978358 -0.0370877 -0.53148 0.978952 -0.0370857 0.566156 0.978421 -0.0370856 0.550005 0.979237 -0.0370851 -0.536752 0.978682 -0.0370822 -0.525885 0.979223 -0.0370803 -0.559119 0.977562 -0.0370803 0.583355 0.977562 -0.0370786 -0.52552 0.979241 -0.0370706 -0.549196 0.978069 -0.0370687 0.549641 0.97923 -0.0370631 0.550345 0.979172 -0.0370621 -0.54195 0.978373 -0.03706 -0.529862 0.97901 -0.0370592 -0.557121 0.977572 -0.0370592 0.581357 0.977572 -0.0370512 -0.526193 0.979144 -0.0370475 0.571296 0.97808 -0.0370444 -0.534565 0.978755 -0.0370404 0.554038 0.978976 -0.0370397 0.573412 0.978009 -0.037037 -0.525181 0.979186 -0.0370221 0.558758 0.978715 -0.0370204 0.549332 0.97916 -0.0370192 -0.554126 0.977706 -0.0370175 -0.54708 0.97802 -0.0370128 -0.539347 0.978458 -0.037004 0.55066 0.979039 -0.0370038 0.555949 0.978776 -0.0369984 0.576358 0.977717 -0.0369876 -0.526484 0.979004 -0.0369875 0.563552 0.978411 -0.0369869 0.545009 0.97929 -0.0369838 -0.531756 0.978735 -0.0369834 -0.520889 0.979276 -0.0369831 0.56116 0.978474 -0.0369799 -0.520524 0.979294 -0.0369737 -0.554123 0.977615 -0.0369737 0.578359 0.977615 -0.03697 0.544645 0.979283 -0.0369663 -0.544199 0.978122 -0.036964 0.545349 0.979225 -0.0369602 -0.524866 0.979063 -0.0369593 -0.536954 0.978426 -0.0369527 -0.552125 0.977625 -0.0369527 0.576361 0.977625 -0.036952 -0.521197 0.979197 -0.0369434 -0.529569 0.978808 -0.0369433 0.5663 0.978133 -0.0369404 0.549042 0.979029 -0.036938 -0.520185 0.979239 -0.0369352 0.568416 0.978061 -0.0369213 0.544336 0.979213 -0.0369209 0.553762 0.978768 -0.0369132 -0.54913 0.977759 -0.036913 -0.542083 0.978073 -0.0369104 -0.534351 0.978511 -0.0369043 0.545664 0.979092 -0.0369029 0.550953 0.978829 -0.0368925 0.571361 0.97777 -0.0368884 0.540013 0.979343 -0.0368878 -0.521488 0.979057 -0.0368849 -0.515893 0.979329 -0.0368849 0.558556 0.978464 -0.0368827 -0.52676 0.978788 -0.0368815 -0.515528 0.979347 -0.0368807 0.556163 0.978527 -0.0368715 0.539649 0.979337 -0.0368673 -0.549127 0.977668 -0.0368673 0.573363 0.977668 -0.0368652 0.540353 0.979278 -0.0368623 -0.539203 0.978175 -0.0368606 -0.51987 0.979116 -0.0368567 -0.531958 0.978479 -0.0368566 -0.631644 0.977041 -0.0368531 -0.516201 0.97925 -0.0368463 -0.547129 0.977678 -0.0368463 0.571365 0.977678 -0.0368426 -0.524573 0.978861 -0.0368407 0.544045 0.979083 -0.0368394 0.561304 0.978187 -0.0368393 -0.515189 0.979292 -0.0368375 -0.636537 0.986175 -0.0368309 0.56342 0.978115 -0.0368224 0.53934 0.979267 -0.03682 0.548766 0.978821 -0.0368161 -0.530474 1.02231 -0.0368161 -0.510474 1.02231 -0.0368088 -0.537087 0.978126 -0.0368082 -0.529355 0.978565 -0.0368075 -0.544134 0.977813 -0.0368049 0.540668 0.979146 -0.0368022 0.545957 0.978883 -0.0367902 0.535017 0.979397 -0.0367882 -0.516492 0.979111 -0.0367868 0.566365 0.977823 -0.0367866 -0.510897 0.979383 -0.0367832 -0.510532 0.979401 -0.0367825 0.55356 0.978518 -0.0367818 -0.521764 0.978842 -0.0367786 0.551167 0.97858 -0.0367732 0.534652 0.97939 -0.0367667 0.535356 0.979332 -0.0367613 -0.514873 0.97917 -0.0367612 -0.54413 0.977722 -0.0367612 0.568366 0.977722 -0.0367586 -0.534207 0.978229 -0.0367544 -0.511205 0.979304 -0.0367544 -0.526962 0.978533 -0.0367421 -0.519576 0.978915 -0.0367412 0.539049 0.979137 -0.0367408 -0.510192 0.979346 -0.0367402 -0.542133 0.977732 -0.0367402 0.566369 0.977732 -0.0367357 0.556307 0.97824 -0.0367268 0.558423 0.978169 -0.0367238 0.534344 0.979321 -0.0367192 0.54377 0.978875 -0.0367063 -0.524359 0.978619 -0.0367057 0.535672 0.9792 -0.0367048 -0.532091 0.97818 -0.0367021 -0.539138 0.977867 -0.0367018 0.540961 0.978937 -0.0366922 0.530021 0.979451 -0.0366888 -0.511496 0.979165 -0.0366885 -0.5059 0.979437 -0.0366853 -0.505536 0.979455 -0.0366814 0.561369 0.977877 -0.0366812 -0.516768 0.978896 -0.0366803 0.548564 0.978572 -0.0366768 0.546171 0.978635 -0.0366752 0.529656 0.979444 -0.0366684 0.53036 0.979386 -0.0366623 -0.509877 0.979224 -0.036656 -0.506209 0.979358 -0.0366553 -0.539134 0.977776 -0.0366553 0.56337 0.977776 -0.036655 -0.529211 0.978283 -0.0366523 -0.521966 0.978587 -0.0366426 -0.505196 0.9794 -0.036642 0.534053 0.979191 -0.0366418 -0.51458 0.978969 -0.0366343 -0.537137 0.977787 -0.0366343 0.561373 0.977787 -0.0366322 0.551311 0.978295 -0.0366255 0.529348 0.979375 -0.036623 0.553427 0.978223 -0.0366188 0.538773 0.97893 -0.0366068 0.530675 0.979255 -0.0366046 -0.519362 0.978673 -0.0366016 0.535965 0.978991 -0.036601 -0.527095 0.978235 -0.0365968 -0.534142 0.977921 -0.0365945 0.525025 0.979506 -0.0365907 -0.500904 0.979492 -0.0365897 -0.5065 0.97922 -0.0365876 -0.50054 0.97951 -0.0365808 -0.511772 0.97895 -0.0365784 0.543568 0.978627 -0.0365774 0.52466 0.979499 -0.0365762 0.556373 0.977932 -0.0365752 0.541175 0.978689 -0.0365703 0.525364 0.979441 -0.0365635 -0.504881 0.979279 -0.0365578 -0.501213 0.979413 -0.0365518 -0.524215 0.978338 -0.0365505 -0.51697 0.978642 -0.0365496 -0.534138 0.977831 -0.0365496 0.558374 0.977831 -0.0365446 -0.5002 0.979455 -0.036543 0.529057 0.979246 -0.0365418 -0.509584 0.979024 -0.036529 0.546315 0.97835 -0.0365287 -0.53214 0.977841 -0.0365287 0.556376 0.977841 -0.0365274 0.524352 0.97943 -0.0365207 -0.637345 0.988843 -0.0365195 0.548431 0.978278 -0.0365186 0.533777 0.978985 -0.0365082 0.525679 0.97931 -0.0365032 -0.514366 0.978728 -0.0365017 0.530969 0.979046 -0.0364975 -0.522099 0.97829 -0.036497 0.520028 0.979561 -0.0364932 -0.495908 0.979547 -0.0364919 -0.529145 0.977976 -0.0364909 -0.501503 0.979275 -0.0364901 -0.495543 0.979565 -0.0364807 -0.506775 0.979006 -0.0364799 0.519664 0.979554 -0.0364768 0.538572 0.978682 -0.0364738 0.536179 0.978744 -0.0364726 0.520368 0.979496 -0.0364712 0.551377 0.977987 -0.0364649 -0.499885 0.979334 -0.0364599 -0.496216 0.979468 -0.0364489 -0.511973 0.978697 -0.0364488 -0.519219 0.978393 -0.0364469 -0.495204 0.97951 -0.0364443 0.524061 0.979301 -0.0364442 -0.529142 0.977886 -0.0364442 0.553378 0.977886 -0.036442 -0.504588 0.979079 -0.0364296 0.519355 0.979485 -0.036426 0.541319 0.978405 -0.0364234 -0.527144 0.977897 -0.0364234 0.55138 0.977897 -0.0364186 0.528781 0.97904 -0.0364162 0.543435 0.978333 -0.0364097 0.520683 0.979365 -0.0364021 0.525972 0.979102 -0.036402 -0.50937 0.978784 -0.0363998 0.515032 0.979616 -0.0363959 -0.490912 0.979602 -0.0363943 -0.517102 0.978345 -0.0363929 -0.490547 0.97962 -0.0363923 -0.496507 0.97933 -0.0363871 -0.524149 0.978032 -0.0363827 0.514668 0.97961 -0.0363808 -0.501779 0.979061 -0.0363754 0.533575 0.978737 -0.036375 0.515372 0.979552 -0.0363727 0.531183 0.9788 -0.0363666 -0.494889 0.97939 -0.0363666 0.546381 0.978043 -0.0363623 -0.49122 0.979524 -0.0363494 -0.490208 0.979566 -0.0363476 -0.506977 0.978753 -0.036346 -0.514222 0.978449 -0.0363459 0.519065 0.979357 -0.0363455 0.536644 1.0276 -0.0363455 0.556644 1.0276 -0.0363426 -0.499592 0.979135 -0.0363391 -0.524146 0.977942 -0.0363391 0.548382 0.977942 -0.036332 0.514359 0.979541 -0.0363233 0.536323 0.978461 -0.0363189 0.523785 0.979096 -0.0363183 -0.522148 0.977953 -0.0363183 0.546384 0.977953 -0.0363132 0.538439 0.978389 -0.0363116 0.515687 0.979421 -0.0363027 0.520976 0.979158 -0.0363011 -0.504374 0.97884 -0.036294 -0.491511 0.979387 -0.0362913 -0.512106 0.978401 -0.0362827 -0.519153 0.978088 -0.0362813 -0.496783 0.979117 -0.0362786 -0.492213 1.02031 -0.0362747 0.516333 1.02033 -0.0362743 0.528579 0.978793 -0.0362719 0.526186 0.978856 -0.0362718 0.516698 1.02031 -0.0362686 -0.489893 0.979446 -0.0362622 0.541384 0.978099 -0.0362615 -0.492577 1.02032 -0.0362535 -0.491873 1.02038 -0.0362477 0.514068 0.979413 -0.0362465 -0.501981 0.978809 -0.0362435 -0.509226 0.978505 -0.0362433 -0.494596 0.979191 -0.0362406 0.516025 1.02041 -0.0362402 -0.630144 0.975267 -0.0362342 -0.51915 0.977998 -0.0362342 0.543386 0.977998 -0.036228 0.517037 1.02036 -0.0362209 0.531327 0.978517 -0.0362195 0.518789 0.979152 -0.0362134 -0.517152 0.978009 -0.0362134 0.541388 0.978009 -0.0362104 -0.492886 1.02039 -0.0362104 0.533443 0.978446 -0.0362035 0.51598 0.979214 -0.0362005 -0.499378 0.978896 -0.0361893 -0.491558 1.02051 -0.0361886 -0.50711 0.978458 -0.036182 -0.497209 1.02026 -0.0361819 -0.491787 0.979174 -0.0361792 -0.573382 1.02073 -0.0361785 -0.514157 0.978144 -0.036178 0.521329 1.02027 -0.0361752 0.521694 1.02025 -0.0361734 0.523583 0.97885 -0.0361715 0.515734 1.02054 -0.0361713 0.52119 0.978913 -0.0361648 -0.497573 1.02026 -0.036158 0.536388 0.978156 -0.0361566 -0.496869 1.02032 -0.0361464 0.517352 1.02048 -0.0361457 -0.496985 0.978866 -0.0361443 -0.489599 0.979248 -0.0361435 0.521021 1.02035 -0.0361413 -0.50423 0.978562 -0.0361399 -0.634391 0.981937 -0.0361311 0.522033 1.02031 -0.0361295 -0.514153 0.978055 -0.0361295 0.538389 0.978055 -0.0361253 -0.493177 1.02052 -0.0361204 0.513793 0.979209 -0.0361187 0.52633 0.978574 -0.0361134 -0.497882 1.02033 -0.0361088 -0.512156 0.978066 -0.0361088 0.536392 0.978066 -0.0361079 0.528446 0.978503 -0.0361001 -0.494382 0.978953 -0.0360918 -0.496554 1.02045 -0.0360861 -0.502114 0.978515 -0.0360857 -0.502205 1.0202 -0.0360816 0.526325 1.02021 -0.03608 -0.491265 1.02071 -0.0360789 0.52669 1.0202 -0.0360745 -0.509161 0.978202 -0.0360738 0.52073 1.02049 -0.0360728 0.518587 0.978907 -0.036071 0.516194 0.97897 -0.0360685 -0.50257 1.02021 -0.03606 -0.501865 1.02026 -0.0360582 0.515458 1.02075 -0.0360541 0.531392 0.978213 -0.036049 0.522348 1.02043 -0.0360468 0.526017 1.02029 -0.0360452 -0.491989 0.978923 -0.0360393 -0.499234 0.978619 -0.0360346 0.52703 1.02025 -0.0360278 -0.498173 1.02046 -0.0360252 -0.509157 0.978112 -0.0360252 0.533393 0.978112 -0.036021 0.517645 1.02068 -0.0360168 0.521334 0.978631 -0.0360168 -0.502878 1.02027 -0.0360056 0.52345 0.97856 -0.0360045 -0.50716 0.978123 -0.0360045 0.531395 0.978123 -0.036 -0.489385 0.979011 -0.0359968 -0.493452 1.02072 -0.0359945 -0.50155 1.02039 -0.0359896 -0.507201 1.02014 -0.0359855 0.531322 1.02016 -0.0359839 -0.497118 0.978572 -0.0359828 0.531686 1.02014 -0.0359815 -0.496261 1.02066 -0.0359764 0.525726 1.02043 -0.0359725 0.513591 0.978965 -0.0359724 -0.507566 1.02015 -0.0359709 -0.504165 0.978259 -0.0359636 -0.506862 1.02021 -0.0359595 0.520454 1.0207 -0.0359519 0.527345 1.02037 -0.0359505 0.526396 0.97827 -0.0359503 0.531013 1.02023 -0.0359461 -0.491051 1.02096 -0.0359383 0.532026 1.02019 -0.0359376 -0.494238 0.978676 -0.0359374 -0.530474 0.972578 -0.0359374 -0.510474 0.972578 -0.0359305 -0.503169 1.0204 -0.0359227 0.522642 1.02062 -0.0359211 -0.504161 0.97817 -0.0359211 0.528397 0.97817 -0.0359203 -0.507874 1.02022 -0.0359199 0.515256 1.02101 -0.0359152 0.516338 0.978689 -0.0359037 0.518454 0.978618 -0.0359005 -0.502163 0.978181 -0.0359005 0.526399 0.978181 -0.0358983 -0.498448 1.02066 -0.0358975 -0.506546 1.02034 -0.0358939 -0.512197 1.02008 -0.0358896 0.536318 1.0201 -0.0358871 0.536682 1.02008 -0.0358833 -0.501257 1.0206 -0.035882 -0.492122 0.97863 -0.0358792 0.530722 1.02037 -0.0358766 -0.512562 1.02009 -0.0358753 0.517859 1.02092 -0.0358675 -0.511858 1.02015 -0.0358675 -0.499168 0.978317 -0.035861 0.52545 1.02064 -0.035855 0.532341 1.02031 -0.035854 0.536009 1.02018 -0.0358475 -0.493654 1.02096 -0.0358471 0.5214 0.978329 -0.0358464 -0.496047 1.0209 -0.0358423 -0.630183 0.975488 -0.0358423 0.537022 1.02013 -0.0358362 -0.489241 0.978735 -0.0358335 -0.508165 1.02034 -0.0358246 0.527638 1.02056 -0.0358242 -0.51287 1.02016 -0.0358201 0.520252 1.02095 -0.0358172 -0.499165 0.978228 -0.0358172 0.523401 0.978228 -0.035802 0.513458 0.978676 -0.0358008 -0.511543 1.02028 -0.0358 -0.503445 1.0206 -0.0357983 -0.517193 1.02003 -0.0357967 -0.497167 0.97824 -0.0357967 0.521403 0.97824 -0.0357941 0.541314 1.02004 -0.0357916 0.541678 1.02002 -0.0357885 -0.490907 1.02124 -0.0357853 -0.506253 1.02054 -0.0357824 0.535718 1.02031 -0.035781 -0.517558 1.02003 -0.0357758 0.522856 1.02086 -0.0357717 -0.516854 1.02009 -0.0357643 -0.494172 0.978376 -0.0357629 0.530446 1.02058 -0.0357619 -0.635487 0.984528 -0.0357584 0.537337 1.02025 -0.0357581 0.541005 1.02012 -0.035755 0.515123 1.0213 -0.0357478 -0.49865 1.0209 -0.035747 -0.501043 1.02084 -0.0357465 0.542018 1.02007 -0.0357441 0.516403 0.978387 -0.0357367 -0.513161 1.02028 -0.0357284 -0.517866 1.0201 -0.0357268 0.532634 1.02051 -0.0357204 0.525249 1.02089 -0.0357137 -0.494169 0.978287 -0.0357137 0.518405 0.978287 -0.0357099 0.518003 1.02119 -0.0357044 -0.516539 1.02022 -0.0357031 -0.52219 1.01997 -0.035702 -0.508441 1.02054 -0.0356988 0.54631 1.01998 -0.0356964 0.546675 1.01996 -0.0356932 -0.492171 0.978298 -0.0356932 0.516407 0.978298 -0.0356876 -0.51125 1.02048 -0.0356875 -0.495903 1.02118 -0.0356858 -0.522554 1.01997 -0.0356858 0.540715 1.02025 -0.0356766 0.527852 1.0208 -0.0356762 -0.52185 1.02003 -0.0356753 -0.493787 1.02125 -0.035665 0.535443 1.02052 -0.0356625 0.546002 1.02006 -0.0356621 0.542333 1.02019 -0.0356615 -0.489176 0.978435 -0.0356537 0.520119 1.02124 -0.0356511 0.547014 1.02002 -0.0356484 -0.503646 1.02085 -0.0356479 -0.506039 1.02078 -0.0356403 -0.518157 1.02022 -0.0356328 -0.522863 1.02004 -0.0356293 0.53763 1.02045 -0.0356211 0.530245 1.02083 -0.0356156 -0.490841 1.02154 -0.0356104 -0.489173 0.978346 -0.0356104 0.513408 0.978346 -0.0356091 0.523 1.02113 -0.0356083 -0.521535 1.02016 -0.0356082 -0.527186 1.01991 -0.0356045 -0.572174 0.978349 -0.0356045 -0.567174 0.978349 -0.0356045 -0.562174 0.978349 -0.0356045 -0.559173 0.978349 -0.0356045 -0.557174 0.978349 -0.0356045 -0.554173 0.978349 -0.0356045 -0.552174 0.978349 -0.0356045 -0.549173 0.978349 -0.0356045 -0.547174 0.978349 -0.0356045 -0.544173 0.978349 -0.0356045 -0.542174 0.978349 -0.0356045 -0.539173 0.978349 -0.0356045 -0.537174 0.978349 -0.0356045 -0.534173 0.978349 -0.0356045 -0.532174 0.978349 -0.0356045 -0.527174 0.978349 -0.0356045 0.55141 0.978349 -0.0356045 0.55641 0.978349 -0.0356045 0.558409 0.978349 -0.0356045 0.56141 0.978349 -0.0356045 0.563409 0.978349 -0.0356045 0.56641 0.978349 -0.0356045 0.568409 0.978349 -0.0356045 0.57141 0.978349 -0.0356045 0.573409 0.978349 -0.0356045 0.57641 0.978349 -0.0356045 0.578409 0.978349 -0.0356045 0.58141 0.978349 -0.0356045 0.583409 0.978349 -0.0356045 0.58641 0.978349 -0.0356045 0.59141 0.978349 -0.0356045 0.59641 0.978349 -0.0356045 -0.569173 0.978349 -0.0356045 -0.564173 0.978349 -0.0356045 -0.529173 0.978349 -0.0356045 -0.524173 0.978349 -0.0356045 -0.522174 0.978349 -0.0356045 -0.519173 0.978349 -0.0356045 -0.517174 0.978349 -0.0356045 -0.514173 0.978349 -0.0356045 -0.512174 0.978349 -0.0356045 -0.509173 0.978349 -0.0356045 -0.507174 0.978349 -0.0356045 0.53141 0.978349 -0.0356045 0.533409 0.978349 -0.0356045 0.53641 0.978349 -0.0356045 0.538409 0.978349 -0.0356045 0.54141 0.978349 -0.0356045 0.543409 0.978349 -0.0356045 0.54641 0.978349 -0.0356045 0.548409 0.978349 -0.0356045 0.553409 0.978349 -0.0356045 0.588409 0.978349 -0.0356045 0.593409 0.978349 -0.0356045 -0.573382 0.978349 -0.0356045 -0.504173 0.978349 -0.0356045 -0.502174 0.978349 -0.0356045 -0.499173 0.978349 -0.0356045 -0.497174 0.978349 -0.0356045 -0.495839 1.02165 -0.0356045 -0.494173 0.978349 -0.0356045 -0.493841 1.02165 -0.0356045 -0.492174 0.978349 -0.0356045 -0.473382 0.978349 -0.0356045 -0.473382 1.02165 -0.0356045 0.497618 0.978349 -0.0356045 0.497618 1.02165 -0.0356045 0.51641 0.978349 -0.0356045 0.518077 1.02165 -0.0356045 0.518409 0.978349 -0.0356045 0.520075 1.02165 -0.0356045 0.52141 0.978349 -0.0356045 0.523409 0.978349 -0.0356045 0.52641 0.978349 -0.0356045 0.528409 0.978349 -0.0356045 0.536644 0.978349 -0.0356045 0.536644 1.02165 -0.0356045 0.556644 0.978349 -0.0356045 0.556644 1.02165 -0.0356045 0.597618 0.978349 -0.0356045 -0.510839 1.02165 -0.0356045 -0.508841 1.02165 -0.0356045 -0.505839 1.02165 -0.0356045 -0.503841 1.02165 -0.0356045 -0.500839 1.02165 -0.0356045 -0.498841 1.02165 -0.0356045 0.523077 1.02165 -0.0356045 0.525075 1.02165 -0.0356045 0.528077 1.02165 -0.0356045 0.530075 1.02165 -0.0356045 0.533077 1.02165 -0.0356045 0.535075 1.02165 -0.0356045 -0.570839 1.02165 -0.0356045 -0.568841 1.02165 -0.0356045 -0.565839 1.02165 -0.0356045 -0.563841 1.02165 -0.0356045 -0.560839 1.02165 -0.0356045 -0.558841 1.02165 -0.0356045 -0.555839 1.02165 -0.0356045 -0.553841 1.02165 -0.0356045 -0.550839 1.02165 -0.0356045 -0.548841 1.02165 -0.0356045 -0.545839 1.02165 -0.0356045 -0.543841 1.02165 -0.0356045 -0.540839 1.02165 -0.0356045 -0.538841 1.02165 -0.0356045 -0.535839 1.02165 -0.0356045 -0.533841 1.02165 -0.0356045 -0.530839 1.02165 -0.0356045 -0.528841 1.02165 -0.0356045 -0.525839 1.02165 -0.0356045 -0.523841 1.02165 -0.0356045 -0.520839 1.02165 -0.0356045 -0.518841 1.02165 -0.0356045 -0.515839 1.02165 -0.0356045 -0.513841 1.02165 -0.0356045 0.538077 1.02165 -0.0356045 0.540075 1.02165 -0.0356045 0.543077 1.02165 -0.0356045 0.545075 1.02165 -0.0356045 0.548077 1.02165 -0.0356045 0.550075 1.02165 -0.0356045 0.553077 1.02165 -0.0356045 0.555075 1.02165 -0.0356045 0.558077 1.02165 -0.0356045 0.560075 1.02165 -0.0356045 0.563077 1.02165 -0.0356045 0.565075 1.02165 -0.0356045 0.568077 1.02165 -0.0356045 0.570075 1.02165 -0.0356045 0.573077 1.02165 -0.0356045 0.575075 1.02165 -0.0356045 0.578077 1.02165 -0.0356045 0.580075 1.02165 -0.0356045 0.583077 1.02165 -0.0356045 0.585075 1.02165 -0.0356045 0.588077 1.02165 -0.0356045 0.590075 1.02165 -0.0356045 0.593077 1.02165 -0.0356045 0.595075 1.02165 -0.0356044 -0.513437 1.02048 -0.0356038 0.551306 1.01992 -0.0356015 0.551671 1.0199 -0.0355908 -0.52755 1.01991 -0.0355902 -0.516246 1.02042 -0.0355895 0.545711 1.02019 -0.0355868 -0.500899 1.02112 -0.0355809 -0.526846 1.01997 -0.0355777 0.532848 1.02074 -0.0355742 -0.498783 1.02119 -0.0355674 0.540439 1.02046 -0.0355671 0.550998 1.02 -0.0355661 0.547329 1.02013 -0.0355642 -0.490838 1.02163 -0.0355642 0.515074 1.02163 -0.0355559 0.55201 1.01996 -0.0355527 0.525116 1.02118 -0.0355493 -0.508643 1.02079 -0.0355491 -0.511036 1.02072 -0.0355441 -0.523154 1.02017 -0.0355375 -0.527859 1.01998 -0.0355333 0.518069 1.02149 -0.0355321 0.542626 1.02039 -0.0355221 0.535241 1.02077 -0.0355136 -0.532182 1.01985 -0.0355132 -0.495838 1.02148 -0.0355124 -0.526531 1.0201 -0.0355091 0.556302 1.01986 -0.0355086 0.527996 1.02107 -0.0355069 -0.518433 1.02043 -0.0355069 0.556667 1.01984 -0.0354962 -0.532547 1.01985 -0.0354935 0.550707 1.02013 -0.0354931 -0.521242 1.02036 -0.0354928 0.597618 1.02035 -0.0354864 -0.505895 1.02106 -0.035486 -0.531842 1.01991 -0.0354817 -0.493836 1.02158 -0.0354817 0.518072 1.02158 -0.0354791 0.537844 1.02068 -0.0354734 -0.503779 1.02113 -0.035472 0.555994 1.01994 -0.0354704 0.552325 1.02007 -0.0354701 0.545435 1.0204 -0.0354614 -0.495834 1.02157 -0.0354614 0.52007 1.02157 -0.0354611 0.557007 1.0199 -0.035452 0.530112 1.02112 -0.0354505 -0.516032 1.02066 -0.0354504 -0.513639 1.02073 -0.0354482 -0.52815 1.02011 -0.0354425 -0.532855 1.01992 -0.0354351 0.547622 1.02033 -0.0354328 -0.636396 0.987178 -0.0354311 0.523065 1.02143 -0.0354233 0.540237 1.02071 -0.0354192 -0.537178 1.01979 -0.0354169 -0.531527 1.02004 -0.0354147 0.561299 1.0198 -0.0354126 0.561663 1.01978 -0.035411 -0.500834 1.02142 -0.0354098 -0.523429 1.02036 -0.0354084 0.532992 1.02101 -0.0354018 -0.537543 1.01979 -0.0353978 0.555703 1.02007 -0.0353963 -0.526238 1.0203 -0.0353914 -0.536839 1.01985 -0.0353862 -0.510892 1.021 -0.0353808 0.54284 1.02062 -0.0353791 -0.498833 1.02152 -0.0353791 0.523069 1.02152 -0.0353773 0.56099 1.01988 -0.035375 0.557322 1.02001 -0.0353731 0.550431 1.02034 -0.0353729 -0.508776 1.02107 -0.0353665 0.562003 1.01984 -0.0353588 -0.50083 1.02151 -0.0353588 0.525066 1.02151 -0.0353527 -0.533146 1.02004 -0.0353523 -0.521028 1.0206 -0.0353519 -0.518635 1.02067 -0.0353516 0.535108 1.02106 -0.0353479 -0.537851 1.01986 -0.0353385 0.552619 1.02027 -0.0353292 0.528061 1.02137 -0.0353252 -0.542174 1.01973 -0.0353248 0.545233 1.02065 -0.0353216 -0.536524 1.01998 -0.0353206 0.566295 1.01974 -0.0353185 0.566659 1.01972 -0.035313 -0.528426 1.0203 -0.0353092 -0.50583 1.02136 -0.0353084 0.537988 1.02095 -0.0353077 -0.542539 1.01973 -0.0353024 0.560699 1.02001 -0.0352998 -0.531234 1.02024 -0.035297 -0.541835 1.01979 -0.0352864 -0.515888 1.02094 -0.0352828 0.565986 1.01982 -0.0352827 0.547836 1.02056 -0.0352799 0.562318 1.01995 -0.0352768 -0.503829 1.02146 -0.0352768 0.528065 1.02146 -0.0352764 0.555427 1.02028 -0.0352727 -0.513772 1.02101 -0.0352722 0.566999 1.01978 -0.0352574 -0.538142 1.01998 -0.0352565 -0.505826 1.02145 -0.0352565 0.530062 1.02145 -0.0352543 0.472401 0.86953 -0.0352543 0.472401 1.13047 -0.0352543 -0.526024 1.02054 -0.0352536 -0.523631 1.0206 -0.0352535 -0.542847 1.0198 -0.0352515 0.540104 1.021 -0.0352423 -0.628577 0.973739 -0.0352422 0.557615 1.02021 -0.0352314 -0.547171 1.01967 -0.0352276 0.533057 1.02131 -0.0352268 0.571291 1.01968 -0.0352267 -0.54152 1.01992 -0.0352267 0.550229 1.02059 -0.0352248 0.571656 1.01966 -0.0352165 -0.533422 1.02024 -0.035214 -0.547535 1.01967 -0.0352088 0.542984 1.02089 -0.0352076 -0.510826 1.0213 -0.0352073 0.565695 1.01995 -0.0352036 -0.53623 1.02018 -0.035203 -0.546831 1.01973 -0.0351886 0.570983 1.01976 -0.0351868 -0.520884 1.02088 -0.0351851 0.567314 1.01989 -0.035185 0.552833 1.0205 -0.03518 0.560423 1.02022 -0.0351783 0.571995 1.01971 -0.0351747 -0.508825 1.0214 -0.0351747 0.533061 1.0214 -0.0351728 -0.518768 1.02095 -0.0351624 -0.543138 1.01992 -0.0351594 -0.547844 1.01974 -0.0351567 -0.53102 1.02048 -0.0351557 -0.528627 1.02054 -0.0351545 -0.510823 1.02138 -0.0351545 0.535059 1.02138 -0.0351516 0.5451 1.02094 -0.0351461 0.562611 1.02014 -0.035138 -0.552167 1.01961 -0.0351333 0.576287 1.01962 -0.035132 -0.546516 1.01986 -0.0351314 0.576652 1.0196 -0.0351288 0.555226 1.02053 -0.0351263 0.538054 1.02125 -0.0351205 -0.552531 1.01961 -0.0351203 -0.538418 1.02018 -0.0351125 0.570692 1.01989 -0.0351095 0.54798 1.02083 -0.0351092 -0.551827 1.01967 -0.0351077 -0.541227 1.02012 -0.0351063 -0.515822 1.02124 -0.0350947 0.575979 1.0197 -0.0350905 0.57231 1.01983 -0.0350899 -0.633134 0.98033 -0.0350876 -0.52588 1.02082 -0.0350875 0.557829 1.02044 -0.0350846 0.576991 1.01965 -0.0350844 -0.628267 0.973498 -0.035084 0.56542 1.02016 -0.0350732 -0.523764 1.02089 -0.035073 -0.513821 1.02133 -0.035073 0.538057 1.02133 -0.0350678 -0.548134 1.01986 -0.0350656 -0.55284 1.01968 -0.0350593 -0.536016 1.02042 -0.035058 -0.533623 1.02048 -0.0350546 -0.647265 0.973452 -0.0350529 -0.515819 1.02132 -0.0350529 0.540055 1.02132 -0.0350521 0.550097 1.02087 -0.0350504 0.567607 1.02008 -0.0350449 -0.557163 1.01954 -0.0350401 0.581283 1.01956 -0.0350383 0.581648 1.01954 -0.0350377 -0.551512 1.01979 -0.0350312 0.560222 1.02046 -0.0350274 -0.557527 1.01955 -0.0350252 0.54305 1.02119 -0.0350244 -0.543414 1.02012 -0.035018 0.575688 1.01983 -0.0350158 -0.556823 1.01961 -0.0350121 -0.546223 1.02006 -0.0350105 0.552977 1.02077 -0.0350054 -0.520818 1.02117 -0.0350012 0.580975 1.01963 -0.0349963 0.577306 1.01977 -0.0349912 0.581987 1.01959 -0.0349904 0.562825 1.02037 -0.0349886 -0.530876 1.02075 -0.0349882 0.570416 1.0201 -0.0349739 -0.52876 1.02082 -0.0349734 -0.553131 1.0198 -0.0349722 -0.557836 1.01961 -0.0349715 -0.518817 1.02127 -0.0349715 0.543053 1.02127 -0.0349623 -0.541013 1.02036 -0.0349607 -0.53862 1.02042 -0.034955 0.572603 1.02002 -0.0349529 0.555093 1.02081 -0.0349521 -0.562159 1.01948 -0.0349515 -0.520815 1.02126 -0.0349515 0.545051 1.02126 -0.0349472 0.58628 1.01949 -0.0349455 0.586644 1.01948 -0.0349437 -0.556508 1.01973 -0.0349348 -0.627812 0.973269 -0.0349345 -0.562524 1.01949 -0.034934 0.565218 1.0204 -0.0349288 -0.54841 1.02006 -0.0349245 0.548046 1.02112 -0.0349238 0.580684 1.01977 -0.0349227 -0.56182 1.01954 -0.0349168 -0.551219 1.01999 -0.0349117 0.557973 1.0207 -0.0349079 0.585971 1.01957 -0.0349047 -0.525815 1.02111 -0.0349024 0.582303 1.0197 -0.0348982 0.586984 1.01953 -0.0348936 0.567821 1.02031 -0.0348927 0.575412 1.02003 -0.03489 -0.535872 1.02069 -0.0348793 -0.558127 1.01974 -0.034879 -0.562832 1.01955 -0.034875 -0.533756 1.02076 -0.0348704 -0.523813 1.02121 -0.0348704 0.548049 1.02121 -0.0348656 -0.546009 1.02029 -0.0348636 -0.543616 1.02036 -0.0348599 0.577599 1.01996 -0.0348595 -0.567155 1.01942 -0.0348546 0.591276 1.01943 -0.034854 0.560089 1.02075 -0.034853 0.59164 1.01941 -0.0348504 -0.525811 1.0212 -0.0348504 0.550047 1.0212 -0.0348499 -0.561504 1.01967 -0.0348469 -0.627305 0.973134 -0.034842 -0.56752 1.01942 -0.034837 0.570214 1.02034 -0.0348335 -0.553406 1.01999 -0.0348299 0.58568 1.0197 -0.0348299 -0.566816 1.01948 -0.0348242 -0.626872 0.9731 -0.0348242 -0.530474 0.9731 -0.0348242 -0.513997 0.9731 -0.0348241 0.553042 1.02106 -0.0348218 -0.556215 1.01993 -0.034815 0.590967 1.01951 -0.0348133 0.562969 1.02064 -0.0348104 -0.652526 0.986225 -0.0348088 0.587299 1.01964 -0.0348055 0.59198 1.01946 -0.0348044 -0.530811 1.02105 -0.0347975 0.580408 1.01997 -0.0347971 0.572817 1.02025 -0.0347916 -0.540869 1.02063 -0.0347862 -0.567828 1.01949 -0.0347856 -0.563123 1.01967 -0.0347763 -0.538752 1.0207 -0.0347696 -0.52881 1.02115 -0.0347696 0.553046 1.02115 -0.0347692 -0.551005 1.02023 -0.0347674 -0.572151 1.01936 -0.0347669 -0.548612 1.02029 -0.0347651 0.582596 1.01989 -0.0347623 0.596272 1.01937 -0.0347608 0.596636 1.01935 -0.0347565 -0.566501 1.01961 -0.0347554 0.565085 1.02068 -0.0347498 -0.572516 1.01936 -0.0347496 -0.530807 1.02113 -0.0347496 0.555043 1.02113 -0.0347404 0.57521 1.02027 -0.0347385 -0.558403 1.01993 -0.0347374 -0.571812 1.01942 -0.0347363 0.590676 1.01964 -0.0347272 -0.561211 1.01987 -0.034724 0.558038 1.021 -0.0347224 0.595963 1.01944 -0.0347156 0.592295 1.01958 -0.0347152 0.567965 1.02058 -0.0347131 0.596976 1.0194 -0.0347053 -0.634342 0.982911 -0.0347043 -0.535807 1.02098 -0.0347027 0.585404 1.01991 -0.0347009 0.577814 1.02018 -0.0346936 -0.572824 1.01942 -0.0346936 -0.545865 1.02056 -0.0346922 -0.568119 1.01961 -0.0346779 -0.543749 1.02063 -0.0346731 -0.556001 1.02017 -0.0346706 0.587592 1.01983 -0.0346705 -0.553608 1.02023 -0.034669 -0.533806 1.02108 -0.034669 0.558042 1.02108 -0.0346635 -0.571497 1.01954 -0.0346571 0.570081 1.02062 -0.0346492 -0.535803 1.02107 -0.0346492 0.560039 1.02107 -0.0346441 0.580206 1.02021 -0.0346438 -0.563399 1.01987 -0.0346431 0.595673 1.01958 -0.0346328 -0.566207 1.0198 -0.0346248 -0.446524 0.863138 -0.0346248 -0.446524 1.13686 -0.0346242 0.563034 1.02093 -0.0346226 0.597291 1.01951 -0.0346175 0.572961 1.02051 -0.0346081 0.590401 1.01984 -0.0346065 -0.573097 1.01954 -0.034605 0.58281 1.02012 -0.0346046 -0.540803 1.02092 -0.0345959 -0.550861 1.0205 -0.0345799 -0.548745 1.02057 -0.0345773 -0.560997 1.0201 -0.0345764 0.592588 1.01977 -0.0345744 -0.558604 1.02016 -0.0345688 -0.538802 1.02102 -0.0345688 0.563038 1.02102 -0.0345591 0.575077 1.02056 -0.0345584 -0.530474 1.02677 -0.0345584 -0.510474 1.02677 -0.0345495 -0.568395 1.0198 -0.034549 -0.5408 1.02101 -0.034549 0.565036 1.02101 -0.0345481 0.585203 1.02015 -0.0345388 -0.571204 1.01974 -0.0345247 0.568031 1.02087 -0.03452 0.577958 1.02045 -0.0345139 0.595397 1.01978 -0.0345094 0.587806 1.02006 -0.0345052 -0.545799 1.02086 -0.0344985 -0.555857 1.02044 -0.0344821 -0.553741 1.02051 -0.0344818 -0.565993 1.02004 -0.0344786 -0.5636 1.0201 -0.0344689 -0.543798 1.02095 -0.0344689 0.568034 1.02095 -0.0344615 0.580074 1.02049 -0.0344613 -0.573382 1.01973 -0.0344524 0.590199 1.02008 -0.0344492 -0.545796 1.02094 -0.0344492 0.570032 1.02094 -0.0344309 -0.530474 0.979071 -0.0344309 -0.510474 0.979071 -0.0344255 0.573027 1.0208 -0.0344228 0.582954 1.02038 -0.0344142 0.592802 1.01999 -0.0344061 -0.550795 1.02079 -0.0344015 -0.560853 1.02037 -0.0343867 -0.57099 1.01997 -0.0343847 -0.558737 1.02044 -0.0343837 0.597377 1.01942 -0.0343832 -0.568597 1.02003 -0.0343694 -0.548794 1.02089 -0.0343694 0.57303 1.02089 -0.0343641 0.58507 1.02043 -0.0343606 -0.63535 0.985536 -0.0343571 0.595195 1.02002 -0.0343497 -0.550792 1.02088 -0.0343497 0.575028 1.02088 -0.0343267 0.578023 1.02074 -0.034326 0.58795 1.02032 -0.0343073 -0.555792 1.02073 -0.0343048 -0.565849 1.02031 -0.0342876 -0.563733 1.02038 -0.0342701 -0.55379 1.02082 -0.0342701 0.578026 1.02082 -0.0342671 0.590066 1.02036 -0.0342653 -0.573382 1.0196 -0.0342506 -0.555788 1.02081 -0.0342506 0.580024 1.02081 -0.0342295 0.592946 1.02025 -0.0342282 0.583019 1.02067 -0.0342089 -0.560788 1.02066 -0.0342084 -0.570846 1.02024 -0.0341909 -0.56873 1.02031 -0.0341712 -0.558787 1.02076 -0.0341712 0.583023 1.02076 -0.0341705 0.595062 1.0203 -0.0341628 0.536644 0.973436 -0.0341628 0.556644 0.973436 -0.0341517 -0.560784 1.02074 -0.0341517 0.58502 1.02074 -0.03413 0.588015 1.02061 -0.0341108 -0.565784 1.02059 -0.0340726 -0.563783 1.02069 -0.0340726 0.588019 1.02069 -0.0340581 -0.631776 0.978751 -0.0340532 -0.565781 1.02068 -0.0340532 0.590016 1.02068 -0.0340321 0.593011 1.02054 -0.034013 -0.57078 1.02053 -0.0339744 -0.568779 1.02062 -0.0339744 0.593015 1.02062 -0.033955 -0.570777 1.02061 -0.033955 0.595013 1.02061 -0.0336565 -0.633086 0.981306 -0.0333074 -0.634208 0.983924 -0.0331667 -0.628719 0.97494 -0.0331141 -0.530474 1.02001 -0.0331141 -0.510474 1.02001 -0.0330407 -0.63031 0.977194 -0.0329968 -0.628385 0.97468 -0.0328347 -0.627891 0.974432 -0.0328253 0.595181 0.982138 -0.0328193 -0.570696 0.982143 -0.0328189 -0.571061 0.982125 -0.0328073 0.594817 0.982135 -0.032789 0.595521 0.982079 -0.0327713 -0.571369 0.982054 -0.0327665 -0.570357 0.982098 -0.0327448 0.594508 0.982077 -0.0327411 0.590185 0.982211 -0.0327393 -0.627342 0.974286 -0.0327351 -0.5657 0.982216 -0.0327346 -0.566065 0.982197 -0.0327271 -0.573382 1.01852 -0.0327231 0.589821 0.982207 -0.0327147 -0.626872 0.974248 -0.0327045 0.590525 0.982152 -0.0327024 0.595836 0.981963 -0.0326867 -0.566373 0.982127 -0.0326822 -0.565361 0.982171 -0.0326788 -0.57166 0.981932 -0.0326648 -0.570042 0.981995 -0.0326603 0.589512 0.98215 -0.0326573 0.585189 0.982283 -0.0326514 -0.560704 0.982288 -0.0326508 -0.561068 0.98227 -0.0326393 0.584824 0.98228 -0.0326382 0.594218 0.981967 -0.0326258 -0.631729 0.979728 -0.0326205 0.585528 0.982225 -0.0326175 0.59084 0.982036 -0.0326026 -0.561377 0.9822 -0.0325982 -0.560364 0.982244 -0.0325936 -0.566664 0.982005 -0.0325799 -0.565046 0.982068 -0.0325763 0.584516 0.982223 -0.0325739 0.580193 0.982356 -0.032568 -0.555708 0.982362 -0.0325673 -0.556072 0.982343 -0.0325579 0.596129 0.981779 -0.0325559 0.579828 0.982353 -0.0325532 0.589221 0.98204 -0.0325368 0.580532 0.982298 -0.0325329 0.585844 0.982109 -0.0325292 -0.571936 0.981744 -0.0325188 -0.556381 0.982273 -0.0325146 -0.555368 0.982317 -0.0325089 -0.561668 0.982078 -0.0325061 -0.569749 0.981824 -0.0324955 -0.560049 0.982141 -0.0324926 0.57952 0.982296 -0.0324909 0.575196 0.98243 -0.032485 -0.550711 0.982435 -0.0324843 -0.551076 0.982417 -0.0324753 0.593942 0.98179 -0.0324728 0.574832 0.982427 -0.0324721 0.591133 0.981853 -0.0324686 0.584225 0.982114 -0.0324535 0.575536 0.982371 -0.0324486 0.580847 0.982183 -0.0324432 -0.56694 0.981817 -0.0324354 -0.551384 0.982347 -0.0324314 -0.550372 0.982391 -0.0324245 -0.556672 0.982152 -0.0324204 -0.564752 0.981898 -0.0324114 -0.555053 0.982215 -0.0324093 0.574523 0.98237 -0.0324083 0.5702 0.982504 -0.0324024 -0.545715 0.982509 -0.0324016 -0.54608 0.982491 -0.0323902 0.569836 0.982501 -0.0323895 0.588946 0.981864 -0.0323866 0.586137 0.981927 -0.0323844 0.579229 0.982188 -0.0323824 0.596343 0.981564 -0.0323706 0.57054 0.982445 -0.0323648 0.575851 0.982257 -0.0323576 -0.561944 0.981892 -0.0323524 -0.546388 0.982421 -0.0323486 -0.545376 0.982465 -0.0323484 -0.572138 0.981523 -0.0323406 -0.551675 0.982226 -0.0323352 -0.559756 0.981972 -0.0323277 -0.550057 0.982289 -0.0323264 0.569527 0.982444 -0.0323261 0.565204 0.982578 -0.0323202 -0.569535 0.981617 -0.0323202 -0.540719 0.982583 -0.0323193 -0.541083 0.982565 -0.0323186 0.463873 0.839723 -0.0323186 0.463873 1.16028 -0.0323133 0.597618 1.0182 -0.0323092 -0.643841 0.96925 -0.032308 0.564839 0.982575 -0.0323041 0.583949 0.981938 -0.0323015 0.58114 0.982001 -0.0323006 0.574232 0.982262 -0.0322956 0.591347 0.981638 -0.0322881 0.565543 0.98252 -0.0322847 0.59374 0.981577 -0.0322814 0.570855 0.982331 -0.0322723 -0.556947 0.981966 -0.0322697 -0.541392 0.982495 -0.0322662 -0.540379 0.98254 -0.0322618 -0.632956 0.982324 -0.0322613 -0.567142 0.981597 -0.032257 -0.546679 0.982301 -0.0322503 -0.55476 0.982046 -0.0322444 -0.54506 0.982364 -0.0322442 0.560207 0.982652 -0.0322439 0.564531 0.982519 -0.0322384 -0.535722 0.982657 -0.0322374 -0.536087 0.982639 -0.0322336 -0.564538 0.981692 -0.0322261 0.559843 0.98265 -0.032219 0.578953 0.982013 -0.0322172 0.569236 0.982337 -0.0322168 0.576144 0.982076 -0.0322091 0.586351 0.981713 -0.032206 0.560547 0.982594 -0.0321983 0.565858 0.982406 -0.0321979 0.588744 0.981652 -0.0321875 -0.536395 0.98257 -0.0321875 -0.551951 0.982041 -0.0321842 -0.535383 0.982614 -0.0321773 0.596487 0.981317 -0.0321746 -0.562145 0.981672 -0.0321738 -0.541683 0.982376 -0.0321658 -0.549764 0.982121 -0.0321628 0.555211 0.982727 -0.0321617 0.559534 0.982594 -0.0321615 -0.540064 0.982439 -0.0321569 -0.530726 0.982732 -0.0321559 -0.531091 0.982714 -0.0321474 -0.559542 0.981767 -0.0321446 0.554847 0.982724 -0.0321344 0.573957 0.982088 -0.0321342 0.56424 0.982412 -0.0321338 -0.572271 0.981265 -0.0321326 0.571148 0.982151 -0.0321243 0.555551 0.982669 -0.032123 0.581354 0.981788 -0.0321157 0.560862 0.982481 -0.0321114 0.583748 0.981727 -0.0321081 -0.569391 0.981376 -0.0321057 -0.531399 0.982645 -0.032103 -0.546955 0.982116 -0.0321026 -0.530387 0.982689 -0.032091 -0.536686 0.982451 -0.0320893 0.591491 0.981393 -0.0320884 -0.557149 0.981747 -0.0320817 -0.544767 0.982197 -0.0320817 0.550215 0.982802 -0.03208 0.554538 0.982669 -0.0320791 -0.535068 0.982514 -0.0320759 -0.52573 0.982808 -0.0320747 -0.526094 0.982789 -0.0320705 0.536644 1.02536 -0.0320705 0.556644 1.02536 -0.0320636 0.593607 0.981325 -0.0320636 0.54985 0.9828 -0.0320616 -0.554546 0.981842 -0.0320516 0.559244 0.982487 -0.0320502 0.56896 0.982164 -0.0320487 0.566152 0.982227 -0.0320455 -0.567275 0.981341 -0.0320429 0.550554 0.982745 -0.0320373 0.576358 0.981864 -0.0320348 0.536644 1.01915 -0.0320348 0.556644 1.01915 -0.0320348 0.536644 0.980849 -0.0320348 0.556644 0.980849 -0.0320334 0.555866 0.982556 -0.0320254 0.578751 0.981803 -0.0320242 -0.526403 0.982721 -0.0320213 -0.52539 0.982765 -0.0320204 -0.564394 0.981452 -0.032019 -0.541958 0.982192 -0.0320086 -0.53169 0.982526 -0.0320025 -0.552153 0.981823 -0.0320016 0.586495 0.981468 -0.0320011 0.545219 0.982878 -0.0319987 0.549542 0.982744 -0.0319981 -0.539771 0.982272 -0.031997 -0.530072 0.98259 -0.0319953 -0.520734 0.982883 -0.031994 -0.521098 0.982865 -0.0319829 0.544854 0.982875 -0.0319761 -0.54955 0.981918 -0.0319757 0.588611 0.981401 -0.0319693 0.554247 0.982563 -0.0319663 0.563964 0.982239 -0.0319652 0.561155 0.982302 -0.031962 0.545558 0.98282 -0.0319576 -0.562278 0.981417 -0.0319532 0.596553 0.981052 -0.031952 0.571362 0.98194 -0.0319515 0.55087 0.982632 -0.0319432 -0.521407 0.982796 -0.0319405 -0.520394 0.982841 -0.0319398 0.573755 0.981879 -0.0319353 -0.536962 0.982268 -0.031933 -0.559398 0.981528 -0.0319266 -0.526694 0.982602 -0.0319208 0.540222 0.982953 -0.0319178 0.544546 0.98282 -0.031917 -0.547157 0.981899 -0.0319153 -0.525075 0.982666 -0.031915 -0.515737 0.982959 -0.0319148 -0.534775 0.982348 -0.0319144 0.581498 0.981544 -0.0319137 -0.516102 0.982941 -0.0319026 0.539858 0.982951 -0.0318911 -0.544553 0.981994 -0.0318881 0.583615 0.981478 -0.0318875 0.549251 0.982639 -0.0318867 -0.57232 0.980974 -0.0318867 0.596556 0.980974 -0.0318829 0.558968 0.982316 -0.0318821 0.556159 0.982378 -0.0318815 0.540562 0.982896 -0.0318808 -0.569325 0.981114 -0.0318771 -0.650157 0.981735 -0.0318701 -0.557282 0.981493 -0.0318701 0.545873 0.982708 -0.0318672 0.566366 0.982016 -0.0318639 0.591556 0.981128 -0.0318625 -0.51641 0.982873 -0.0318601 -0.515398 0.982917 -0.0318546 0.568759 0.981955 -0.031852 -0.531966 0.982344 -0.0318461 -0.554402 0.981605 -0.031845 -0.521697 0.982679 -0.0318409 0.535226 0.98303 -0.0318372 0.539549 0.982897 -0.0318352 -0.510741 0.983035 -0.031834 -0.520079 0.982742 -0.0318338 -0.511105 0.983017 -0.0318319 -0.54216 0.981976 -0.0318319 -0.529778 0.982425 -0.0318276 0.576502 0.981621 -0.0318228 0.534861 0.983027 -0.0318142 -0.569322 0.981036 -0.0318142 0.593558 0.981036 -0.0318065 -0.539557 0.982071 -0.0318061 0.544255 0.982715 -0.0318014 0.535565 0.982973 -0.0318009 0.578618 0.981554 -0.0317999 0.553972 0.982392 -0.0317994 0.551163 0.982455 -0.0317971 -0.567324 0.981051 -0.0317971 0.59156 0.981051 -0.0317918 -0.564329 0.981191 -0.031789 0.540877 0.982784 -0.0317831 -0.552286 0.98157 -0.0317827 0.561369 0.982093 -0.0317823 -0.511414 0.982949 -0.03178 -0.510401 0.982993 -0.031775 0.58656 0.981205 -0.0317698 0.563762 0.982032 -0.0317692 -0.52697 0.982421 -0.0317638 -0.516701 0.982755 -0.0317615 0.53023 0.983106 -0.0317608 -0.437756 0.83406 -0.0317608 -0.437756 1.16594 -0.0317595 -0.549406 0.981681 -0.0317571 0.534553 0.982973 -0.0317558 -0.505745 0.983112 -0.0317543 -0.506109 0.983093 -0.0317531 -0.515083 0.982819 -0.0317494 -0.524782 0.982502 -0.0317472 -0.537164 0.982053 -0.0317433 0.529865 0.983104 -0.0317411 0.571506 0.981698 -0.0317251 0.539258 0.982792 -0.0317249 -0.564325 0.981113 -0.0317249 0.588561 0.981113 -0.0317222 -0.534561 0.982148 -0.0317216 0.530569 0.983049 -0.0317172 0.548975 0.982469 -0.0317171 0.546166 0.982532 -0.0317141 0.573622 0.981631 -0.0317084 0.535881 0.982861 -0.0317078 -0.562328 0.981128 -0.0317078 0.586564 0.981128 -0.0317033 -0.559333 0.981268 -0.0317025 -0.506418 0.983026 -0.0317004 -0.505405 0.98307 -0.0316986 0.556373 0.98217 -0.0316964 -0.547289 0.981647 -0.0316962 -0.530474 0.974885 -0.0316962 -0.513997 0.974885 -0.0316962 -0.510474 0.974885 -0.0316867 -0.521973 0.982498 -0.0316865 0.581564 0.981283 -0.0316854 0.558766 0.982109 -0.031683 -0.511705 0.982832 -0.0316824 0.525233 0.983183 -0.0316774 0.529557 0.98305 -0.0316768 -0.500748 0.983189 -0.0316752 -0.501113 0.98317 -0.0316734 -0.544409 0.981759 -0.0316726 -0.510086 0.982896 -0.0316674 -0.519786 0.982579 -0.0316642 0.524869 0.983181 -0.031663 -0.532168 0.98213 -0.0316551 0.56651 0.981775 -0.0316444 0.534262 0.982869 -0.0316423 0.525573 0.983126 -0.0316384 -0.529564 0.982225 -0.0316359 -0.559329 0.981191 -0.0316359 0.583565 0.981191 -0.0316352 0.54117 0.982609 -0.031635 0.543979 0.982546 -0.0316281 0.530884 0.982938 -0.0316277 0.568626 0.981709 -0.031623 -0.501421 0.983103 -0.0316212 -0.500409 0.983147 -0.031619 -0.557331 0.981206 -0.031619 0.581567 0.981206 -0.0316151 -0.554336 0.981345 -0.0316149 0.551377 0.982247 -0.0316101 -0.542293 0.981725 -0.0316095 -0.630265 0.978173 -0.0316047 -0.516977 0.982575 -0.0316038 0.520237 0.98326 -0.0316026 -0.506708 0.982909 -0.0316014 0.55377 0.982187 -0.0315985 0.576568 0.98136 -0.0315981 -0.495752 0.983266 -0.0315981 0.52456 0.983127 -0.0315965 -0.496116 0.983247 -0.0315925 -0.50509 0.982973 -0.0315876 -0.539413 0.981836 -0.0315857 -0.514789 0.982656 -0.0315856 0.519872 0.983258 -0.0315791 -0.527171 0.982207 -0.0315695 0.561513 0.981853 -0.0315642 0.529266 0.982946 -0.0315634 0.520576 0.983204 -0.031555 -0.524568 0.982303 -0.0315537 0.536174 0.982686 -0.0315532 0.538983 0.982624 -0.0315483 0.525888 0.983016 -0.0315474 -0.554333 0.981269 -0.0315474 0.578569 0.981269 -0.031544 -0.496425 0.98318 -0.0315424 -0.495412 0.983225 -0.0315417 0.563629 0.981787 -0.0315317 0.54638 0.982325 -0.0315306 -0.552335 0.981284 -0.0315306 0.576571 0.981284 -0.0315273 -0.54934 0.981423 -0.0315256 0.515241 0.983338 -0.0315243 -0.537297 0.981802 -0.031523 -0.511981 0.982652 -0.0315227 -0.501712 0.982987 -0.0315199 -0.490755 0.983343 -0.0315192 0.519564 0.983205 -0.0315182 -0.49112 0.983325 -0.0315178 0.548773 0.982264 -0.0315128 -0.500094 0.983051 -0.0315108 0.571571 0.981438 -0.0315073 0.514876 0.983336 -0.0315045 -0.509793 0.982734 -0.0315023 -0.534417 0.981914 -0.0314957 -0.522175 0.982285 -0.0314849 0.51558 0.983281 -0.0314844 0.524269 0.983024 -0.0314843 0.556517 0.981931 -0.0314727 0.531177 0.982764 -0.031472 -0.519572 0.982381 -0.0314718 0.533986 0.982702 -0.0314689 0.520892 0.983094 -0.0314654 -0.491429 0.983258 -0.031464 -0.490416 0.983302 -0.0314592 -0.549337 0.981347 -0.0314592 0.573573 0.981347 -0.0314562 0.558633 0.981865 -0.0314488 0.541384 0.982403 -0.0314431 -0.496716 0.983065 -0.0314426 -0.547339 0.981362 -0.0314426 0.571575 0.981362 -0.0314418 -0.506984 0.982731 -0.0314407 0.514568 0.983283 -0.0314399 -0.544344 0.981502 -0.0314388 -0.532301 0.981881 -0.0314346 0.543777 0.982342 -0.0314335 -0.495097 0.983128 -0.0314283 -0.492005 1.01657 -0.0314236 -0.504797 0.982812 -0.0314236 0.566575 0.981516 -0.0314227 0.51649 1.01656 -0.0314209 0.516125 1.01658 -0.0314174 -0.52942 0.981993 -0.0314126 -0.517179 0.982363 -0.0314101 -0.492369 1.01657 -0.031405 0.519273 0.983102 -0.0313995 0.551521 0.982009 -0.031392 0.526181 0.982843 -0.0313908 0.52899 0.98278 -0.0313899 0.515895 0.983172 -0.0313894 -0.514575 0.982459 -0.0313873 -0.491665 1.01662 -0.0313715 -0.54434 0.981426 -0.0313715 0.568576 0.981426 -0.031371 0.553637 0.981943 -0.0313677 0.515817 1.01664 -0.0313665 0.516829 1.0166 -0.0313664 0.536388 0.982481 -0.0313639 -0.491719 0.983143 -0.031361 -0.501988 0.982809 -0.0313549 -0.542343 0.981441 -0.0313549 0.566579 0.981441 -0.0313547 -0.490101 0.983207 -0.0313538 -0.527304 0.981959 -0.031353 -0.539348 0.98158 -0.0313518 0.538781 0.982421 -0.0313509 -0.497001 1.01649 -0.0313453 0.521486 1.01648 -0.0313434 0.521121 1.0165 -0.0313432 -0.4998 0.98289 -0.0313431 -0.492678 1.01662 -0.0313367 0.561579 0.981595 -0.0313329 -0.524424 0.982071 -0.0313327 -0.497366 1.01649 -0.03133 -0.512182 0.982442 -0.0313261 0.514277 0.983181 -0.0313151 0.546524 0.982088 -0.0313118 0.521185 0.982921 -0.0313102 0.523994 0.982858 -0.0313097 -0.496661 1.01654 -0.0313072 -0.509579 0.982538 -0.0312917 -0.49135 1.01673 -0.0312899 0.520813 1.01657 -0.0312889 0.521825 1.01652 -0.0312863 0.548641 0.982022 -0.0312843 0.531391 0.98256 -0.0312842 -0.539344 0.981505 -0.0312842 0.56358 0.981505 -0.0312806 -0.496992 0.982888 -0.0312738 -0.501997 1.01641 -0.0312695 0.533784 0.9825 -0.0312692 -0.522308 0.982038 -0.0312683 0.526482 1.0164 -0.0312678 -0.537346 0.98152 -0.0312678 0.561582 0.98152 -0.0312665 -0.534351 0.981659 -0.0312662 0.526118 1.01642 -0.0312656 0.515526 1.01676 -0.0312654 -0.497674 1.01654 -0.0312632 -0.494804 0.982969 -0.0312567 0.517144 1.01669 -0.0312555 -0.502362 1.01641 -0.0312503 0.556582 0.981674 -0.0312488 -0.519428 0.98215 -0.0312478 -0.507186 0.982521 -0.0312341 -0.631603 0.980751 -0.0312323 -0.501658 1.01646 -0.031232 0.516188 0.983 -0.0312312 0.541528 0.982167 -0.0312301 0.518997 0.982937 -0.0312279 -0.492968 1.01672 -0.0312255 -0.504583 0.982617 -0.0312135 -0.496346 1.01665 -0.0312125 0.525809 1.01649 -0.0312117 0.526822 1.01644 -0.0312027 0.526395 0.982639 -0.031202 0.543644 0.982101 -0.0312006 -0.491995 0.982966 -0.0311973 -0.534348 0.981584 -0.0311973 0.558584 0.981584 -0.031197 -0.506994 1.01633 -0.0311915 0.531479 1.01632 -0.0311894 0.531114 1.01634 -0.0311881 -0.50267 1.01646 -0.0311875 0.528788 0.982579 -0.0311872 0.520522 1.01668 -0.031185 -0.517312 0.982117 -0.0311836 -0.489808 0.983048 -0.031181 -0.53235 0.981599 -0.031181 0.556586 0.981599 -0.0311804 -0.529355 0.981739 -0.0311788 -0.507358 1.01633 -0.0311787 0.522141 1.01662 -0.031166 -0.50219 0.9826 -0.0311651 -0.514431 0.98223 -0.0311643 0.551586 0.981754 -0.0311559 -0.628719 0.976254 -0.0311553 -0.506654 1.01638 -0.0311503 0.514001 0.983017 -0.0311498 -0.497965 1.01664 -0.0311476 0.536532 0.982246 -0.0311441 -0.499586 0.982696 -0.0311356 -0.501343 1.01657 -0.0311353 0.530806 1.01641 -0.0311347 0.531818 1.01636 -0.0311328 -0.491057 1.0169 -0.0311215 0.521399 0.982718 -0.0311206 -0.51199 1.01625 -0.0311181 0.538648 0.982181 -0.0311151 0.536475 1.01624 -0.0311129 0.53611 1.01626 -0.0311111 -0.507667 1.01638 -0.0311109 -0.529351 0.981664 -0.0311109 0.553587 0.981664 -0.0311092 0.525518 1.0166 -0.031106 0.523792 0.982659 -0.0311023 -0.512355 1.01625 -0.0311012 0.51525 1.01693 -0.0311012 -0.512315 0.982197 -0.031101 0.527137 1.01654 -0.0310947 -0.524359 0.981819 -0.0310946 -0.527354 0.981679 -0.0310946 0.55159 0.981679 -0.0310847 0.517437 1.01685 -0.0310846 -0.497193 0.98268 -0.0310819 -0.509435 0.982309 -0.0310787 0.54659 0.981834 -0.0310785 -0.511651 1.0163 -0.0310719 -0.502961 1.01656 -0.0310645 0.531535 0.982326 -0.0310632 -0.49459 0.982776 -0.0310585 0.535802 1.01633 -0.0310581 0.536815 1.01628 -0.031058 -0.506339 1.01649 -0.0310538 -0.496053 1.01682 -0.0310512 -0.493244 1.01688 -0.0310444 -0.516986 1.01617 -0.0310408 0.516402 0.982798 -0.031039 0.541471 1.01616 -0.0310367 0.541107 1.01618 -0.0310346 0.533652 0.982261 -0.0310344 -0.512663 1.0163 -0.0310316 0.530515 1.01652 -0.0310262 -0.517351 1.01617 -0.0310249 0.518795 0.982738 -0.0310248 -0.524355 0.981744 -0.0310248 0.548591 0.981744 -0.0310236 0.532133 1.01646 -0.0310221 0.520246 1.01685 -0.0310179 -0.507319 0.982277 -0.0310094 -0.519362 0.981899 -0.0310087 -0.522357 0.981759 -0.0310087 0.546593 0.981759 -0.0310059 0.522434 1.01677 -0.0310043 -0.530474 0.981763 -0.0310043 -0.510474 0.981763 -0.0310037 -0.492197 0.982759 -0.0310022 -0.516647 1.01622 -0.030999 -0.504439 0.982389 -0.0309945 -0.507958 1.01648 -0.0309936 0.541593 0.981914 -0.030986 -0.628385 0.975994 -0.0309827 -0.489594 0.982856 -0.030982 0.540798 1.01625 -0.0309819 0.541811 1.0162 -0.0309818 0.526539 0.982406 -0.0309808 -0.511335 1.01641 -0.0309751 -0.50105 1.01674 -0.0309723 -0.498241 1.0168 -0.0309687 -0.521983 1.01609 -0.0309632 0.546468 1.01608 -0.0309608 0.546103 1.0161 -0.030958 -0.517659 1.01622 -0.0309542 0.535511 1.01644 -0.0309515 0.528655 0.982341 -0.0309504 -0.522347 1.01609 -0.0309465 0.53713 1.01638 -0.0309443 0.513799 0.982819 -0.0309433 0.525243 1.01677 -0.0309404 -0.490843 1.0171 -0.0309392 -0.519359 0.981824 -0.0309392 0.543595 0.981824 -0.0309349 -0.502323 0.982357 -0.0309274 0.52743 1.01669 -0.0309261 -0.521643 1.01614 -0.0309245 -0.514366 0.981979 -0.0309232 -0.517361 0.98184 -0.0309232 0.541597 0.98184 -0.0309173 -0.512954 1.0164 -0.0309166 -0.499442 0.98247 -0.0309089 0.536597 0.981994 -0.0309059 0.546807 1.01612 -0.0309059 0.545795 1.01617 -0.0309039 -0.516332 1.01633 -0.0309031 0.515048 1.01714 -0.0308995 0.521543 0.982487 -0.0308968 -0.506046 1.01666 -0.0308937 -0.503237 1.01672 -0.0308932 -0.526979 1.01601 -0.0308878 0.551464 1.016 -0.0308853 0.551099 1.01602 -0.0308827 0.517651 1.01704 -0.030882 -0.522656 1.01614 -0.0308772 0.540507 1.01636 -0.0308749 -0.527344 1.01601 -0.0308698 0.542126 1.0163 -0.0308689 0.523659 0.982422 -0.0308648 0.530239 1.01669 -0.0308605 -0.495839 1.01702 -0.030854 -0.514363 0.981905 -0.030854 0.538598 0.981905 -0.0308524 -0.497326 0.982438 -0.0308504 -0.526639 1.01606 -0.0308493 0.532426 1.01661 -0.030844 -0.493446 1.01708 -0.0308405 -0.51795 1.01632 -0.0308401 -0.50937 0.98206 -0.0308381 -0.512365 0.98192 -0.0308381 0.536601 0.98192 -0.0308347 -0.494446 0.982551 -0.0308303 0.551803 1.01604 -0.03083 0.550791 1.01609 -0.0308274 -0.521328 1.01625 -0.0308246 0.531601 0.982075 -0.0308238 -0.627891 0.975745 -0.030823 0.520045 1.01706 -0.0308188 -0.511042 1.01658 -0.0308181 -0.531975 1.01593 -0.0308177 0.516546 0.982567 -0.0308155 -0.508233 1.01664 -0.0308127 0.55646 1.01592 -0.0308102 0.556096 1.01594 -0.0308063 -0.527652 1.01606 -0.030803 0.522648 1.01696 -0.0308005 0.545504 1.01628 -0.0307998 -0.53234 1.01593 -0.0307935 0.547122 1.01621 -0.0307867 0.518663 0.982503 -0.0307866 0.535235 1.01661 -0.0307809 -0.500835 1.01694 -0.0307751 -0.531636 1.01598 -0.0307716 0.537423 1.01653 -0.0307704 -0.49233 0.982519 -0.0307692 -0.509366 0.981986 -0.0307692 0.533602 0.981986 -0.0307642 -0.498442 1.017 -0.030764 -0.522947 1.01624 -0.0307561 -0.504373 0.982141 -0.0307551 0.5568 1.01596 -0.0307546 0.555787 1.016 -0.0307535 -0.507368 0.982002 -0.0307535 0.531604 0.982002 -0.0307531 -0.48945 0.982632 -0.0307512 -0.526324 1.01617 -0.0307433 -0.536972 1.01585 -0.0307432 0.525041 1.01698 -0.0307411 -0.516039 1.0165 -0.0307407 0.526604 0.982156 -0.030738 0.561457 1.01584 -0.0307376 -0.51323 1.01656 -0.0307354 0.561092 1.01586 -0.0307309 -0.532648 1.01598 -0.0307285 -0.627342 0.9756 -0.0307251 -0.537336 1.01585 -0.0307242 0.5505 1.0162 -0.0307237 0.527644 1.01688 -0.0307174 0.552119 1.01613 -0.0307159 -0.490699 1.01733 -0.0307088 0.540232 1.01653 -0.0307049 0.513666 0.982584 -0.0307039 -0.626872 0.975562 -0.0307016 -0.505832 1.01686 -0.0307 -0.536632 1.0159 -0.0306941 0.542419 1.01645 -0.0306878 -0.527943 1.01616 -0.0306849 -0.50437 0.982068 -0.0306849 0.528606 0.982068 -0.0306847 -0.503439 1.01692 -0.0306801 0.561796 1.01588 -0.0306795 0.560784 1.01592 -0.0306753 -0.531321 1.01609 -0.0306726 -0.499377 0.982223 -0.0306693 -0.502372 0.982083 -0.0306693 0.526608 0.982083 -0.0306689 -0.541968 1.01576 -0.0306683 0.514915 1.01738 -0.0306638 -0.521035 1.01642 -0.0306637 0.530037 1.0169 -0.0306636 0.566453 1.01576 -0.0306609 0.566088 1.01578 -0.03066 -0.518226 1.01648 -0.0306572 0.521608 0.982238 -0.0306559 -0.537645 1.0159 -0.0306518 0.517795 1.01727 -0.0306506 -0.542332 1.01576 -0.0306482 0.555496 1.01611 -0.0306447 0.532641 1.0168 -0.0306417 0.557115 1.01605 -0.0306349 -0.495695 1.01725 -0.0306313 0.545228 1.01645 -0.0306254 -0.541628 1.01582 -0.0306227 -0.510828 1.01678 -0.030617 0.547415 1.01637 -0.030612 -0.532939 1.01608 -0.0306056 0.566792 1.0158 -0.0306055 -0.508435 1.01684 -0.0306047 0.56578 1.01584 -0.0306033 -0.493579 1.01731 -0.030601 -0.499373 0.98215 -0.030601 0.523609 0.98215 -0.0305998 -0.536317 1.016 -0.0305949 -0.546964 1.01568 -0.0305896 0.571449 1.01568 -0.0305894 -0.494381 0.982305 -0.0305871 0.519912 1.0173 -0.0305868 -0.526031 1.01633 -0.0305868 0.571085 1.01569 -0.0305855 -0.497376 0.982165 -0.0305855 0.521612 0.982165 -0.0305846 0.535034 1.01681 -0.0305827 -0.523222 1.0164 -0.0305813 -0.542641 1.01581 -0.0305766 -0.547329 1.01568 -0.0305742 0.516612 0.98232 -0.0305726 0.560493 1.01603 -0.0305711 0.522792 1.01718 -0.0305664 0.562111 1.01597 -0.0305661 0.537637 1.01672 -0.0305543 -0.500692 1.01717 -0.0305542 0.550224 1.01637 -0.0305511 -0.546625 1.01574 -0.0305441 -0.515824 1.01669 -0.0305403 0.552412 1.01628 -0.0305366 -0.537935 1.01599 -0.0305314 0.571789 1.01571 -0.0305303 0.570776 1.01576 -0.0305267 -0.513431 1.01675 -0.0305247 -0.541313 1.01592 -0.0305224 -0.498575 1.01723 -0.0305211 -0.55196 1.0156 -0.0305175 -0.494377 0.982232 -0.0305175 0.518613 0.982232 -0.0305159 0.576445 1.01559 -0.030513 0.576081 1.01561 -0.0305101 -0.531027 1.01625 -0.030507 -0.547637 1.01573 -0.0305067 -0.489384 0.982387 -0.0305062 0.524908 1.01722 -0.0305059 0.54003 1.01673 -0.0305059 -0.528219 1.01631 -0.0305029 -0.552325 1.0156 -0.0305021 -0.492379 0.982247 -0.0305021 0.516615 0.982247 -0.0304973 0.565489 1.01595 -0.0304914 0.567107 1.01589 -0.0304907 0.527788 1.0171 -0.0304877 0.542633 1.01664 -0.0304774 0.555221 1.01628 -0.0304771 -0.551621 1.01565 -0.0304739 -0.505688 1.01708 -0.0304711 -0.490633 1.01758 -0.0304658 -0.520821 1.01661 -0.0304639 0.557408 1.0162 -0.0304614 -0.542932 1.01591 -0.0304575 0.576785 1.01563 -0.0304562 0.575772 1.01567 -0.0304499 -0.54631 1.01584 -0.0304482 -0.518428 1.01667 -0.0304478 -0.556957 1.01552 -0.0304426 0.581442 1.01551 -0.0304418 -0.503572 1.01715 -0.03044 -0.530474 1.02425 -0.03044 -0.510474 1.02425 -0.0304396 0.581077 1.01553 -0.0304345 -0.489381 0.982315 -0.0304345 0.513617 0.982315 -0.0304339 -0.536024 1.01617 -0.030433 -0.552633 1.01565 -0.0304295 -0.557321 1.01552 -0.0304293 -0.533215 1.01623 -0.0304274 0.545026 1.01665 -0.0304268 -0.568633 1.01768 -0.0304268 -0.563633 1.01768 -0.0304268 -0.558633 1.01768 -0.0304268 -0.555631 1.01768 -0.0304268 -0.553633 1.01768 -0.0304268 -0.550631 1.01768 -0.0304268 -0.548633 1.01768 -0.0304268 -0.545631 1.01768 -0.0304268 -0.543633 1.01768 -0.0304268 -0.540631 1.01768 -0.0304268 -0.538633 1.01768 -0.0304268 -0.535631 1.01768 -0.0304268 -0.533633 1.01768 -0.0304268 -0.528633 1.01768 -0.0304268 0.552869 1.01768 -0.0304268 0.557869 1.01768 -0.0304268 0.559867 1.01768 -0.0304268 0.562869 1.01768 -0.0304268 0.564867 1.01768 -0.0304268 0.567869 1.01768 -0.0304268 0.569867 1.01768 -0.0304268 0.572869 1.01768 -0.0304268 0.574867 1.01768 -0.0304268 0.577869 1.01768 -0.0304268 0.579867 1.01768 -0.0304268 0.582869 1.01768 -0.0304268 0.587869 1.01768 -0.0304268 0.592869 1.01768 -0.0304268 -0.570631 1.01768 -0.0304268 -0.565631 1.01768 -0.0304268 -0.560631 1.01768 -0.0304268 -0.530631 1.01768 -0.0304268 -0.525631 1.01768 -0.0304268 -0.523633 1.01768 -0.0304268 -0.520631 1.01768 -0.0304268 -0.518633 1.01768 -0.0304268 -0.513633 1.01768 -0.0304268 0.537869 1.01768 -0.0304268 0.542869 1.01768 -0.0304268 0.544867 1.01768 -0.0304268 0.547869 1.01768 -0.0304268 0.549867 1.01768 -0.0304268 0.554867 1.01768 -0.0304268 0.584867 1.01768 -0.0304268 0.589867 1.01768 -0.0304268 0.594867 1.01768 -0.0304268 -0.515631 1.01768 -0.0304268 -0.510631 1.01768 -0.0304268 -0.508633 1.01768 -0.0304268 0.532869 1.01768 -0.0304268 0.534867 1.01768 -0.0304268 0.539867 1.01768 -0.0304268 -0.505631 1.01768 -0.0304268 -0.503633 1.01768 -0.0304268 -0.500631 1.01768 -0.0304268 0.524867 1.01768 -0.0304268 0.527869 1.01768 -0.0304268 0.529867 1.01768 -0.0304268 -0.498633 1.01768 -0.0304268 -0.495631 1.01768 -0.0304268 -0.493633 1.01768 -0.0304268 0.517869 1.01768 -0.0304268 0.519867 1.01768 -0.0304268 0.522869 1.01768 -0.0304268 -0.573382 0.982322 -0.0304268 -0.492383 0.982322 -0.0304268 -0.473382 0.982322 -0.0304268 -0.473382 1.01768 -0.0304268 0.497618 0.982322 -0.0304268 0.497618 1.01768 -0.0304268 0.516619 0.982322 -0.0304268 0.597618 0.982322 -0.0304268 -0.499381 0.982322 -0.0304268 -0.497383 0.982322 -0.0304268 -0.494381 0.982322 -0.0304268 0.518617 0.982322 -0.0304268 0.521619 0.982322 -0.0304268 0.523617 0.982322 -0.0304268 -0.504381 0.982322 -0.0304268 -0.502383 0.982322 -0.0304268 0.526619 0.982322 -0.0304268 0.528617 0.982322 -0.0304268 -0.514381 0.982322 -0.0304268 -0.509381 0.982322 -0.0304268 -0.507383 0.982322 -0.0304268 0.531619 0.982322 -0.0304268 0.533617 0.982322 -0.0304268 0.538617 0.982322 -0.0304268 -0.569381 0.982322 -0.0304268 -0.564381 0.982322 -0.0304268 -0.529381 0.982322 -0.0304268 -0.524381 0.982322 -0.0304268 -0.522383 0.982322 -0.0304268 -0.519381 0.982322 -0.0304268 -0.517383 0.982322 -0.0304268 -0.512383 0.982322 -0.0304268 0.536619 0.982322 -0.0304268 0.541619 0.982322 -0.0304268 0.543617 0.982322 -0.0304268 0.546619 0.982322 -0.0304268 0.548617 0.982322 -0.0304268 0.553617 0.982322 -0.0304268 0.588617 0.982322 -0.0304268 0.593617 0.982322 -0.0304268 -0.572383 0.982322 -0.0304268 -0.567383 0.982322 -0.0304268 -0.562383 0.982322 -0.0304268 -0.559381 0.982322 -0.0304268 -0.557383 0.982322 -0.0304268 -0.554381 0.982322 -0.0304268 -0.552383 0.982322 -0.0304268 -0.549381 0.982322 -0.0304268 -0.547383 0.982322 -0.0304268 -0.544381 0.982322 -0.0304268 -0.542383 0.982322 -0.0304268 -0.539381 0.982322 -0.0304268 -0.537383 0.982322 -0.0304268 -0.534381 0.982322 -0.0304268 -0.532383 0.982322 -0.0304268 -0.527383 0.982322 -0.0304268 0.551619 0.982322 -0.0304268 0.556619 0.982322 -0.0304268 0.558617 0.982322 -0.0304268 0.561619 0.982322 -0.0304268 0.563617 0.982322 -0.0304268 0.566619 0.982322 -0.0304268 0.568617 0.982322 -0.0304268 0.571619 0.982322 -0.0304268 0.573617 0.982322 -0.0304268 0.576619 0.982322 -0.0304268 0.578617 0.982322 -0.0304268 0.581619 0.982322 -0.0304268 0.583617 0.982322 -0.0304268 0.586619 0.982322 -0.0304268 0.591619 0.982322 -0.0304268 0.596619 0.982322 -0.0304257 0.529904 1.01713 -0.0304223 0.570485 1.01587 -0.0304168 0.572104 1.0158 -0.0304107 0.532784 1.01702 -0.0304098 0.547629 1.01655 -0.030404 0.517861 1.01751 -0.0304035 -0.556617 1.01557 -0.030401 0.560217 1.0162 -0.0303985 -0.49063 1.01765 -0.0303985 0.514866 1.01765 -0.0303939 -0.510684 1.017 -0.0303889 -0.49563 1.01749 -0.0303879 -0.525817 1.01653 -0.0303878 0.562404 1.01612 -0.0303867 -0.547928 1.01583 -0.030384 0.581781 1.01555 -0.0303825 0.580769 1.01559 -0.0303756 0.597618 1.01649 -0.0303754 -0.551306 1.01576 -0.0303748 -0.561953 1.01543 -0.0303701 -0.523424 1.01659 -0.0303696 0.586438 1.01543 -0.0303665 0.586073 1.01544 -0.0303616 -0.508568 1.01707 -0.0303594 -0.55763 1.01556 -0.0303579 -0.54102 1.01609 -0.0303565 -0.562318 1.01543 -0.0303531 -0.538211 1.01615 -0.0303494 0.550022 1.01657 -0.0303478 0.575482 1.01578 -0.0303455 0.534901 1.01705 -0.0303425 0.5771 1.01572 -0.0303322 0.552626 1.01647 -0.0303313 -0.493628 1.01758 -0.0303313 0.517864 1.01758 -0.030331 0.537781 1.01694 -0.0303302 -0.561613 1.01549 -0.0303249 0.565213 1.01612 -0.0303221 0.522857 1.01743 -0.030316 -0.495626 1.01757 -0.030316 0.519862 1.01757 -0.0303143 -0.515681 1.01692 -0.0303123 -0.552924 1.01574 -0.0303121 0.567401 1.01603 -0.0303108 0.586778 1.01546 -0.0303104 -0.530813 1.01645 -0.0303091 0.585765 1.01551 -0.0303071 -0.500626 1.01741 -0.0303022 -0.566949 1.01535 -0.0303013 -0.556302 1.01567 -0.030297 0.591434 1.01534 -0.0302938 0.59107 1.01536 -0.0302923 -0.52842 1.0165 -0.0302862 -0.562626 1.01548 -0.0302838 -0.567314 1.01535 -0.0302823 -0.546016 1.016 -0.0302817 -0.513564 1.01698 -0.0302773 -0.543208 1.01606 -0.0302735 0.580478 1.0157 -0.0302716 0.555019 1.01648 -0.0302686 0.582096 1.01563 -0.0302656 0.539897 1.01697 -0.0302573 -0.56661 1.0154 -0.0302549 0.557622 1.01638 -0.0302517 0.542777 1.01685 -0.0302492 0.570209 1.01603 -0.0302491 -0.498625 1.0175 -0.0302491 0.522861 1.0175 -0.0302406 0.527854 1.01734 -0.0302383 -0.557921 1.01566 -0.0302381 0.591774 1.01538 -0.0302368 0.572397 1.01595 -0.0302361 0.590761 1.01542 -0.030235 -0.520677 1.01683 -0.0302339 -0.500623 1.01748 -0.0302339 0.524859 1.01748 -0.0302332 -0.53581 1.01636 -0.0302299 -0.571945 1.01526 -0.0302276 -0.561298 1.01559 -0.0302256 -0.505622 1.01733 -0.0302247 0.596431 1.01526 -0.0302215 0.596066 1.01528 -0.0302207 -0.630144 0.9792 -0.0302148 -0.533417 1.01642 -0.0302133 -0.567622 1.0154 -0.0302116 -0.57231 1.01526 -0.0302071 -0.551013 1.01592 -0.0302021 -0.518561 1.0169 -0.0302018 -0.548204 1.01598 -0.0301997 0.585474 1.01561 -0.030195 0.587093 1.01555 -0.0301943 0.560015 1.0164 -0.0301861 0.544893 1.01688 -0.0301848 -0.571606 1.01532 -0.030178 0.562618 1.0163 -0.0301738 0.575206 1.01595 -0.0301727 0.547773 1.01677 -0.0301673 -0.503621 1.01741 -0.0301673 0.527857 1.01741 -0.0301656 0.59677 1.01529 -0.0301646 -0.562917 1.01557 -0.0301635 0.595758 1.01534 -0.0301618 0.577393 1.01587 -0.0301595 0.53285 1.01726 -0.0301563 -0.540806 1.01628 -0.030156 -0.525673 1.01675 -0.0301542 -0.566295 1.0155 -0.0301521 -0.505619 1.0174 -0.0301521 0.529855 1.0174 -0.0301445 -0.510619 1.01724 -0.0301408 -0.572619 1.01531 -0.0301378 -0.538413 1.01634 -0.0301323 -0.556009 1.01583 -0.0301267 -0.5532 1.0159 -0.0301262 0.59047 1.01553 -0.0301229 -0.523557 1.01681 -0.0301218 0.592089 1.01547 -0.0301173 0.565011 1.01631 -0.0301069 0.54989 1.0168 -0.0301014 0.567615 1.01622 -0.0300988 0.580202 1.01586 -0.030094 0.55277 1.01668 -0.0300913 -0.567913 1.01549 -0.0300872 0.582389 1.01578 -0.0300858 -0.508617 1.01733 -0.0300858 0.532853 1.01733 -0.0300822 0.536644 0.976017 -0.0300822 0.556644 0.976017 -0.0300812 -0.571291 1.01542 -0.0300799 -0.545802 1.01619 -0.0300787 0.537846 1.01717 -0.0300775 -0.530669 1.01667 -0.0300706 -0.510615 1.01731 -0.0300706 0.534851 1.01731 -0.0300637 -0.515615 1.01716 -0.030061 -0.543409 1.01625 -0.0300578 -0.561005 1.01575 -0.030053 0.595467 1.01544 -0.0300519 -0.558196 1.01581 -0.030049 0.597085 1.01538 -0.0300441 -0.528553 1.01673 -0.0300406 0.570008 1.01623 -0.0300281 0.554886 1.01671 -0.0300252 0.572611 1.01613 -0.0300241 0.585198 1.01578 -0.0300183 -0.572909 1.0154 -0.0300158 0.557766 1.0166 -0.030013 0.587386 1.0157 -0.0300046 -0.513614 1.01725 -0.0300046 0.53785 1.01725 -0.0300038 -0.550799 1.01611 -0.0299992 -0.535666 1.01658 -0.0299982 0.542843 1.01709 -0.0299895 -0.515612 1.01723 -0.0299895 0.539848 1.01723 -0.0299847 -0.548406 1.01617 -0.0299836 -0.566001 1.01566 -0.0299833 -0.520611 1.01707 -0.0299775 -0.563193 1.01573 -0.0299656 -0.53355 1.01664 -0.0299643 0.575004 1.01614 -0.0299499 0.590195 1.01569 -0.0299497 0.559882 1.01663 -0.0299494 0.577607 1.01605 -0.0299391 0.592382 1.01561 -0.0299379 0.562762 1.01651 -0.029928 -0.555795 1.01602 -0.0299239 -0.51861 1.01716 -0.0299239 0.542846 1.01716 -0.0299214 -0.540662 1.0165 -0.0299181 0.547839 1.017 -0.0299099 -0.570998 1.01558 -0.0299088 -0.520608 1.01714 -0.0299088 0.544844 1.01714 -0.0299087 -0.553402 1.01608 -0.0299035 -0.568189 1.01564 -0.0299032 -0.525608 1.01699 -0.0298884 0.58 1.01606 -0.0298875 -0.538546 1.01656 -0.029876 0.595191 1.01561 -0.029874 0.582604 1.01596 -0.0298716 0.564879 1.01654 -0.0298676 -0.530474 1.0171 -0.0298676 -0.510474 1.0171 -0.0298656 0.597378 1.01553 -0.0298603 0.567759 1.01643 -0.0298526 -0.560791 1.01594 -0.0298439 -0.545658 1.01641 -0.0298434 -0.523606 1.01707 -0.0298434 0.547842 1.01707 -0.0298384 0.552835 1.01692 -0.0298331 -0.558398 1.01599 -0.0298299 -0.573185 1.01555 -0.0298284 -0.525604 1.01706 -0.0298284 0.54984 1.01706 -0.0298235 -0.530604 1.0169 -0.0298129 0.584997 1.01597 -0.0298097 -0.543542 1.01647 -0.0297989 0.5876 1.01587 -0.0297939 0.569875 1.01646 -0.0297831 0.572755 1.01634 -0.0297776 -0.565787 1.01585 -0.0297667 -0.550655 1.01632 -0.0297634 -0.528603 1.01699 -0.0297634 0.552839 1.01699 -0.029759 0.557831 1.01683 -0.0297578 -0.563394 1.01591 -0.0297483 -0.530601 1.01697 -0.0297483 0.554837 1.01697 -0.0297442 -0.5356 1.01682 -0.0297377 0.589993 1.01588 -0.0297323 -0.548539 1.01639 -0.0297242 0.592596 1.01579 -0.0297165 0.574871 1.01637 -0.0297063 0.577751 1.01626 -0.029703 -0.570784 1.01576 -0.0296956 -0.639921 0.96525 -0.02969 -0.555651 1.01624 -0.0296837 -0.533599 1.0169 -0.0296837 0.557835 1.0169 -0.0296829 -0.568391 1.01582 -0.02968 0.562828 1.01675 -0.0296687 -0.535597 1.01689 -0.0296687 0.559833 1.01689 -0.0296652 -0.540597 1.01673 -0.0296629 0.594989 1.0158 -0.0296553 -0.553535 1.0163 -0.0296395 0.579867 1.01628 -0.0296299 0.582748 1.01617 -0.0296147 -0.573382 1.01573 -0.0296142 0.597618 1.01573 -0.0296136 -0.560647 1.01615 -0.0296043 -0.538595 1.01681 -0.0296043 0.562831 1.01681 -0.0296014 0.567824 1.01666 -0.0296009 -0.573382 1.01571 -0.0295894 -0.540593 1.0168 -0.0295894 0.564829 1.0168 -0.0295866 -0.545593 1.01664 -0.0295786 -0.558531 1.01621 -0.0295629 0.584864 1.01619 -0.0295538 0.587744 1.01608 -0.0295375 -0.565643 1.01606 -0.0295254 -0.543592 1.01673 -0.0295254 0.567828 1.01673 -0.0295231 0.57282 1.01657 -0.0295149 0.45351 0.811256 -0.0295149 0.45351 1.18874 -0.0295104 -0.545589 1.01671 -0.0295104 0.569825 1.01671 -0.0295084 -0.550589 1.01656 -0.0295023 -0.563527 1.01612 -0.0294867 0.58986 1.01611 -0.0294781 0.59274 1.01599 -0.0294619 -0.57064 1.01597 -0.0294468 -0.548588 1.01664 -0.0294468 0.572824 1.01664 -0.0294452 0.577817 1.01648 -0.0294319 -0.550586 1.01662 -0.0294319 0.574822 1.01662 -0.0294305 -0.555586 1.01647 -0.0294264 -0.568524 1.01604 -0.0294108 0.594856 1.01602 -0.0293685 -0.553584 1.01655 -0.0293685 0.57782 1.01655 -0.0293677 0.582813 1.0164 -0.0293537 -0.555582 1.01654 -0.0293537 0.579818 1.01654 -0.029353 -0.560582 1.01638 -0.0292907 -0.55858 1.01646 -0.0292907 0.582816 1.01646 -0.0292905 0.587809 1.01631 -0.0292759 -0.565578 1.01629 -0.0292759 -0.560578 1.01645 -0.0292759 0.584814 1.01645 -0.0292228 -0.628577 0.977672 -0.0292138 0.592806 1.01622 -0.0292132 -0.563577 1.01637 -0.0292132 0.587813 1.01637 -0.0291992 -0.570574 1.0162 -0.0291985 -0.565575 1.01636 -0.0291985 0.58981 1.01636 -0.0291362 -0.568573 1.01629 -0.0291362 0.592809 1.01629 -0.0291215 -0.570571 1.01627 -0.0291215 0.594807 1.01627 -0.0290649 -0.628267 0.977431 -0.0290351 -0.647265 0.977385 -0.0290104 -0.427161 0.806135 -0.0290104 -0.427161 1.19387 -0.0289534 0.536644 0.98393 -0.0289534 0.536644 1.01607 -0.0289534 0.556644 0.98393 -0.0289534 0.556644 1.01607 -0.0289153 -0.627812 0.977202 -0.0289035 -0.573382 1.01496 -0.0288273 -0.627305 0.977067 -0.0288047 -0.626872 0.977032 -0.0288047 -0.530474 0.977032 -0.0288047 -0.513997 0.977032 -0.0287439 -0.638127 0.963793 -0.0287381 0.595387 0.986679 -0.0287336 -0.570902 0.986686 -0.0287285 -0.571267 0.986668 -0.0287199 0.595023 0.986681 -0.0286878 0.595727 0.986632 -0.028675 0.590391 0.986772 -0.0286711 -0.570563 0.986656 -0.0286705 -0.565906 0.986778 -0.0286654 -0.566271 0.986761 -0.0286644 -0.571575 0.986612 -0.0286568 0.590027 0.986773 -0.0286446 0.594714 0.986641 -0.0286245 0.590731 0.986724 -0.0286123 0.585395 0.986864 -0.0286079 -0.56091 0.986871 -0.0286079 -0.565567 0.986749 -0.0286026 -0.561275 0.986853 -0.0286009 -0.566579 0.986705 -0.0285955 -0.454766 0.901921 -0.0285955 -0.454766 1.09808 -0.0285955 0.479002 0.901921 -0.0285955 0.479002 1.09808 -0.0285941 0.58503 0.986866 -0.0285813 0.589718 0.986734 -0.0285742 0.596042 0.986541 -0.0285616 0.585735 0.986817 -0.02855 0.580399 0.986957 -0.0285461 -0.570248 0.986582 -0.0285456 -0.555914 0.986964 -0.028545 -0.56057 0.986841 -0.0285434 -0.571866 0.986518 -0.0285403 -0.556278 0.986946 -0.0285379 -0.561583 0.986798 -0.0285318 0.580034 0.986959 -0.0285184 0.584722 0.986827 -0.0285132 0.594423 0.986562 -0.0285104 0.591046 0.986634 -0.0284991 0.580738 0.98691 -0.0284882 0.575403 0.98705 -0.0284838 -0.550918 0.987057 -0.0284827 -0.555574 0.986935 -0.0284825 -0.565252 0.986675 -0.0284795 -0.56687 0.986611 -0.0284784 -0.551282 0.987039 -0.0284753 -0.556587 0.986891 -0.02847 0.575038 0.987052 -0.028456 0.579726 0.98692 -0.0284495 0.589427 0.986655 -0.0284471 0.58605 0.986728 -0.028437 0.575742 0.987004 -0.0284268 0.570406 0.987144 -0.0284225 -0.545921 0.98715 -0.0284207 -0.550578 0.987028 -0.0284193 -0.560255 0.986769 -0.0284169 -0.546286 0.987133 -0.0284161 -0.561874 0.986705 -0.0284132 -0.551591 0.986985 -0.0284086 0.570042 0.987146 -0.0283939 0.57473 0.987014 -0.0283873 0.596335 0.986401 -0.0283862 0.584431 0.986749 -0.0283841 0.581053 0.986821 -0.0283754 0.570746 0.987097 -0.0283658 0.56541 0.987238 -0.0283615 -0.540925 0.987244 -0.0283592 -0.545582 0.987122 -0.0283566 -0.555259 0.986863 -0.0283559 -0.54129 0.987227 -0.028353 -0.556878 0.986798 -0.0283515 -0.546595 0.987078 -0.0283504 -0.572142 0.986374 -0.0283486 -0.569955 0.986458 -0.0283476 0.565046 0.98724 -0.0283324 0.569734 0.987108 -0.0283234 0.579435 0.986843 -0.0283229 0.591339 0.986495 -0.0283217 0.576057 0.986915 -0.0283142 0.56575 0.987191 -0.0283102 0.594148 0.986433 -0.0283053 0.560414 0.987332 -0.028301 -0.535929 0.987338 -0.0282982 -0.540586 0.987216 -0.0282954 -0.536294 0.987321 -0.0282943 -0.550263 0.986957 -0.0282905 -0.551882 0.986892 -0.0282902 -0.541598 0.987173 -0.0282871 0.56005 0.987334 -0.0282858 -0.567146 0.986469 -0.0282845 -0.564958 0.986552 -0.0282712 0.564737 0.987202 -0.028261 0.574439 0.986937 -0.0282596 0.571061 0.98701 -0.0282589 0.586343 0.98659 -0.0282534 0.560754 0.987286 -0.0282459 0.589152 0.986527 -0.0282452 0.555418 0.987426 -0.028241 -0.530933 0.987433 -0.0282375 -0.53559 0.98731 -0.0282352 -0.531298 0.987415 -0.0282325 -0.545267 0.987051 -0.0282294 -0.536602 0.987267 -0.0282283 -0.546885 0.986987 -0.0282271 0.555053 0.987428 -0.0282217 -0.56215 0.986563 -0.0282207 -0.559962 0.986646 -0.0282108 0.536644 1.02246 -0.0282108 0.556644 1.02246 -0.0282105 0.559741 0.987296 -0.0282037 0.597618 1.01415 -0.0281991 0.569443 0.987032 -0.028198 0.566065 0.987104 -0.0281953 0.581347 0.986684 -0.0281931 0.555757 0.98738 -0.0281856 0.550422 0.987521 -0.028182 0.584155 0.986622 -0.0281814 -0.525937 0.987527 -0.0281774 -0.530593 0.987405 -0.0281755 -0.526301 0.98751 -0.0281711 -0.540271 0.987146 -0.028169 -0.531606 0.987362 -0.0281674 0.550057 0.987523 -0.0281666 -0.541889 0.987082 -0.0281622 0.596549 0.986238 -0.028158 -0.557154 0.986658 -0.0281574 -0.554966 0.986741 -0.0281503 0.554745 0.987391 -0.0281376 0.564446 0.987127 -0.0281369 0.561069 0.987199 -0.0281333 0.550761 0.987475 -0.0281322 0.57635 0.986779 -0.0281264 0.545426 0.987616 -0.0281222 -0.520941 0.987622 -0.0281186 -0.572344 0.986207 -0.0281186 0.579159 0.986717 -0.0281176 -0.525597 0.9875 -0.0281163 -0.521305 0.987605 -0.0281158 -0.569741 0.986306 -0.0281101 -0.535275 0.987241 -0.028109 -0.52661 0.987457 -0.0281082 0.545061 0.987618 -0.0281053 -0.536893 0.987177 -0.0280973 -0.530474 0.98501 -0.0280973 -0.510474 0.98501 -0.028097 0.591553 0.986333 -0.0280947 -0.552157 0.986753 -0.0280946 -0.54997 0.986836 -0.0280905 0.549749 0.987486 -0.0280765 0.55945 0.987222 -0.0280761 0.556073 0.987294 -0.0280739 0.545765 0.98757 -0.0280711 0.593946 0.986276 -0.0280695 0.571354 0.986874 -0.0280677 0.540429 0.987711 -0.0280635 -0.515944 0.987718 -0.0280583 -0.520601 0.987596 -0.0280575 -0.516309 0.9877 -0.0280556 0.574163 0.986812 -0.0280533 -0.567348 0.986302 -0.0280509 -0.564744 0.986401 -0.0280496 -0.530278 0.987336 -0.0280495 -0.521614 0.987552 -0.0280495 0.540065 0.987713 -0.0280445 -0.531897 0.987272 -0.0280322 0.586557 0.986429 -0.0280321 -0.544974 0.986931 -0.0280319 -0.547161 0.986848 -0.0280311 0.544753 0.987582 -0.0280159 0.554454 0.987317 -0.0280159 0.551076 0.98739 -0.0280149 0.540769 0.987666 -0.0280094 0.535433 0.987806 -0.0280072 0.566358 0.98697 -0.0280061 0.58895 0.986372 -0.0280053 -0.510948 0.987813 -0.0279995 -0.515605 0.987691 -0.0279992 -0.511313 0.987796 -0.0279931 0.569167 0.986908 -0.0279912 0.535069 0.987809 -0.0279905 -0.516617 0.987648 -0.0279896 -0.525282 0.987432 -0.0279883 -0.562351 0.986398 -0.0279865 -0.559748 0.986497 -0.0279841 -0.526901 0.987368 -0.0279722 0.539756 0.987678 -0.0279702 -0.539977 0.987027 -0.0279695 -0.542165 0.986944 -0.0279679 0.581561 0.986524 -0.0279564 0.535773 0.987762 -0.0279561 0.54608 0.987486 -0.0279558 0.549458 0.987413 -0.0279515 0.530437 0.987902 -0.0279474 -0.505952 0.987909 -0.0279454 0.561362 0.987066 -0.0279415 0.583954 0.986468 -0.0279413 -0.506317 0.987892 -0.0279411 -0.510609 0.987787 -0.0279334 0.530073 0.987905 -0.0279319 -0.511621 0.987744 -0.027931 0.564171 0.987003 -0.0279299 -0.520286 0.987528 -0.0279242 -0.521905 0.987464 -0.0279239 -0.557355 0.986494 -0.0279225 -0.554752 0.986593 -0.0279138 0.53476 0.987774 -0.0279087 -0.534981 0.987123 -0.0279076 -0.537169 0.98704 -0.027904 0.576564 0.98662 -0.0279004 0.596693 0.986053 -0.0278984 0.530777 0.987858 -0.0278967 0.541084 0.987582 -0.0278961 0.544462 0.987509 -0.0278941 0.525441 0.987998 -0.0278901 -0.500956 0.988005 -0.0278841 0.556366 0.987162 -0.0278838 -0.50132 0.987988 -0.0278832 -0.505613 0.987883 -0.0278799 -0.530474 0.977842 -0.0278799 -0.510474 0.977842 -0.0278774 0.578957 0.986564 -0.027876 0.525076 0.988001 -0.0278738 -0.506625 0.98784 -0.0278708 -0.51529 0.987624 -0.0278694 0.559174 0.9871 -0.0278648 -0.516908 0.98756 -0.0278598 -0.552359 0.98659 -0.0278589 -0.549756 0.986689 -0.0278558 0.529764 0.98787 -0.0278488 -0.569597 0.986128 -0.0278476 -0.529985 0.987219 -0.0278462 -0.532173 0.987136 -0.027845 -0.572477 0.986014 -0.0278408 0.52578 0.987954 -0.0278406 0.571568 0.986717 -0.0278378 0.536088 0.987678 -0.0278372 0.520445 0.988095 -0.0278368 0.539466 0.987605 -0.0278343 0.591697 0.986149 -0.0278332 -0.49596 0.988102 -0.0278269 -0.496324 0.988084 -0.0278257 -0.500616 0.98798 -0.0278232 0.55137 0.987258 -0.0278191 0.52008 0.988098 -0.0278161 -0.501629 0.987936 -0.0278137 0.573961 0.98666 -0.0278121 -0.510294 0.98772 -0.0278082 0.554178 0.987196 -0.0278058 -0.511912 0.987656 -0.0277982 0.524768 0.987966 -0.0277962 -0.547363 0.986687 -0.0277958 -0.54476 0.986785 -0.0277927 0.593813 0.98609 -0.027787 -0.524989 0.987316 -0.0277851 -0.527176 0.987233 -0.0277836 0.520784 0.988051 -0.0277831 -0.5646 0.986224 -0.0277807 0.515449 0.988191 -0.0277794 0.531092 0.987775 -0.0277787 -0.567481 0.986111 -0.027778 0.534469 0.987702 -0.0277776 0.566572 0.986813 -0.0277768 -0.490964 0.988198 -0.0277703 -0.491328 0.988181 -0.0277687 -0.49562 0.988076 -0.0277687 0.586701 0.986246 -0.0277628 0.546373 0.987355 -0.0277627 0.515084 0.988194 -0.0277588 -0.496633 0.988033 -0.0277538 -0.505297 0.987817 -0.0277504 0.568965 0.986757 -0.0277475 0.549182 0.987293 -0.0277472 -0.506916 0.987753 -0.0277412 0.519772 0.988063 -0.0277358 -0.635467 0.96225 -0.0277331 -0.539763 0.986882 -0.0277331 -0.542367 0.986783 -0.027727 0.515788 0.988148 -0.0277268 -0.519993 0.987413 -0.0277268 0.588817 0.986187 -0.0277246 -0.52218 0.98733 -0.0277214 0.526096 0.987872 -0.0277197 0.529473 0.987799 -0.0277178 -0.559604 0.986321 -0.027715 0.561576 0.98691 -0.0277129 -0.562484 0.986207 -0.0277121 -0.490624 0.988173 -0.0277108 -0.491796 1.01169 -0.0277069 0.516281 1.01168 -0.0277035 0.581705 0.986343 -0.0277028 0.541377 0.987452 -0.0277021 -0.491637 0.98813 -0.0277003 0.515917 1.0117 -0.027696 -0.500301 0.987914 -0.0276953 -0.573382 1.01352 -0.0276928 -0.492161 1.01168 -0.0276891 -0.50192 0.98785 -0.0276876 0.563969 0.986854 -0.0276872 0.544186 0.98739 -0.0276846 0.514776 0.98816 -0.0276709 -0.534767 0.986979 -0.0276704 -0.537371 0.98688 -0.0276671 -0.514997 0.98751 -0.0276645 -0.517184 0.987427 -0.0276638 0.521099 0.987969 -0.0276618 0.524477 0.987896 -0.0276613 0.583821 0.986284 -0.0276568 -0.491457 1.01173 -0.0276554 -0.496792 1.01159 -0.027653 0.55658 0.987007 -0.0276529 -0.554608 0.986418 -0.0276515 0.521277 1.01158 -0.0276475 -0.557488 0.986305 -0.0276449 0.520913 1.0116 -0.0276433 0.536381 0.987549 -0.0276421 0.516621 1.01171 -0.0276387 -0.495305 0.988012 -0.0276387 0.576708 0.98644 -0.0276373 -0.497157 1.01159 -0.0276318 0.515608 1.01175 -0.0276315 -0.496924 0.987948 -0.0276274 0.53919 0.987487 -0.0276253 0.558973 0.986951 -0.0276155 0.596759 0.985855 -0.0276144 -0.492469 1.01172 -0.0276092 -0.529771 0.987077 -0.0276082 -0.532374 0.986978 -0.0276079 -0.51 0.987608 -0.0276068 0.516103 0.988066 -0.0276048 -0.512188 0.987524 -0.0276044 0.519481 0.987994 -0.0276011 -0.496453 1.01163 -0.0276004 -0.501789 1.01149 -0.0275965 0.526274 1.01149 -0.0275963 0.578824 0.986381 -0.0275913 0.551584 0.987105 -0.0275899 0.525909 1.0115 -0.0275886 -0.549612 0.986516 -0.0275866 0.521617 1.01161 -0.0275842 0.531385 0.987647 -0.0275826 -0.552492 0.986402 -0.0275824 -0.502153 1.01149 -0.0275819 -0.490309 0.988109 -0.0275761 0.520604 1.01165 -0.0275744 0.571712 0.986537 -0.0275743 -0.491928 0.988045 -0.027568 0.534194 0.987585 -0.0275634 0.553977 0.987049 -0.0275616 -0.569531 0.985933 -0.0275589 -0.497465 1.01162 -0.0275491 -0.505004 0.987705 -0.0275485 0.591762 0.985952 -0.0275479 -0.524775 0.987174 -0.0275475 0.514485 0.988091 -0.0275464 -0.527378 0.987076 -0.027546 -0.501449 1.01154 -0.0275459 -0.506785 1.01139 -0.0275457 -0.507192 0.987622 -0.0275421 0.53127 1.01139 -0.0275361 -0.491142 1.01181 -0.0275353 0.530905 1.0114 -0.0275317 0.573828 0.986479 -0.0275315 0.526613 1.01151 -0.0275313 -0.572526 0.985796 -0.0275313 0.596762 0.985796 -0.0275302 0.546587 0.987203 -0.0275279 -0.507149 1.01139 -0.0275256 0.526389 0.987745 -0.0275246 -0.544616 0.986614 -0.0275208 0.525601 1.01155 -0.0275181 -0.547496 0.9865 -0.0275114 0.516936 1.01177 -0.0275106 0.566716 0.986635 -0.0275091 0.529197 0.987683 -0.0275038 -0.502462 1.01152 -0.0275035 0.515317 1.01183 -0.0275019 0.54898 0.987147 -0.0274949 -0.564535 0.986031 -0.0274919 -0.511781 1.0113 -0.0274913 -0.506445 1.01144 -0.0274908 -0.500008 0.987803 -0.0274881 0.536266 1.01129 -0.027487 -0.519779 0.987272 -0.027487 -0.502196 0.98772 -0.0274851 -0.522382 0.987174 -0.0274819 0.586766 0.98605 -0.0274812 0.535901 1.01131 -0.0274801 -0.496138 1.01171 -0.0274772 -0.569528 0.985875 -0.0274772 0.593764 0.985875 -0.027477 -0.49276 1.01179 -0.0274769 0.531609 1.01141 -0.0274739 -0.512146 1.01129 -0.0274695 0.541591 0.987301 -0.0274676 0.568832 0.986577 -0.0274675 0.521393 0.987843 -0.027466 0.530597 1.01145 -0.0274639 -0.56753 0.985894 -0.0274639 0.591766 0.985894 -0.0274611 -0.53962 0.986712 -0.0274556 0.521932 1.01167 -0.0274541 -0.5425 0.986598 -0.0274507 0.524201 0.987781 -0.0274491 -0.507458 1.01142 -0.0274474 0.520314 1.01173 -0.0274472 0.56172 0.986733 -0.027441 0.543984 0.987245 -0.0274383 -0.516777 1.0112 -0.027437 -0.511441 1.01134 -0.0274346 0.541262 1.01119 -0.0274329 -0.495012 0.987902 -0.0274287 -0.497199 0.987818 -0.0274287 -0.559539 0.986129 -0.0274276 0.540898 1.01121 -0.0274267 -0.514783 0.987371 -0.0274245 -0.501134 1.01161 -0.0274243 -0.517386 0.987272 -0.0274228 0.536605 1.01131 -0.0274211 -0.497756 1.01169 -0.0274203 -0.517142 1.01119 -0.0274158 0.58177 0.986148 -0.0274117 0.535593 1.01136 -0.0274102 -0.564531 0.985973 -0.0274102 0.588767 0.985973 -0.0274098 0.516396 0.987941 -0.0274092 0.536595 0.987399 -0.027404 0.563836 0.986676 -0.0274003 0.526928 1.01157 -0.0273981 -0.534623 0.98681 -0.0273971 -0.562534 0.985993 -0.0273971 0.58677 0.985993 -0.0273954 0.597618 1.01314 -0.0273949 -0.512454 1.01133 -0.0273928 0.519205 0.98788 -0.0273917 0.52531 1.01164 -0.0273905 -0.537503 0.986696 -0.0273852 -0.521773 1.0111 -0.0273843 0.556724 0.986832 -0.0273833 -0.516438 1.01124 -0.0273815 0.546258 1.01109 -0.0273805 0.538988 0.987343 -0.0273755 -0.490016 0.988 -0.0273745 0.545894 1.01111 -0.0273709 -0.492203 0.987917 -0.0273694 -0.50613 1.01152 -0.0273692 0.541602 1.01121 -0.0273673 -0.522138 1.0111 -0.0273668 -0.509786 0.987469 -0.0273656 -0.502753 1.01159 -0.0273639 -0.51239 0.987371 -0.0273629 -0.554543 0.986228 -0.0273579 0.540589 1.01126 -0.0273501 0.576774 0.986247 -0.0273495 0.531599 0.987498 -0.0273454 0.531924 1.01147 -0.0273438 -0.559535 0.986072 -0.0273438 0.583771 0.986072 -0.0273413 -0.51745 1.01123 -0.0273408 0.55884 0.986774 -0.0273384 -0.490849 1.01194 -0.0273366 0.530306 1.01154 -0.0273356 -0.529627 0.986909 -0.0273353 0.514209 0.987978 -0.0273326 -0.526769 1.011 -0.0273307 -0.557538 0.986091 -0.0273307 0.581774 0.986091 -0.02733 -0.521434 1.01114 -0.0273289 0.551255 1.01099 -0.0273274 -0.532507 0.986795 -0.0273218 0.55089 1.01101 -0.0273218 0.551728 0.986931 -0.0273205 0.533992 0.987442 -0.027316 0.546598 1.01112 -0.0273148 -0.511126 1.01142 -0.0273147 -0.527134 1.011 -0.0273107 -0.507749 1.01149 -0.0273073 -0.50479 0.987568 -0.0273045 0.545585 1.01116 -0.0273045 0.517229 1.01188 -0.027304 -0.507394 0.987469 -0.0272994 0.515042 1.01196 -0.0272976 -0.549546 0.986326 -0.027291 0.536921 1.01137 -0.0272901 0.526603 0.987597 -0.027288 -0.522446 1.01113 -0.0272849 0.571778 0.986346 -0.0272819 0.535302 1.01144 -0.0272818 -0.495845 1.01184 -0.0272805 -0.531766 1.0109 -0.0272781 0.553844 0.986873 -0.0272777 -0.554539 0.986171 -0.0272777 0.578775 0.986171 -0.0272772 -0.52643 1.01104 -0.0272768 0.556251 1.0109 -0.0272735 -0.524631 0.987008 -0.0272696 0.555886 1.01091 -0.0272648 -0.527511 0.986894 -0.0272647 -0.552541 0.98619 -0.0272647 0.576777 0.98619 -0.0272641 -0.493036 1.0119 -0.0272633 0.551594 1.01102 -0.0272626 -0.53213 1.0109 -0.0272609 0.528996 0.987541 -0.0272607 -0.516123 1.01132 -0.0272598 0.546731 0.98703 -0.0272562 -0.512745 1.01139 -0.0272516 0.550581 1.01106 -0.0272483 -0.499794 0.987667 -0.0272481 0.522225 1.01178 -0.0272446 -0.502397 0.987569 -0.0272426 0.520038 1.01186 -0.0272371 0.541917 1.01127 -0.0272353 -0.527442 1.01103 -0.0272328 -0.54455 0.986426 -0.0272313 0.521607 0.987696 -0.0272288 -0.536762 1.0108 -0.0272276 0.540298 1.01134 -0.0272256 -0.500841 1.01174 -0.0272252 0.561247 1.0108 -0.0272248 -0.531426 1.01094 -0.0272201 0.566782 0.986445 -0.0272179 0.560882 1.01081 -0.0272158 0.548847 0.986972 -0.0272122 -0.549543 0.98627 -0.0272122 0.573779 0.98627 -0.0272119 -0.519635 0.987107 -0.0272111 0.55659 1.01092 -0.0272109 -0.537126 1.0108 -0.0272076 -0.498032 1.0118 -0.027207 -0.521119 1.01122 -0.0272026 -0.522515 0.986994 -0.0272022 -0.517741 1.01129 -0.0272018 0.524 0.987641 -0.0271993 -0.547545 0.98629 -0.0271993 0.571781 0.98629 -0.0271992 0.555578 1.01096 -0.0271983 0.541735 0.987129 -0.0271923 0.527221 1.01168 -0.0271899 -0.494798 0.987767 -0.0271864 0.525034 1.01176 -0.0271856 -0.497401 0.987668 -0.0271836 0.546913 1.01118 -0.027183 -0.532439 1.01093 -0.0271776 -0.541758 1.0107 -0.0271753 -0.530474 1.01367 -0.0271753 -0.510474 1.01367 -0.027174 0.566243 1.0107 -0.0271739 0.545294 1.01124 -0.027173 -0.536422 1.01084 -0.027173 0.51661 0.987796 -0.02717 -0.505837 1.01164 -0.0271684 -0.539554 0.986525 -0.0271667 0.565878 1.01071 -0.0271597 -0.542123 1.0107 -0.0271594 0.561586 1.01082 -0.0271558 0.561785 0.986545 -0.027154 0.543851 0.987072 -0.0271539 -0.526115 1.01112 -0.0271517 -0.503028 1.0117 -0.0271507 -0.514639 0.987207 -0.0271487 -0.522737 1.01119 -0.0271473 0.560574 1.01086 -0.0271471 -0.544547 0.98637 -0.0271471 0.568783 0.98637 -0.0271432 0.519003 0.987741 -0.0271409 -0.517519 0.987093 -0.0271372 0.536739 0.987229 -0.0271369 0.532218 1.01158 -0.0271342 -0.542549 0.986389 -0.0271342 0.566785 0.986389 -0.0271318 -0.489802 0.987867 -0.0271312 -0.537435 1.01083 -0.0271307 0.551909 1.01108 -0.0271306 0.53003 1.01166 -0.0271271 -0.492405 0.987768 -0.0271269 -0.546754 1.0106 -0.0271234 0.571239 1.0106 -0.0271216 -0.541418 1.01074 -0.0271206 0.550291 1.01114 -0.027116 0.570875 1.01061 -0.0271148 -0.510833 1.01154 -0.0271091 -0.547119 1.0106 -0.0271081 0.566583 1.01072 -0.0271045 -0.534558 0.986625 -0.0271012 -0.531111 1.01102 -0.0271007 -0.490635 1.01208 -0.0270962 -0.508025 1.0116 -0.0270958 0.56557 1.01076 -0.0270956 -0.527733 1.01109 -0.0270927 0.538855 0.987172 -0.027092 0.556789 0.986644 -0.02709 -0.509642 0.987307 -0.027085 0.514007 0.98784 -0.0270824 -0.539551 0.98647 -0.0270824 0.563787 0.98647 -0.027082 0.537214 1.01148 -0.0270799 -0.542431 1.01073 -0.0270797 -0.512523 0.987193 -0.0270782 0.556905 1.01098 -0.0270767 -0.55175 1.0105 -0.0270767 0.531743 0.987329 -0.0270753 0.535026 1.01156 -0.0270732 0.576235 1.0105 -0.0270707 -0.546415 1.01064 -0.0270697 -0.537553 0.986489 -0.0270697 0.561789 0.986489 -0.0270678 0.555287 1.01104 -0.0270657 0.575871 1.01051 -0.0270601 -0.515829 1.01144 -0.02706 0.517443 1.01201 -0.0270589 -0.552115 1.0105 -0.0270574 0.571579 1.01062 -0.0270547 0.51484 1.01211 -0.027049 -0.536107 1.01092 -0.0270448 0.570566 1.01066 -0.0270434 -0.495631 1.01198 -0.027043 -0.53273 1.01099 -0.0270412 -0.513021 1.0115 -0.0270411 -0.529562 0.986725 -0.0270368 -0.573382 1.01268 -0.0270318 0.533859 0.987272 -0.0270298 -0.504646 0.987407 -0.0270291 -0.547427 1.01063 -0.0270287 0.551793 0.986745 -0.0270276 0.54221 1.01138 -0.027027 -0.556746 1.0104 -0.0270262 0.561901 1.01088 -0.0270235 0.581232 1.0104 -0.0270205 0.540022 1.01146 -0.0270203 -0.551411 1.01054 -0.027019 -0.507526 0.987294 -0.0270183 -0.534554 0.98657 -0.0270183 0.55879 0.98657 -0.0270166 0.526747 0.987429 -0.0270159 0.580867 1.01041 -0.0270155 0.560283 1.01094 -0.027013 -0.493238 1.01203 -0.0270128 -0.632514 0.961143 -0.0270091 -0.557111 1.0104 -0.0270071 0.576575 1.01052 -0.0270059 -0.520826 1.01134 -0.0270056 -0.532557 0.98659 -0.0270056 0.556793 0.98659 -0.027003 0.522439 1.01191 -0.0269973 0.519836 1.01201 -0.0269972 -0.541103 1.01082 -0.0269944 0.575562 1.01056 -0.026991 -0.537726 1.01089 -0.0269867 -0.518017 1.0114 -0.0269866 -0.500627 1.01188 -0.0269788 -0.552423 1.01053 -0.0269781 -0.524566 0.986825 -0.0269777 -0.561743 1.0103 -0.0269746 0.566898 1.01077 -0.0269743 0.586228 1.0103 -0.0269737 0.547206 1.01128 -0.0269715 0.528863 0.987373 -0.0269704 -0.556407 1.01044 -0.0269701 -0.49965 0.987507 -0.0269666 0.585863 1.01031 -0.0269662 0.545019 1.01136 -0.0269658 0.546797 0.986845 -0.0269637 0.565279 1.01084 -0.0269599 -0.562107 1.0103 -0.0269587 -0.50253 0.987394 -0.0269573 0.581571 1.01042 -0.0269571 -0.453197 0.893685 -0.0269571 -0.453197 1.10632 -0.0269569 0.521751 0.98753 -0.0269559 -0.498234 1.01193 -0.0269546 -0.529558 0.98667 -0.0269546 0.553794 0.98667 -0.0269521 -0.525822 1.01124 -0.0269465 0.527435 1.01181 -0.026946 -0.5461 1.01072 -0.0269444 0.580559 1.01046 -0.026942 -0.527561 0.98669 -0.026942 0.551796 0.98669 -0.0269403 0.524832 1.01191 -0.0269394 -0.542722 1.01079 -0.0269327 -0.523013 1.0113 -0.0269302 -0.505623 1.01178 -0.026929 -0.566739 1.0102 -0.0269289 -0.55742 1.01043 -0.0269255 0.591224 1.0102 -0.0269236 0.571894 1.01067 -0.0269209 -0.561403 1.01034 -0.0269202 0.552202 1.01118 -0.0269178 0.590859 1.01021 -0.0269157 -0.519569 0.986926 -0.0269123 0.550015 1.01126 -0.0269123 0.570275 1.01074 -0.0269116 0.523867 0.987473 -0.0269112 -0.567103 1.0102 -0.0269108 -0.494654 0.987608 -0.026908 0.586567 1.01032 -0.0269034 0.541801 0.986946 -0.0268993 -0.50323 1.01183 -0.0268989 -0.497534 0.987495 -0.0268989 -0.530818 1.01114 -0.0268978 0.516754 0.987631 -0.0268952 -0.551096 1.01062 -0.0268948 0.585555 1.01036 -0.0268914 -0.524562 0.986771 -0.0268914 0.548798 0.986771 -0.0268906 0.532432 1.01171 -0.0268882 -0.547718 1.01069 -0.0268839 0.529828 1.0118 -0.0268807 -0.571735 1.0101 -0.0268795 -0.562416 1.01033 -0.0268791 -0.528009 1.0112 -0.0268789 -0.522564 0.986791 -0.0268789 0.5468 0.986791 -0.0268773 0.59622 1.01009 -0.0268744 -0.510619 1.01168 -0.026873 0.57689 1.01057 -0.026872 -0.566399 1.01024 -0.0268695 0.595856 1.01011 -0.0268672 0.557198 1.01108 -0.0268629 -0.5721 1.0101 -0.0268615 0.575271 1.01064 -0.0268591 0.591563 1.01022 -0.026859 0.555011 1.01116 -0.0268536 -0.514573 0.987027 -0.0268522 0.51887 0.987575 -0.026852 -0.489658 0.987709 -0.0268461 -0.535814 1.01103 -0.0268458 0.590551 1.01026 -0.0268449 -0.556092 1.01052 -0.0268432 -0.508226 1.01173 -0.0268415 0.536804 0.987047 -0.0268396 -0.492538 0.987596 -0.0268376 -0.552714 1.01059 -0.026835 0.537428 1.01161 -0.026834 0.441337 0.784037 -0.026834 0.441337 1.21596 -0.0268307 -0.567412 1.01023 -0.0268286 -0.519566 0.986872 -0.0268286 0.543802 0.986872 -0.0268279 0.534825 1.0117 -0.0268261 -0.533005 1.0111 -0.0268245 -0.49049 1.01224 -0.0268235 -0.571396 1.01014 -0.026823 0.581886 1.01047 -0.026819 -0.515615 1.01158 -0.0268162 -0.517568 0.986892 -0.0268162 0.541804 0.986892 -0.0268148 0.562195 1.01097 -0.0268111 0.580268 1.01054 -0.0268108 0.59656 1.01011 -0.0268061 0.560007 1.01106 -0.0267973 0.595547 1.01016 -0.0267951 -0.561088 1.01042 -0.0267938 -0.54081 1.01093 -0.0267932 0.513874 0.987676 -0.0267921 -0.509577 0.987128 -0.0267876 -0.513222 1.01163 -0.0267875 -0.55771 1.01049 -0.0267823 -0.572408 1.01012 -0.0267801 0.531808 0.987148 -0.02678 0.542424 1.0115 -0.0267793 0.517587 1.01216 -0.0267791 -0.530474 1.0211 -0.0267791 -0.510474 1.0211 -0.0267735 -0.538001 1.01099 -0.0267734 0.586882 1.01037 -0.0267724 0.539821 1.0116 -0.0267665 -0.495487 1.01214 -0.0267663 -0.51457 0.986974 -0.0267663 0.538806 0.986974 -0.0267661 0.514707 1.01228 -0.0267642 -0.520611 1.01147 -0.0267628 0.567191 1.01087 -0.0267612 0.585264 1.01043 -0.0267541 -0.512572 0.986994 -0.0267541 0.536808 0.986994 -0.0267537 0.565003 1.01096 -0.0267458 -0.566084 1.01031 -0.026742 -0.545806 1.01083 -0.0267378 -0.562707 1.01039 -0.0267325 -0.518219 1.01153 -0.0267311 -0.504581 0.98723 -0.0267255 0.54742 1.0114 -0.0267243 0.591879 1.01027 -0.0267216 0.522583 1.01206 -0.0267214 -0.542998 1.01089 -0.0267202 -0.493371 1.0122 -0.0267191 0.526812 0.98725 -0.0267174 0.544817 1.0115 -0.0267119 0.59026 1.01033 -0.0267113 0.572187 1.01077 -0.0267098 -0.525608 1.01137 -0.0267089 -0.500483 1.01204 -0.0267079 0.519703 1.01218 -0.0267046 -0.509574 0.987076 -0.0267046 0.53381 0.987076 -0.0267018 0.57 1.01085 -0.026697 -0.57108 1.01021 -0.0266924 -0.507576 0.987096 -0.0266924 0.531812 0.987096 -0.0266907 -0.550803 1.01073 -0.0266887 -0.567703 1.01028 -0.0266778 -0.523215 1.01143 -0.0266757 0.596875 1.01017 -0.0266714 0.552416 1.0113 -0.0266705 -0.499585 0.987332 -0.0266698 -0.547994 1.01079 -0.0266644 0.527579 1.01196 -0.026663 0.595256 1.01023 -0.0266629 0.549813 1.0114 -0.0266624 -0.498367 1.0121 -0.0266602 0.577183 1.01067 -0.0266586 0.521816 0.987352 -0.0266559 -0.530604 1.01127 -0.0266518 -0.505479 1.01194 -0.0266504 0.574996 1.01075 -0.0266501 0.524699 1.01207 -0.0266433 -0.504577 0.987178 -0.0266433 0.528813 0.987178 -0.02664 -0.572699 1.01018 -0.0266399 -0.555799 1.01063 -0.0266312 -0.50258 0.987198 -0.0266312 0.526816 0.987198 -0.0266236 -0.528211 1.01132 -0.0266187 -0.55299 1.01069 -0.0266179 0.557413 1.0112 -0.0266104 -0.494589 0.987434 -0.0266097 0.582179 1.01057 -0.0266089 0.554809 1.0113 -0.0266077 0.532576 1.01186 -0.026605 -0.503363 1.01199 -0.0266025 -0.5356 1.01117 -0.0265996 -0.629368 0.960511 -0.0265995 0.579992 1.01065 -0.0265986 0.51682 0.987454 -0.0265952 -0.510475 1.01184 -0.0265929 0.529695 1.01197 -0.0265896 -0.560795 1.01053 -0.0265824 -0.499581 0.98728 -0.0265824 0.523817 0.98728 -0.0265704 -0.497584 0.9873 -0.0265704 0.52182 0.9873 -0.02657 -0.533207 1.01122 -0.0265681 -0.557986 1.01059 -0.0265648 0.562409 1.0111 -0.0265597 0.587175 1.01046 -0.0265553 0.559805 1.01119 -0.0265514 0.537572 1.01176 -0.0265508 -0.489592 0.987537 -0.0265495 -0.540596 1.01107 -0.0265491 0.584988 1.01055 -0.0265482 -0.508359 1.01189 -0.0265398 -0.565791 1.01042 -0.0265391 -0.515471 1.01173 -0.0265361 0.534692 1.01187 -0.0265243 -0.490425 1.01242 -0.0265221 -0.494585 0.987383 -0.0265221 0.518821 0.987383 -0.026518 -0.562982 1.01048 -0.0265168 -0.538203 1.01112 -0.0265123 0.567405 1.01099 -0.0265102 -0.492587 0.987403 -0.0265102 0.516823 0.987403 -0.0265102 0.592172 1.01036 -0.0265023 0.564802 1.01109 -0.0265018 -0.626872 0.960361 -0.0265018 -0.513997 0.960361 -0.0264992 0.589984 1.01044 -0.0264971 -0.545592 1.01096 -0.0264964 0.597618 1.01198 -0.0264957 0.542568 1.01165 -0.0264918 -0.513355 1.01179 -0.0264905 -0.570787 1.01032 -0.0264834 -0.520468 1.01163 -0.0264799 0.539688 1.01177 -0.026477 0.517653 1.01233 -0.0264684 0.536644 0.979218 -0.0264684 0.556644 0.979218 -0.0264684 -0.567979 1.01038 -0.0264654 -0.495421 1.01231 -0.0264641 -0.543199 1.01102 -0.0264623 -0.489589 0.987485 -0.0264623 0.513825 0.987485 -0.0264611 0.597168 1.01026 -0.0264602 0.572401 1.01089 -0.0264539 -0.572591 0.9875 -0.0264539 -0.567591 0.9875 -0.0264539 -0.564589 0.9875 -0.0264539 -0.562591 0.9875 -0.0264539 -0.559589 0.9875 -0.0264539 -0.557591 0.9875 -0.0264539 -0.554589 0.9875 -0.0264539 -0.552591 0.9875 -0.0264539 -0.549589 0.9875 -0.0264539 -0.547591 0.9875 -0.0264539 -0.544589 0.9875 -0.0264539 -0.542591 0.9875 -0.0264539 -0.539589 0.9875 -0.0264539 -0.537591 0.9875 -0.0264539 -0.534589 0.9875 -0.0264539 -0.532591 0.9875 -0.0264539 -0.529589 0.9875 -0.0264539 -0.527591 0.9875 -0.0264539 -0.522591 0.9875 -0.0264539 0.546827 0.9875 -0.0264539 0.551827 0.9875 -0.0264539 0.553825 0.9875 -0.0264539 0.556827 0.9875 -0.0264539 0.558825 0.9875 -0.0264539 0.561827 0.9875 -0.0264539 0.563825 0.9875 -0.0264539 0.566827 0.9875 -0.0264539 0.568825 0.9875 -0.0264539 0.571827 0.9875 -0.0264539 0.573825 0.9875 -0.0264539 0.576827 0.9875 -0.0264539 0.578825 0.9875 -0.0264539 0.581827 0.9875 -0.0264539 0.583825 0.9875 -0.0264539 0.586827 0.9875 -0.0264539 0.588825 0.9875 -0.0264539 0.591827 0.9875 -0.0264539 0.596827 0.9875 -0.0264539 -0.569589 0.9875 -0.0264539 -0.524589 0.9875 -0.0264539 -0.519589 0.9875 -0.0264539 -0.517591 0.9875 -0.0264539 -0.514589 0.9875 -0.0264539 -0.512591 0.9875 -0.0264539 -0.509589 0.9875 -0.0264539 -0.507591 0.9875 -0.0264539 -0.504589 0.9875 -0.0264539 -0.502591 0.9875 -0.0264539 0.526827 0.9875 -0.0264539 0.528825 0.9875 -0.0264539 0.531827 0.9875 -0.0264539 0.533825 0.9875 -0.0264539 0.536827 0.9875 -0.0264539 0.538825 0.9875 -0.0264539 0.541827 0.9875 -0.0264539 0.543825 0.9875 -0.0264539 0.548825 0.9875 -0.0264539 0.593825 0.9875 -0.0264539 -0.573382 0.9875 -0.0264539 -0.499589 0.9875 -0.0264539 -0.497591 0.9875 -0.0264539 -0.494589 0.9875 -0.0264539 -0.492591 0.9875 -0.0264539 -0.473382 0.9875 -0.0264539 -0.473382 1.0125 -0.0264539 0.497618 0.9875 -0.0264539 0.497618 1.0125 -0.0264539 0.516827 0.9875 -0.0264539 0.518825 0.9875 -0.0264539 0.521827 0.9875 -0.0264539 0.523825 0.9875 -0.0264539 0.536644 0.9875 -0.0264539 0.536644 1.0125 -0.0264539 0.556644 0.9875 -0.0264539 0.556644 1.0125 -0.0264539 0.597618 0.9875 -0.0264539 -0.510423 1.0125 -0.0264539 -0.508424 1.0125 -0.0264539 -0.505423 1.0125 -0.0264539 -0.503424 1.0125 -0.0264539 -0.500423 1.0125 -0.0264539 -0.498424 1.0125 -0.0264539 -0.495423 1.0125 -0.0264539 -0.493424 1.0125 -0.0264539 0.51766 1.0125 -0.0264539 0.519659 1.0125 -0.0264539 0.52266 1.0125 -0.0264539 0.524659 1.0125 -0.0264539 0.52766 1.0125 -0.0264539 0.529659 1.0125 -0.0264539 0.53266 1.0125 -0.0264539 0.534659 1.0125 -0.0264539 -0.570423 1.0125 -0.0264539 -0.568424 1.0125 -0.0264539 -0.565423 1.0125 -0.0264539 -0.563424 1.0125 -0.0264539 -0.560423 1.0125 -0.0264539 -0.558424 1.0125 -0.0264539 -0.555423 1.0125 -0.0264539 -0.553424 1.0125 -0.0264539 -0.550423 1.0125 -0.0264539 -0.548424 1.0125 -0.0264539 -0.545423 1.0125 -0.0264539 -0.543424 1.0125 -0.0264539 -0.540423 1.0125 -0.0264539 -0.538424 1.0125 -0.0264539 -0.535423 1.0125 -0.0264539 -0.533424 1.0125 -0.0264539 -0.530423 1.0125 -0.0264539 -0.528424 1.0125 -0.0264539 -0.525423 1.0125 -0.0264539 -0.523424 1.0125 -0.0264539 -0.520423 1.0125 -0.0264539 -0.518424 1.0125 -0.0264539 -0.515423 1.0125 -0.0264539 -0.513424 1.0125 -0.0264539 0.53766 1.0125 -0.0264539 0.539659 1.0125 -0.0264539 0.54266 1.0125 -0.0264539 0.544659 1.0125 -0.0264539 0.54766 1.0125 -0.0264539 0.549659 1.0125 -0.0264539 0.55266 1.0125 -0.0264539 0.554659 1.0125 -0.0264539 0.55766 1.0125 -0.0264539 0.559659 1.0125 -0.0264539 0.56266 1.0125 -0.0264539 0.564659 1.0125 -0.0264539 0.56766 1.0125 -0.0264539 0.569659 1.0125 -0.0264539 0.57266 1.0125 -0.0264539 0.574659 1.0125 -0.0264539 0.57766 1.0125 -0.0264539 0.579659 1.0125 -0.0264539 0.58266 1.0125 -0.0264539 0.584659 1.0125 -0.0264539 0.58766 1.0125 -0.0264539 0.589659 1.0125 -0.0264539 0.59266 1.0125 -0.0264539 0.594659 1.0125 -0.0264497 0.569798 1.01099 -0.0264497 0.59498 1.01034 -0.0264452 -0.550589 1.01086 -0.0264405 0.547564 1.01155 -0.0264359 -0.518351 1.01168 -0.0264356 -0.490422 1.01247 -0.0264356 0.514658 1.01247 -0.0264283 -0.525464 1.01153 -0.0264241 0.544684 1.01166 -0.0264192 -0.572975 1.01028 -0.0264185 0.522649 1.01223 -0.0264119 -0.548196 1.01091 -0.0264086 0.577397 1.01079 -0.026407 -0.500417 1.01221 -0.0263977 0.574794 1.01089 -0.0263938 -0.555585 1.01076 -0.0263881 -0.49342 1.01239 -0.0263881 0.517656 1.01239 -0.0263857 0.55256 1.01145 -0.0263805 -0.523348 1.01158 -0.0263764 -0.495418 1.01236 -0.0263764 0.519654 1.01236 -0.0263737 -0.53046 1.01142 -0.0263688 0.54968 1.01156 -0.0263658 -0.414728 0.779283 -0.0263658 -0.414728 1.22072 -0.0263605 0.527645 1.01213 -0.0263602 -0.553192 1.01081 -0.0263575 0.582393 1.01068 -0.0263491 -0.505414 1.01211 -0.0263462 0.57979 1.01078 -0.0263428 -0.560581 1.01065 -0.0263315 0.557556 1.01134 -0.0263294 -0.498416 1.01228 -0.0263294 0.522652 1.01228 -0.0263256 -0.528344 1.01148 -0.0263195 -0.535456 1.01132 -0.0263178 -0.500414 1.01226 -0.0263178 0.52465 1.01226 -0.026314 0.554676 1.01146 -0.0263091 -0.558188 1.01071 -0.0263069 0.58739 1.01058 -0.026303 0.532641 1.01202 -0.0262951 0.584786 1.01068 -0.0262924 -0.565577 1.01055 -0.0262917 -0.51041 1.012 -0.0262896 -0.643841 0.973183 -0.0262777 0.562553 1.01124 -0.0262712 -0.53334 1.01137 -0.0262712 -0.503412 1.01218 -0.0262712 0.527648 1.01218 -0.0262659 -0.540452 1.01122 -0.0262597 0.559672 1.01135 -0.0262597 -0.50541 1.01216 -0.0262597 0.529646 1.01216 -0.0262584 -0.563184 1.0106 -0.0262569 0.592386 1.01048 -0.026246 0.537637 1.01192 -0.0262446 0.589782 1.01057 -0.0262425 -0.570573 1.01045 -0.0262348 -0.515406 1.0119 -0.0262298 -0.573382 1.01166 -0.0262245 0.567549 1.01114 -0.0262173 -0.538336 1.01127 -0.0262134 -0.508409 1.01207 -0.0262134 0.532645 1.01207 -0.0262128 -0.545448 1.01111 -0.0262082 -0.56818 1.0105 -0.0262073 0.597382 1.01037 -0.0262059 0.564669 1.01125 -0.026202 -0.510406 1.01205 -0.026202 0.534642 1.01205 -0.0261945 0.594779 1.01047 -0.0261894 0.542633 1.01182 -0.0261784 -0.520402 1.0118 -0.0261717 0.572545 1.01103 -0.0261639 -0.543332 1.01117 -0.0261602 -0.550445 1.01101 -0.0261585 -0.573177 1.01039 -0.0261562 -0.513405 1.01197 -0.0261562 0.537641 1.01197 -0.0261527 0.569665 1.01114 -0.0261449 -0.515402 1.01195 -0.0261449 0.539638 1.01195 -0.0261334 0.54763 1.01171 -0.0261225 -0.525398 1.01169 -0.0261195 0.577541 1.01093 -0.026111 -0.548329 1.01106 -0.026108 -0.555441 1.0109 -0.0260999 0.574661 1.01104 -0.0260994 -0.518401 1.01186 -0.0260994 0.542637 1.01186 -0.0260882 -0.520399 1.01184 -0.0260882 0.544635 1.01184 -0.0260779 0.552626 1.01161 -0.0260677 0.582537 1.01082 -0.0260671 -0.530394 1.01159 -0.0260587 -0.553325 1.01096 -0.0260564 -0.560437 1.0108 -0.0260512 -0.573382 1.01147 -0.0260476 0.579657 1.01093 -0.026044 0.597618 1.01146 -0.0260432 -0.523397 1.01176 -0.0260432 0.547633 1.01176 -0.0260321 -0.525395 1.01174 -0.0260321 0.549631 1.01174 -0.0260229 0.557622 1.0115 -0.0260165 0.587533 1.01072 -0.0260122 -0.535391 1.01148 -0.0260068 -0.558321 1.01085 -0.0260053 -0.565433 1.01069 -0.026003 0.597618 1.01142 -0.0259959 0.584653 1.01083 -0.0259874 -0.528393 1.01165 -0.0259874 0.552629 1.01165 -0.0259764 -0.530391 1.01163 -0.0259764 0.554627 1.01163 -0.0259684 0.562618 1.0114 -0.0259658 0.59253 1.01061 -0.0259578 -0.540387 1.01138 -0.0259562 -0.573382 1.01139 -0.0259554 -0.563317 1.01075 -0.0259547 -0.570429 1.01059 -0.0259446 0.58965 1.01072 -0.0259445 0.595598 0.992162 -0.0259419 -0.571113 0.99217 -0.0259324 -0.571477 0.992154 -0.0259322 -0.533389 1.01155 -0.0259322 0.557625 1.01155 -0.0259273 0.595233 0.992168 -0.0259213 -0.535387 1.01153 -0.0259213 0.559623 1.01153 -0.0259156 0.597526 1.01051 -0.0259144 0.567614 1.01129 -0.0259133 -0.573382 1.01136 -0.0259078 0.590602 0.992267 -0.0259052 -0.566117 0.992274 -0.0259047 0.597618 1.01135 -0.0259045 -0.568313 1.01064 -0.0259039 -0.545383 1.01127 -0.0258983 0.597618 1.01135 -0.0258956 -0.566481 0.992259 -0.0258939 0.594646 1.01062 -0.0258906 0.590237 0.992273 -0.0258836 0.595937 0.992129 -0.025879 -0.573382 1.01134 -0.0258775 -0.538386 1.01144 -0.0258775 0.562622 1.01144 -0.0258737 -0.570773 0.992157 -0.0258715 0.585605 0.992372 -0.0258689 -0.56112 0.992379 -0.0258667 -0.540383 1.01142 -0.0258667 0.564619 1.01142 -0.0258655 0.597618 1.01134 -0.0258653 -0.573382 1.01134 -0.0258609 0.57261 1.01119 -0.0258598 0.597618 1.01134 -0.0258593 -0.561485 0.992364 -0.0258559 -0.571786 0.992117 -0.0258544 0.585241 0.992378 -0.0258542 -0.573309 1.01053 -0.0258505 -0.550379 1.01116 -0.0258479 -0.573382 1.01134 -0.0258467 0.590941 0.992234 -0.0258457 -0.573382 1.01134 -0.0258442 0.594925 0.992149 -0.0258428 0.597618 1.01134 -0.0258382 0.597618 1.01134 -0.0258369 -0.565777 0.992262 -0.0258358 0.580609 0.992477 -0.0258336 -0.573382 1.01134 -0.0258332 -0.556124 0.992484 -0.0258269 -0.573382 1.01135 -0.0258269 0.597618 1.01135 -0.0258235 -0.556489 0.992469 -0.0258232 -0.543382 1.01134 -0.0258232 0.567618 1.01134 -0.0258189 -0.56679 0.992222 -0.0258186 0.580244 0.992483 -0.0258126 -0.545379 1.01132 -0.0258126 0.569615 1.01132 -0.0258103 0.585945 0.992339 -0.0258079 0.577607 1.01108 -0.0258074 0.589929 0.992255 -0.0258007 -0.560781 0.992367 -0.0258006 0.575613 0.992582 -0.0257982 -0.530474 0.988712 -0.0257982 -0.510474 0.988712 -0.0257981 -0.551128 0.992589 -0.0257976 -0.555375 1.01106 -0.0257883 -0.551492 0.992574 -0.0257835 0.575248 0.992588 -0.0257824 -0.561793 0.992327 -0.0257744 0.580949 0.992445 -0.0257711 0.584932 0.99236 -0.0257695 -0.548378 1.01123 -0.0257695 0.572614 1.01123 -0.0257658 0.570616 0.992687 -0.0257649 -0.555784 0.992473 -0.0257634 -0.546131 0.992694 -0.025759 -0.550376 1.01121 -0.025759 0.574612 1.01121 -0.0257555 0.582603 1.01097 -0.0257535 -0.546496 0.992679 -0.0257504 0.596252 0.992071 -0.0257488 0.570252 0.992694 -0.0257465 -0.556797 0.992432 -0.0257453 -0.560371 1.01095 -0.025739 0.575952 0.99255 -0.0257353 0.579936 0.992465 -0.0257338 -0.570458 0.992118 -0.0257316 0.56562 0.992792 -0.0257297 -0.550788 0.992578 -0.0257292 -0.541135 0.9928 -0.0257193 -0.5415 0.992784 -0.0257163 -0.553374 1.01113 -0.0257163 0.57761 1.01113 -0.0257146 0.565256 0.992799 -0.0257146 -0.572077 0.992057 -0.0257132 0.591256 0.992177 -0.0257111 -0.551801 0.992538 -0.0257059 -0.555372 1.0111 -0.0257059 0.579608 1.0111 -0.0257041 0.570956 0.992655 -0.0257035 0.587599 1.01087 -0.0257 0.57494 0.992571 -0.025698 0.560624 0.992898 -0.0256969 -0.565462 0.992224 -0.0256968 0.594634 0.992107 -0.0256956 -0.536139 0.992905 -0.0256949 -0.545792 0.992683 -0.0256934 -0.565368 1.01085 -0.0256856 -0.536503 0.99289 -0.0256809 0.560259 0.992904 -0.0256773 -0.56708 0.992163 -0.0256765 0.58626 0.992283 -0.0256761 -0.546804 0.992643 -0.0256698 0.56596 0.992761 -0.0256653 0.569943 0.992677 -0.0256648 0.555628 0.993003 -0.0256637 -0.55837 1.01102 -0.0256637 0.582606 1.01102 -0.0256624 -0.531143 0.993011 -0.0256607 -0.540796 0.992789 -0.0256604 -0.560466 0.99233 -0.0256598 0.589638 0.992213 -0.0256533 -0.560368 1.011 -0.0256533 0.584604 1.011 -0.0256524 -0.531507 0.992995 -0.0256521 0.592595 1.01076 -0.0256478 0.555263 0.99301 -0.0256421 -0.570364 1.01074 -0.0256417 -0.541808 0.992749 -0.0256406 -0.562084 0.992269 -0.0256404 0.581264 0.992389 -0.0256359 0.560963 0.992867 -0.0256321 0.550631 0.993109 -0.025631 0.564947 0.992782 -0.0256298 -0.526146 0.993116 -0.025627 -0.535799 0.992895 -0.0256245 -0.555469 0.992436 -0.0256233 0.584641 0.992319 -0.0256197 -0.526511 0.993101 -0.0256152 0.550267 0.993116 -0.0256115 -0.563366 1.01091 -0.0256115 0.587602 1.01091 -0.0256078 -0.536812 0.992855 -0.0256047 0.576267 0.992495 -0.0256044 -0.557088 0.992375 -0.0256026 0.555967 0.992972 -0.0256013 -0.565364 1.01089 -0.0256013 0.5896 1.01089 -0.0256012 0.597591 1.01065 -0.0256 0.545635 0.993214 -0.0255977 -0.52115 0.993222 -0.0255973 0.559951 0.992888 -0.0255938 -0.530803 0.993001 -0.0255891 -0.550473 0.992542 -0.0255875 -0.521514 0.993207 -0.0255873 0.579645 0.992425 -0.0255831 0.54527 0.993222 -0.0255745 -0.531816 0.992961 -0.0255698 0.550971 0.993078 -0.0255696 0.571271 0.992601 -0.0255687 -0.552092 0.992481 -0.0255684 0.540639 0.99332 -0.0255661 -0.516154 0.993328 -0.0255641 0.554955 0.992994 -0.0255612 -0.525807 0.993107 -0.0255599 -0.568363 1.0108 -0.0255599 0.592599 1.0108 -0.0255558 -0.516518 0.993313 -0.0255542 -0.545477 0.992648 -0.0255518 0.574649 0.992531 -0.0255515 0.540274 0.993327 -0.0255497 -0.57036 1.01078 -0.0255497 0.594596 1.01078 -0.0255416 -0.526819 0.993067 -0.0255375 0.545974 0.993184 -0.0255372 0.535642 0.993426 -0.025535 -0.511157 0.993434 -0.025535 0.566275 0.992707 -0.0255336 0.596546 0.991985 -0.0255335 -0.547095 0.992587 -0.0255314 0.549958 0.9931 -0.025529 -0.52081 0.993213 -0.0255247 -0.511522 0.993419 -0.0255204 0.535278 0.993433 -0.0255198 -0.54048 0.992754 -0.0255169 0.569653 0.992638 -0.0255109 -0.570165 0.992049 -0.0255093 -0.521823 0.993173 -0.0255087 -0.573359 1.0107 -0.0255087 0.597595 1.0107 -0.0255066 0.530646 0.993532 -0.0255058 0.540978 0.99329 -0.0255045 -0.506161 0.99354 -0.0255009 0.561278 0.992813 -0.0254992 0.544962 0.993207 -0.0254988 -0.542099 0.992693 -0.0254974 -0.515814 0.993319 -0.025496 0.591549 0.992092 -0.025494 -0.506526 0.993525 -0.0254909 -0.572352 0.991968 -0.0254898 0.530281 0.993539 -0.0254859 -0.535484 0.992861 -0.0254824 0.564656 0.992744 -0.0254775 -0.516827 0.993279 -0.0254765 0.52565 0.993638 -0.0254745 0.535982 0.993397 -0.0254744 -0.501165 0.993646 -0.0254736 -0.565169 0.992156 -0.0254675 0.539966 0.993313 -0.0254674 0.556282 0.99292 -0.0254673 0.594358 0.992035 -0.0254663 -0.510818 0.993425 -0.0254647 -0.537103 0.9928 -0.0254639 -0.501529 0.993631 -0.0254598 0.525285 0.993646 -0.025459 0.586553 0.992198 -0.0254533 -0.567356 0.992075 -0.0254526 -0.530488 0.992967 -0.0254485 0.55966 0.992851 -0.025447 0.520653 0.993744 -0.0254461 -0.51183 0.993386 -0.0254449 -0.496168 0.993752 -0.0254438 0.530985 0.993503 -0.0254368 -0.560172 0.992263 -0.0254364 0.534969 0.993419 -0.0254357 -0.505821 0.993531 -0.0254343 0.551286 0.993026 -0.0254343 -0.496533 0.993737 -0.025431 -0.532106 0.992907 -0.0254302 0.520289 0.993752 -0.0254299 0.589362 0.992142 -0.0254224 0.581557 0.992305 -0.0254198 -0.525492 0.993074 -0.0254179 0.515657 0.993851 -0.0254161 -0.56236 0.992182 -0.0254158 -0.491172 0.993858 -0.0254154 -0.506834 0.993492 -0.0254151 0.554664 0.992958 -0.0254136 0.525989 0.993609 -0.0254058 0.529973 0.993526 -0.0254056 -0.500825 0.993638 -0.0254052 -0.491536 0.993843 -0.0254018 0.54629 0.993133 -0.0254012 0.515292 0.993858 -0.0254006 -0.555176 0.99237 -0.0253979 -0.52711 0.993013 -0.0253931 0.584366 0.992249 -0.0253875 -0.520495 0.993181 -0.0253864 0.57656 0.992412 -0.0253851 -0.501838 0.993599 -0.0253838 0.520993 0.993716 -0.0253823 -0.491588 1.00602 -0.0253823 0.549667 0.993064 -0.0253803 0.516073 1.00601 -0.0253795 -0.557364 0.992289 -0.025376 -0.495829 0.993744 -0.0253756 0.524977 0.993632 -0.0253698 0.541293 0.99324 -0.0253696 0.515709 1.00602 -0.0253657 -0.491953 1.00601 -0.0253653 -0.522114 0.99312 -0.0253649 -0.55018 0.992477 -0.0253568 0.579369 0.992357 -0.0253557 -0.515499 0.993287 -0.0253553 -0.496841 0.993705 -0.0253547 0.515996 0.993822 -0.0253544 -0.496585 1.00591 -0.0253524 0.52107 1.0059 -0.0253509 0.571564 0.992519 -0.0253499 0.544671 0.993171 -0.0253469 -0.490832 0.993851 -0.025346 0.51998 0.993739 -0.0253434 -0.552367 0.992397 -0.0253416 0.520705 1.00592 -0.0253383 0.536297 0.993347 -0.0253378 -0.496949 1.0059 -0.0253333 -0.517118 0.993227 -0.0253297 -0.545184 0.992584 -0.0253269 -0.501581 1.0058 -0.0253261 -0.491845 0.993812 -0.025325 0.526066 1.0058 -0.0253244 -0.510503 0.993394 -0.025321 0.574373 0.992464 -0.0253189 -0.491249 1.00604 -0.0253181 0.539675 0.993278 -0.025317 0.514984 0.993845 -0.0253159 0.566568 0.992627 -0.0253141 0.525701 1.00581 -0.0253113 0.516413 1.00602 -0.0253103 -0.501945 1.0058 -0.0253078 -0.547371 0.992504 -0.0253073 0.531301 0.993454 -0.0253017 -0.512121 0.993334 -0.0253 -0.506577 1.0057 -0.025298 0.531062 1.00569 -0.025295 -0.540187 0.992692 -0.0252937 -0.505506 0.993501 -0.0252908 -0.496245 1.00594 -0.0252903 0.5154 1.00605 -0.0252871 0.530698 1.0057 -0.0252868 0.534678 0.993385 -0.0252857 0.569377 0.992571 -0.0252834 -0.506942 1.00569 -0.0252834 0.521409 1.00591 -0.0252814 0.561572 0.992734 -0.0252813 -0.492261 1.00602 -0.0252768 0.526304 0.99356 -0.0252739 0.59676 0.991886 -0.0252735 -0.511574 1.00559 -0.0252728 -0.542375 0.992611 -0.0252716 0.536059 1.00558 -0.0252707 -0.507125 0.993441 -0.0252634 -0.50051 0.993608 -0.0252632 -0.501241 1.00583 -0.0252621 0.520397 1.00595 -0.0252608 -0.535191 0.992799 -0.0252606 0.535694 1.0056 -0.025257 -0.511938 1.00558 -0.025256 0.529682 0.993492 -0.025256 0.526405 1.0058 -0.0252534 -0.497258 1.00591 -0.025251 0.56438 0.992679 -0.0252475 0.556575 0.992842 -0.0252475 -0.51657 1.00548 -0.0252469 0.521308 0.993668 -0.0252466 -0.569951 0.991963 -0.0252456 0.541055 1.00547 -0.0252402 -0.502128 0.993548 -0.0252382 -0.537379 0.992719 -0.0252361 -0.506238 1.00572 -0.0252359 0.591763 0.991994 -0.0252346 0.54069 1.00549 -0.0252345 0.525393 1.00584 -0.0252337 -0.495514 0.993715 -0.025231 -0.516935 1.00547 -0.025229 0.531402 1.00569 -0.0252272 -0.530195 0.992907 -0.0252259 -0.502254 1.00581 -0.0252257 0.524686 0.9936 -0.0252237 -0.572554 0.991867 -0.025222 -0.521566 1.00537 -0.0252202 0.546051 1.00537 -0.0252175 0.516312 0.993775 -0.0252168 0.559384 0.992787 -0.0252141 0.551579 0.992949 -0.0252102 -0.497132 0.993655 -0.0252095 -0.511234 1.00562 -0.025209 0.545687 1.00538 -0.0252089 -0.564955 0.992071 -0.0252074 0.530389 1.00573 -0.0252055 -0.521931 1.00537 -0.0252045 -0.490517 0.993823 -0.0252042 -0.532382 0.992827 -0.0252025 0.536398 1.00559 -0.0251989 -0.50725 1.0057 -0.0251983 0.586767 0.992102 -0.025197 -0.526563 1.00527 -0.025196 0.519689 0.993707 -0.0251958 0.594156 0.991946 -0.0251952 0.551048 1.00526 -0.0251941 -0.525198 0.993014 -0.0251856 -0.567558 0.991975 -0.025184 0.550683 1.00527 -0.0251834 -0.51623 1.00551 -0.0251831 0.554388 0.992894 -0.0251815 -0.490934 1.00609 -0.0251812 0.546583 0.993057 -0.0251807 0.535386 1.00563 -0.0251807 -0.492136 0.993763 -0.0251806 -0.526927 1.00526 -0.0251765 0.541394 1.00548 -0.0251724 -0.531559 1.00516 -0.0251724 -0.512247 1.00559 -0.0251718 -0.559958 0.992179 -0.0251707 -0.527386 0.992934 -0.0251707 0.556044 1.00515 -0.0251688 0.516728 1.00604 -0.0251667 0.514693 0.993814 -0.0251615 -0.520202 0.993122 -0.0251613 0.581771 0.99221 -0.0251594 0.555679 1.00517 -0.025158 0.58916 0.992054 -0.0251578 -0.521227 1.0054 -0.0251561 -0.531923 1.00515 -0.0251546 0.540382 1.00552 -0.0251532 -0.49593 1.00598 -0.025151 0.546391 1.00537 -0.0251499 0.549392 0.993002 -0.0251488 0.541586 0.993165 -0.0251484 -0.536555 1.00505 -0.025148 -0.562562 0.992083 -0.0251467 0.56104 1.00504 -0.0251464 -0.517243 1.00548 -0.0251446 0.515109 1.0061 -0.0251407 0.521724 1.00594 -0.0251378 -0.52239 0.993042 -0.0251354 0.560676 1.00506 -0.0251351 -0.554962 0.992288 -0.0251327 -0.526223 1.00529 -0.0251321 -0.53692 1.00504 -0.0251309 -0.492552 1.00605 -0.0251294 -0.515206 0.99323 -0.0251289 0.545378 1.00541 -0.025126 0.551387 1.00526 -0.0251254 -0.500926 1.00588 -0.0251249 -0.541551 1.00494 -0.0251249 0.576775 0.992318 -0.0251232 0.566037 1.00494 -0.0251209 -0.522239 1.00538 -0.0251208 0.584164 0.992163 -0.0251188 -0.530474 1.00983 -0.0251188 -0.510474 1.00983 -0.0251173 0.544395 0.99311 -0.025117 0.53659 0.993272 -0.0251162 0.520106 1.006 -0.0251131 0.526721 1.00583 -0.0251118 0.565672 1.00495 -0.0251109 -0.557565 0.992192 -0.0251086 -0.541916 1.00493 -0.025108 -0.531219 1.00518 -0.0251053 -0.517393 0.99315 -0.0251037 0.550375 1.0053 -0.0251028 -0.497549 1.00594 -0.0251019 -0.546548 1.00483 -0.0251015 0.556383 1.00516 -0.0251002 0.571033 1.00483 -0.025099 -0.549966 0.992396 -0.0250981 -0.505923 1.00577 -0.0250979 -0.51021 0.993338 -0.0250959 -0.527236 1.00527 -0.0250889 0.571778 0.992427 -0.0250888 0.570668 1.00484 -0.0250884 0.525102 1.00589 -0.0250861 0.531717 1.00572 -0.0250857 0.531594 0.99338 -0.0250856 -0.546912 1.00483 -0.0250852 0.539399 0.993218 -0.0250841 0.579168 0.992271 -0.0250839 -0.536216 1.00508 -0.0250793 -0.551544 1.00473 -0.025079 0.555371 1.00519 -0.0250777 0.576029 1.00472 -0.0250775 0.56138 1.00505 -0.0250752 -0.502545 1.00584 -0.0250743 -0.552569 0.9923 -0.0250734 -0.512397 0.993258 -0.0250714 -0.532232 1.00516 -0.0250713 -0.510919 1.00566 -0.0250669 -0.505213 0.993446 -0.0250662 0.575665 1.00473 -0.0250634 -0.54497 0.992504 -0.0250631 -0.551909 1.00472 -0.025061 0.530098 1.00578 -0.0250602 -0.541212 1.00497 -0.0250595 0.536713 1.00561 -0.0250573 -0.55654 1.00462 -0.0250558 0.581025 1.00461 -0.0250549 0.526597 0.993488 -0.0250548 0.560367 1.00509 -0.025054 0.566376 1.00494 -0.0250536 0.534403 0.993326 -0.0250535 0.566782 0.992535 -0.0250481 -0.507541 1.00573 -0.0250479 0.574171 0.99238 -0.0250473 -0.537228 1.00505 -0.0250449 -0.515915 1.00555 -0.0250441 0.580661 1.00462 -0.025042 -0.507401 0.993366 -0.0250411 -0.556905 1.00461 -0.0250383 -0.547573 0.992409 -0.0250371 -0.546208 1.00486 -0.0250364 -0.500217 0.993554 -0.0250358 -0.561537 1.00451 -0.0250343 0.586022 1.0045 -0.0250342 0.535095 1.00567 -0.0250334 0.54171 1.0055 -0.0250311 0.565364 1.00498 -0.025031 0.571372 1.00483 -0.0250284 -0.539973 0.992613 -0.0250246 0.521601 0.993597 -0.0250238 -0.542225 1.00494 -0.0250226 0.585657 1.00452 -0.0250225 0.529406 0.993435 -0.0250215 -0.512538 1.00562 -0.0250197 -0.561901 1.0045 -0.0250191 -0.520912 1.00544 -0.0250186 0.561786 0.992644 -0.0250148 -0.566533 1.0044 -0.0250144 -0.551205 1.00475 -0.0250133 0.591018 1.00439 -0.0250122 0.569175 0.992489 -0.0250112 -0.502404 0.993475 -0.0250085 0.576369 1.00472 -0.025008 0.57036 1.00487 -0.0250078 0.540091 1.00556 -0.0250078 0.546706 1.0054 -0.0250064 -0.49522 0.993662 -0.0250028 -0.542577 0.992518 -0.0250015 0.590653 1.00441 -0.0250008 -0.547221 1.00483 -0.0249987 -0.566897 1.00439 -0.0249953 -0.517534 1.00551 -0.0249949 0.516605 0.993705 -0.0249942 -0.571529 1.00429 -0.0249939 -0.534977 0.992722 -0.0249938 -0.525908 1.00534 -0.0249928 0.596014 1.00428 -0.0249923 -0.556201 1.00464 -0.024992 0.52441 0.993543 -0.0249865 0.581365 1.00461 -0.0249853 0.575356 1.00476 -0.0249842 0.556789 0.992752 -0.0249827 0.551702 1.00529 -0.0249819 0.545087 1.00545 -0.024981 0.59565 1.0043 -0.0249809 -0.497408 0.993583 -0.0249782 -0.552217 1.00473 -0.0249782 -0.571894 1.00428 -0.0249771 0.564179 0.992598 -0.024977 -0.490224 0.993771 -0.0249729 0.596904 0.991775 -0.0249706 -0.561197 1.00453 -0.0249697 -0.52253 1.0054 -0.0249689 -0.530904 1.00523 -0.0249678 -0.53758 0.992627 -0.024965 0.586361 1.0045 -0.0249631 0.580352 1.00465 -0.024962 0.519414 0.993652 -0.0249599 -0.529981 0.992831 -0.0249584 -0.49064 1.00616 -0.024958 0.556699 1.00518 -0.0249565 0.550084 1.00535 -0.0249562 -0.557213 1.00462 -0.024951 -0.492412 0.993691 -0.0249504 0.551793 0.992861 -0.0249495 -0.566193 1.00442 -0.0249446 -0.535901 1.00512 -0.0249446 -0.527526 1.00529 -0.024944 0.591357 1.00439 -0.0249426 -0.569807 0.99186 -0.0249425 0.559182 0.992706 -0.0249414 0.585349 1.00454 -0.0249409 0.517021 1.00609 -0.0249347 -0.56221 1.00451 -0.0249343 0.591907 0.991884 -0.0249339 0.561695 1.00507 -0.0249334 -0.532584 0.992736 -0.0249325 0.514417 0.99376 -0.0249316 0.55508 1.00524 -0.0249298 -0.495637 1.00605 -0.0249289 -0.57119 1.00431 -0.0249264 -0.524984 0.992939 -0.0249235 0.596354 1.00428 -0.0249207 -0.540897 1.00501 -0.0249202 0.590345 1.00443 -0.0249199 -0.532523 1.00518 -0.0249171 0.546797 0.99297 -0.0249145 0.514834 1.00617 -0.0249137 -0.567206 1.0044 -0.0249127 0.522017 1.00599 -0.0249103 0.566691 1.00496 -0.0249093 -0.572687 0.991751 -0.0249085 0.554186 0.992816 -0.0249073 0.560076 1.00513 -0.0249044 -0.564811 0.99197 -0.0249017 -0.500633 1.00594 -0.0248996 0.595341 1.00432 -0.0248995 -0.527588 0.992845 -0.0248974 -0.545893 1.0049 -0.0248964 -0.492828 1.0061 -0.0248963 0.586911 0.991993 -0.0248958 -0.537519 1.00508 -0.0248935 -0.519988 0.993049 -0.0248932 -0.572202 1.00429 -0.0248872 0.571687 1.00485 -0.0248859 0.51983 1.00606 -0.0248849 0.527014 1.00588 -0.0248843 0.5418 0.993079 -0.0248834 0.565073 1.00502 -0.0248786 0.594023 0.991839 -0.0248749 0.54919 0.992925 -0.0248746 -0.550889 1.00479 -0.0248741 -0.50563 1.00583 -0.0248721 -0.542515 1.00497 -0.0248706 -0.567691 0.991861 -0.024868 -0.497824 1.006 -0.0248668 -0.559814 0.992079 -0.0248663 0.536644 1.01897 -0.0248663 0.556644 1.01897 -0.0248661 -0.522591 0.992954 -0.0248646 0.576684 1.00474 -0.0248611 -0.514992 0.993158 -0.02486 0.570069 1.00491 -0.0248588 0.581915 0.992103 -0.0248577 0.524826 1.00596 -0.0248575 0.53201 1.00577 -0.0248523 -0.555886 1.00468 -0.0248521 0.536804 0.993188 -0.024849 -0.547512 1.00486 -0.024847 -0.510626 1.00572 -0.0248425 0.58168 1.00463 -0.0248419 0.544194 0.993034 -0.0248403 0.589027 0.991948 -0.0248402 -0.502821 1.00589 -0.0248371 0.575065 1.0048 -0.0248333 -0.517595 0.993063 -0.0248325 -0.562695 0.991971 -0.0248307 0.537006 1.00566 -0.0248304 -0.560882 1.00457 -0.02483 0.529823 1.00585 -0.0248297 -0.554818 0.992189 -0.0248292 -0.509995 0.993267 -0.0248264 -0.552508 1.00475 -0.0248218 0.576919 0.992213 -0.0248209 0.586676 1.00452 -0.0248204 0.531808 0.993297 -0.0248203 -0.515622 1.00562 -0.0248147 0.580061 1.00469 -0.0248128 -0.507817 1.00578 -0.0248094 0.539197 0.993143 -0.0248091 -0.565878 1.00446 -0.0248044 0.542003 1.00555 -0.0248043 -0.557504 1.00464 -0.0248028 0.534819 1.00574 -0.0248025 0.584031 0.992058 -0.0248009 -0.512599 0.993172 -0.0247999 0.591673 1.00441 -0.0247979 -0.504999 0.993376 -0.0247949 -0.557698 0.992081 -0.0247942 -0.520618 1.00551 -0.0247931 -0.549822 0.992299 -0.0247929 0.585058 1.00458 -0.0247892 0.526811 0.993407 -0.0247883 -0.570875 1.00435 -0.024786 -0.512813 1.00567 -0.0247854 0.571922 0.992322 -0.0247826 -0.562501 1.00453 -0.0247793 0.596669 1.0043 -0.0247786 0.546999 1.00544 -0.0247775 0.534201 0.993253 -0.0247761 0.539815 1.00563 -0.0247715 0.590054 1.00447 -0.0247692 -0.507602 0.993282 -0.0247686 -0.525615 1.0054 -0.0247671 -0.500003 0.993486 -0.0247653 0.579035 0.992168 -0.0247615 -0.567497 1.00442 -0.0247596 -0.51781 1.00556 -0.0247586 0.521815 0.993516 -0.0247578 -0.552702 0.992191 -0.0247571 -0.544826 0.992409 -0.0247533 0.551995 1.00533 -0.0247507 0.59505 1.00436 -0.02475 0.544812 1.00552 -0.0247495 0.566926 0.992432 -0.0247461 0.529204 0.993362 -0.0247435 -0.530611 1.00529 -0.0247409 -0.572493 1.00431 -0.0247379 -0.502606 0.993391 -0.0247368 -0.495006 0.993595 -0.0247337 -0.522806 1.00545 -0.0247287 0.574038 0.992278 -0.0247285 0.556992 1.00522 -0.0247284 0.516819 0.993626 -0.0247243 0.549808 1.00541 -0.0247216 -0.539829 0.992519 -0.0247212 -0.547706 0.992301 -0.0247188 -0.535607 1.00518 -0.0247152 0.524208 0.993472 -0.0247141 0.56193 0.992542 -0.0247084 -0.527802 1.00534 -0.0247072 -0.49761 0.993501 -0.024707 -0.49001 0.993705 -0.0247042 0.561988 1.00511 -0.0246991 0.554804 1.0053 -0.0246947 -0.540604 1.00507 -0.0246925 0.569042 0.992388 -0.0246915 -0.490426 1.00624 -0.0246866 -0.534833 0.992629 -0.0246852 -0.542709 0.992411 -0.0246849 0.519212 0.993582 -0.0246835 -0.532799 1.00523 -0.0246804 0.566984 1.005 -0.0246793 0.556933 0.992653 -0.024677 -0.492613 0.993611 -0.0246744 0.559801 1.00519 -0.0246731 0.595804 0.998138 -0.0246725 -0.571319 0.998146 -0.0246711 -0.5456 1.00496 -0.0246706 0.517235 1.00616 -0.0246646 0.590808 0.998249 -0.024664 -0.566323 0.998257 -0.0246626 -0.495423 1.00613 -0.0246593 -0.571683 0.998133 -0.0246592 -0.537795 1.00512 -0.0246581 0.595439 0.998148 -0.0246571 0.571981 1.00489 -0.024657 0.564046 0.992499 -0.0246565 0.585811 0.998361 -0.0246559 -0.561326 0.998369 -0.0246551 0.514215 0.993692 -0.0246522 -0.529837 0.992739 -0.0246507 -0.566687 0.998245 -0.0246503 0.564797 1.00508 -0.0246498 -0.537713 0.992521 -0.0246496 0.590443 0.99826 -0.024649 0.580815 0.998472 -0.0246484 -0.55633 0.99848 -0.024648 -0.550596 1.00485 -0.0246463 0.596969 0.991657 -0.024645 0.551937 0.992763 -0.0246426 -0.561691 0.998356 -0.024642 0.522231 1.00605 -0.024642 0.575819 0.998584 -0.0246416 0.585447 0.998371 -0.0246415 -0.551334 0.998592 -0.02464 0.514632 1.00625 -0.0246355 0.570823 0.998696 -0.0246354 -0.542791 1.00501 -0.0246351 -0.556695 0.998468 -0.024635 -0.546338 0.998704 -0.0246343 0.576977 1.00478 -0.0246341 -0.500419 1.00602 -0.0246341 0.580451 0.998483 -0.0246295 0.565827 0.998807 -0.0246291 -0.541342 0.998815 -0.024628 -0.551699 0.99858 -0.0246271 0.575454 0.998595 -0.0246266 0.569793 1.00497 -0.0246254 -0.555593 1.00473 -0.0246241 0.560831 0.998919 -0.0246238 -0.536345 0.998927 -0.0246219 0.559049 0.992609 -0.0246215 -0.546702 0.998691 -0.0246207 0.570458 0.998706 -0.0246192 0.555834 0.999031 -0.0246189 -0.531349 0.999039 -0.0246186 -0.49303 1.00617 -0.0246183 -0.52484 0.99285 -0.0246156 -0.541706 0.998803 -0.0246149 0.550838 0.999143 -0.0246148 -0.532717 0.992632 -0.0246148 0.565462 0.998818 -0.0246146 -0.526353 0.999151 -0.0246146 -0.569742 0.991747 -0.0246139 0.527228 1.00594 -0.0246122 0.536644 0.991449 -0.0246122 0.536644 1.00855 -0.0246122 0.556644 0.991449 -0.0246122 0.556644 1.00855 -0.024612 0.581973 1.00467 -0.024612 -0.547787 1.0049 -0.0246112 0.546941 0.992873 -0.0246111 0.545842 0.999255 -0.024611 0.519628 1.00614 -0.0246108 -0.521357 0.999263 -0.0246101 -0.53671 0.998915 -0.0246094 0.560466 0.99893 -0.0246078 0.540846 0.999366 -0.0246076 -0.516361 0.999374 -0.0246072 0.591973 0.991768 -0.0246061 -0.505415 1.00591 -0.0246057 0.596143 0.998122 -0.0246052 -0.531714 0.999027 -0.0246051 0.53585 0.999478 -0.0246049 -0.511365 0.999486 -0.0246046 0.55547 0.999042 -0.0246035 0.574789 1.00486 -0.0246034 -0.570979 0.998151 -0.0246034 -0.560589 1.00462 -0.0246028 0.530854 0.99959 -0.0246027 -0.506368 0.999598 -0.0246012 0.525857 0.999702 -0.0246011 -0.501372 0.99971 -0.0246009 -0.526718 0.999139 -0.0246003 0.550474 0.999154 -0.0246 0.520861 0.999814 -0.0245999 -0.496376 0.999822 -0.0245994 0.515865 0.999926 -0.0245994 -0.49138 0.999934 -0.0245971 0.591147 0.998233 -0.024597 -0.521722 0.99925 -0.0245966 0.545477 0.999266 -0.0245949 -0.565983 0.998263 -0.0245937 -0.516725 0.999362 -0.0245933 0.540481 0.999378 -0.024591 -0.511729 0.999474 -0.0245906 0.535485 0.99949 -0.0245903 0.586969 1.00456 -0.0245899 -0.498026 1.00606 -0.0245892 -0.552784 1.00479 -0.0245889 0.586151 0.998345 -0.0245887 -0.506733 0.999586 -0.0245885 0.530489 0.999602 -0.0245875 -0.530474 0.981373 -0.0245875 -0.510474 0.981373 -0.0245874 0.554053 0.99272 -0.024587 -0.501737 0.999698 -0.0245869 -0.560987 0.998375 -0.0245868 0.525493 0.999714 -0.0245863 0.532224 1.00583 -0.0245859 -0.496741 0.99981 -0.0245857 0.520497 0.999826 -0.0245852 -0.491745 0.999922 -0.0245852 0.5155 0.999938 -0.0245849 -0.519844 0.99296 -0.0245824 0.524625 1.00603 -0.0245818 -0.565585 1.00451 -0.0245813 0.581155 0.998457 -0.0245808 0.579786 1.00475 -0.0245804 -0.527721 0.992742 -0.0245794 -0.555991 0.998487 -0.0245787 -0.510412 1.0058 -0.024578 0.541944 0.992984 -0.0245759 -0.564745 0.991858 -0.0245757 -0.571992 0.998117 -0.0245743 0.576159 0.998569 -0.024573 0.595131 0.998151 -0.0245725 -0.550994 0.998599 -0.024569 0.591966 1.00445 -0.0245686 0.586977 0.991879 -0.0245677 0.571162 0.998681 -0.024567 -0.566996 0.998228 -0.0245669 -0.55778 1.00468 -0.0245661 -0.545998 0.998711 -0.0245644 0.590135 0.998263 -0.0245618 -0.503022 1.00595 -0.0245617 0.566166 0.998793 -0.0245607 -0.570581 1.0044 -0.0245602 -0.541002 0.998823 -0.0245592 0.53722 1.00572 -0.0245589 -0.561999 0.99834 -0.0245587 0.584782 1.00463 -0.0245564 0.585138 0.998375 -0.0245562 0.56117 0.998905 -0.0245549 -0.536006 0.998935 -0.0245544 0.529621 1.00592 -0.0245534 0.549057 0.992831 -0.0245521 -0.514848 0.993071 -0.0245517 -0.515408 1.00569 -0.0245513 0.556174 0.999017 -0.0245512 -0.557003 0.998453 -0.0245501 -0.53101 0.999047 -0.0245499 -0.572737 0.991623 -0.0245499 0.596973 0.991623 -0.024549 0.580142 0.998487 -0.0245483 0.596962 1.00433 -0.0245469 0.551178 0.999129 -0.0245466 -0.522724 0.992853 -0.0245458 -0.526014 0.999159 -0.0245453 0.536948 0.993094 -0.0245451 -0.562776 1.00456 -0.0245441 -0.552007 0.998565 -0.024543 0.546181 0.999242 -0.0245421 -0.521017 0.999271 -0.024542 0.575146 0.998599 -0.0245396 0.541185 0.999354 -0.0245389 -0.516021 0.999383 -0.0245377 -0.559749 0.991969 -0.0245376 -0.547011 0.998677 -0.0245371 0.589778 1.00452 -0.0245368 0.536189 0.999466 -0.0245362 -0.511025 0.999496 -0.0245356 0.57015 0.998712 -0.0245346 0.531193 0.999578 -0.0245341 -0.508019 1.00584 -0.024534 -0.506029 0.999608 -0.0245328 0.526197 0.999691 -0.0245326 0.542217 1.00561 -0.0245324 -0.501033 0.99972 -0.0245316 0.521201 0.999803 -0.0245315 -0.542015 0.998789 -0.0245314 -0.496037 0.999832 -0.0245309 0.516204 0.999915 -0.0245309 -0.49104 0.999945 -0.0245305 0.58198 0.99199 -0.0245298 0.565154 0.998824 -0.0245269 0.534617 1.00581 -0.0245261 -0.537018 0.998901 -0.0245253 -0.520404 1.00558 -0.0245245 0.560157 0.998936 -0.0245238 -0.567773 1.00445 -0.0245211 -0.532022 0.999013 -0.02452 0.544061 0.992941 -0.0245198 -0.509851 0.993182 -0.0245197 0.555161 0.999048 -0.024518 -0.569738 0.991713 -0.024518 0.593974 0.991713 -0.0245167 -0.527026 0.999126 -0.024516 0.594774 1.00441 -0.0245154 0.550165 0.999161 -0.0245133 -0.517728 0.992964 -0.0245131 0.531952 0.993205 -0.0245128 -0.52203 0.999238 -0.0245117 0.545169 0.999273 -0.0245106 -0.56774 0.991734 -0.0245106 0.591976 0.991734 -0.0245094 -0.517034 0.99935 -0.0245085 0.540173 0.999385 -0.0245069 -0.513015 1.00573 -0.0245066 -0.512038 0.999463 -0.0245065 0.547213 1.0055 -0.0245058 0.535177 0.999498 -0.0245043 -0.507041 0.999575 -0.0245037 0.53018 0.99961 -0.0245031 -0.572769 1.00434 -0.0245025 -0.502045 0.999687 -0.0245021 0.525184 0.999722 -0.0245013 -0.497049 0.9998 -0.024501 0.520188 0.999835 -0.0245006 -0.492053 0.999912 -0.0245005 0.515192 0.999947 -0.0245001 -0.554753 0.99208 -0.0244998 0.539614 1.0057 -0.0244993 -0.525401 1.00547 -0.024493 0.576984 0.992101 -0.0244881 -0.504855 0.993292 -0.0244871 0.539064 0.993052 -0.0244815 0.526955 0.993316 -0.024481 0.552209 1.00539 -0.0244805 -0.512732 0.993075 -0.0244803 -0.518011 1.00562 -0.0244792 -0.564742 0.991824 -0.0244792 0.588978 0.991824 -0.0244739 -0.530397 1.00535 -0.0244733 0.54461 1.00559 -0.0244718 -0.562744 0.991845 -0.0244718 0.58698 0.991845 -0.024463 -0.549756 0.992191 -0.0244622 0.596458 0.9981 -0.0244582 -0.570664 0.99815 -0.0244569 -0.499859 0.993403 -0.0244561 0.571988 0.992212 -0.0244559 0.557206 1.00527 -0.0244547 0.534068 0.993163 -0.0244542 -0.523008 1.00551 -0.0244534 0.591462 0.998213 -0.0244505 0.521959 0.993426 -0.0244497 -0.565668 0.998262 -0.0244489 -0.535393 1.00524 -0.0244483 -0.507735 0.993186 -0.0244473 0.549606 1.00548 -0.0244452 0.586466 0.998325 -0.0244417 -0.560672 0.998375 -0.0244409 -0.559746 0.991936 -0.0244409 0.583982 0.991936 -0.0244375 0.58147 0.998438 -0.0244343 -0.555676 0.998487 -0.0244336 -0.557748 0.991957 -0.0244336 0.581984 0.991957 -0.0244313 0.562202 1.00516 -0.0244303 0.576474 0.99855 -0.0244285 -0.528004 1.0054 -0.0244273 -0.550679 0.9986 -0.0244265 -0.54476 0.992303 -0.0244262 -0.494862 0.993514 -0.0244245 -0.54039 1.00513 -0.0244238 -0.572283 0.998095 -0.0244237 0.571477 0.998663 -0.0244229 0.529072 0.993274 -0.0244218 0.554602 1.00537 -0.0244209 -0.545683 0.998713 -0.0244199 0.516963 0.993537 -0.0244196 0.566991 0.992324 -0.0244196 0.59484 0.998149 -0.0244176 0.566481 0.998776 -0.0244166 -0.502739 0.993297 -0.0244151 -0.540687 0.998825 -0.024415 -0.567286 0.998208 -0.024412 0.561485 0.998889 -0.024411 0.589844 0.998261 -0.0244097 -0.535691 0.998938 -0.0244073 0.567198 1.00505 -0.024407 0.556489 0.999001 -0.0244067 -0.56229 0.998321 -0.024405 -0.530695 0.999051 -0.0244034 -0.533 1.00529 -0.0244031 -0.554749 0.992047 -0.0244031 0.578985 0.992047 -0.024403 0.584847 0.998374 -0.0244025 0.551493 0.999114 -0.0244007 -0.525698 0.999164 -0.0244006 -0.545386 1.00502 -0.024399 -0.557294 0.998433 -0.0243986 0.546497 0.999227 -0.024397 -0.520702 0.999277 -0.0243968 0.559599 1.00526 -0.0243961 -0.489866 0.993625 -0.024396 -0.552751 0.992069 -0.024396 0.576987 0.992069 -0.0243956 0.579851 0.998487 -0.0243951 0.5415 0.99934 -0.0243938 -0.515706 0.99939 -0.0243923 0.536504 0.999453 -0.0243918 -0.552298 0.998546 -0.0243916 0.524075 0.993385 -0.0243912 -0.51071 0.999502 -0.0243905 -0.539764 0.992415 -0.0243899 0.531508 0.999566 -0.0243891 -0.505714 0.999615 -0.0243886 0.574855 0.998599 -0.0243881 0.526512 0.999679 -0.0243875 -0.500718 0.999728 -0.0243869 0.521516 0.999792 -0.0243865 -0.495722 0.999841 -0.0243862 0.51652 0.999905 -0.024386 -0.490725 0.999954 -0.0243854 -0.497743 0.993408 -0.0243852 -0.547302 0.998659 -0.0243838 0.561995 0.992436 -0.0243838 0.572195 1.00494 -0.0243825 -0.490282 1.00632 -0.0243822 0.569859 0.998712 -0.0243791 -0.542306 0.998772 -0.0243788 -0.537997 1.00517 -0.0243772 -0.550382 1.00491 -0.0243764 0.564863 0.998825 -0.0243735 -0.537309 0.998885 -0.0243723 0.564595 1.00514 -0.0243711 0.559867 0.998938 -0.0243685 -0.532313 0.998998 -0.0243663 0.55487 0.999051 -0.0243658 -0.549753 0.992159 -0.0243658 0.573989 0.992159 -0.024364 -0.527317 0.999111 -0.024362 0.549874 0.999164 -0.0243608 0.519079 0.993497 -0.0243607 0.577191 1.00483 -0.02436 -0.522321 0.999224 -0.0243592 0.517379 1.00624 -0.0243588 -0.547755 0.992181 -0.0243588 0.571991 0.992181 -0.0243583 0.544878 0.999277 -0.0243566 -0.517325 0.999337 -0.0243551 0.539882 0.99939 -0.024355 -0.534768 0.992526 -0.0243548 -0.492746 0.993519 -0.0243547 -0.542993 1.00506 -0.0243543 -0.555378 1.0048 -0.0243537 -0.512329 0.99945 -0.0243531 -0.495279 1.00621 -0.0243525 0.534886 0.999503 -0.0243513 -0.507332 0.999563 -0.0243504 0.52989 0.999617 -0.0243495 -0.502336 0.999676 -0.0243489 0.524893 0.99973 -0.0243484 0.556999 0.992547 -0.0243484 0.569591 1.00503 -0.0243482 -0.49734 0.999789 -0.0243478 0.519897 0.999843 -0.0243475 -0.492344 0.999903 -0.0243474 0.514901 0.999956 -0.0243382 0.582187 1.00472 -0.024332 -0.560375 1.00468 -0.0243311 -0.547989 1.00495 -0.0243306 0.514083 0.993608 -0.0243303 0.522375 1.00612 -0.0243292 -0.544757 0.992271 -0.0243292 0.568993 0.992271 -0.0243249 0.574588 1.00492 -0.0243243 -0.500275 1.0061 -0.0243223 -0.542759 0.992293 -0.0243223 0.566995 0.992293 -0.0243201 -0.529771 0.992638 -0.0243172 0.514499 1.00634 -0.0243163 0.587183 1.0046 -0.0243136 0.552002 0.992659 -0.0243101 -0.565371 1.00457 -0.0243081 -0.552985 1.00484 -0.024302 0.579584 1.00481 -0.0243018 0.527372 1.00601 -0.0242959 -0.505271 1.00599 -0.0242948 0.59218 1.00449 -0.0242936 -0.493163 1.00625 -0.024293 -0.53976 0.992383 -0.024293 0.563996 0.992383 -0.0242888 -0.570367 1.00446 -0.0242878 0.519495 1.00623 -0.0242862 -0.537763 0.992405 -0.0242862 0.561999 0.992405 -0.0242857 -0.524775 0.99275 -0.0242855 -0.557982 1.00473 -0.0242796 0.58458 1.0047 -0.0242794 0.547006 0.992771 -0.0242739 0.532368 1.0059 -0.0242739 0.597176 1.00438 -0.0242681 -0.510268 1.00588 -0.0242674 0.427354 0.757978 -0.0242674 0.427354 1.24202 -0.0242646 -0.498159 1.00614 -0.0242635 -0.562978 1.00461 -0.0242589 0.524492 1.00612 -0.0242577 0.589576 1.00458 -0.0242574 -0.534764 0.992496 -0.0242574 0.559 0.992496 -0.0242519 -0.519779 0.992862 -0.0242508 -0.532766 0.992517 -0.0242508 0.557002 0.992517 -0.0242464 0.537364 1.00579 -0.0242457 0.54201 0.992883 -0.024242 -0.567974 1.0045 -0.0242407 -0.515264 1.00577 -0.0242363 0.594573 1.00447 -0.0242361 -0.503155 1.00603 -0.0242304 0.596752 0.998073 -0.0242304 0.529488 1.00601 -0.024225 -0.570371 0.998141 -0.0242224 -0.529768 0.992608 -0.0242224 0.554004 0.992608 -0.0242215 0.591755 0.998186 -0.024221 -0.572971 1.00439 -0.0242195 0.542361 1.00568 -0.0242187 -0.514782 0.992974 -0.0242165 -0.565375 0.998254 -0.0242158 -0.52777 0.992629 -0.0242158 0.552006 0.992629 -0.0242139 -0.520261 1.00565 -0.0242132 0.586759 0.9983 -0.0242125 0.537013 0.992995 -0.0242084 -0.560379 0.998368 -0.0242081 -0.508152 1.00592 -0.0242054 0.581763 0.998413 -0.0242025 0.534484 1.00589 -0.0242009 -0.555382 0.998481 -0.0241981 0.576767 0.998527 -0.024194 -0.550386 0.998595 -0.0241931 0.547357 1.00557 -0.0241914 0.571771 0.998641 -0.0241879 -0.524772 0.99272 -0.0241879 0.549007 0.99272 -0.0241876 -0.525257 1.00554 -0.0241876 -0.54539 0.998709 -0.0241859 -0.509786 0.993087 -0.0241852 0.566774 0.998755 -0.0241849 -0.572558 0.998067 -0.0241817 -0.540394 0.998823 -0.0241815 -0.522774 0.992741 -0.0241815 0.54701 0.992741 -0.0241806 -0.513148 1.00581 -0.0241799 0.532017 0.993107 -0.0241795 0.561778 0.998869 -0.0241793 0.594564 0.998138 -0.0241769 -0.530474 0.992756 -0.0241769 -0.510474 0.992756 -0.0241764 -0.535398 0.998937 -0.024176 -0.567562 0.998181 -0.0241751 0.539481 1.00578 -0.0241744 0.556782 0.998982 -0.0241729 -0.473382 0.902906 -0.0241729 -0.473382 1.09709 -0.0241729 -0.454766 0.902906 -0.0241729 -0.454766 1.09709 -0.0241729 0.479002 0.902906 -0.0241729 0.479002 1.09709 -0.0241729 0.497618 0.902906 -0.0241729 0.497618 1.09709 -0.0241716 -0.530402 0.999051 -0.0241707 0.589568 0.998252 -0.0241698 0.551786 0.999096 -0.0241676 -0.562566 0.998295 -0.0241673 -0.525405 0.999165 -0.0241672 0.552353 1.00545 -0.0241658 0.54679 0.99921 -0.0241636 -0.520409 0.999279 -0.0241627 0.584572 0.998366 -0.0241623 0.541794 0.999324 -0.0241618 -0.530253 1.00543 -0.0241605 -0.515413 0.999393 -0.0241598 -0.55757 0.998409 -0.0241593 0.536797 0.999438 -0.0241578 -0.510417 0.999507 -0.0241569 0.531801 0.999552 -0.0241558 -0.505421 0.999621 -0.0241552 0.579575 0.99848 -0.0241551 0.526805 0.999666 -0.0241542 -0.500425 0.999735 -0.0241539 -0.519775 0.992833 -0.0241539 0.544011 0.992833 -0.0241538 0.521809 0.999781 -0.0241537 -0.50479 0.993199 -0.0241536 -0.518144 1.00569 -0.0241532 -0.495428 0.999849 -0.024153 0.516813 0.999895 -0.0241528 -0.490432 0.999963 -0.0241525 -0.552574 0.998523 -0.0241482 0.574579 0.998594 -0.0241482 0.544477 1.00567 -0.0241479 0.527021 0.99322 -0.0241476 -0.517777 0.992854 -0.0241476 0.542013 0.992854 -0.0241457 -0.547578 0.998637 -0.0241418 0.55735 1.00534 -0.0241418 0.569583 0.998708 -0.0241395 -0.542581 0.998751 -0.0241365 -0.535249 1.00532 -0.0241359 0.564587 0.998822 -0.0241338 -0.537585 0.998865 -0.0241306 0.559591 0.998936 -0.0241287 -0.532589 0.998979 -0.0241271 -0.523141 1.00558 -0.0241258 0.554595 0.99905 -0.0241241 -0.527593 0.999093 -0.0241221 -0.499793 0.993311 -0.0241218 0.549473 1.00556 -0.0241216 0.549598 0.999164 -0.0241205 -0.514779 0.992945 -0.0241205 0.539015 0.992945 -0.0241201 -0.522597 0.999208 -0.0241178 0.544602 0.999278 -0.024117 0.562346 1.00523 -0.0241166 -0.5176 0.999322 -0.0241164 0.522024 0.993332 -0.0241147 0.539606 0.999393 -0.0241143 -0.512781 0.992966 -0.0241143 0.537017 0.992966 -0.0241136 -0.512604 0.999436 -0.0241121 0.53461 0.999507 -0.0241117 -0.540246 1.0052 -0.0241112 -0.507608 0.99955 -0.02411 0.529614 0.999621 -0.0241093 -0.502612 0.999664 -0.0241085 0.524618 0.999735 -0.024108 -0.497616 0.999779 -0.0241075 0.519621 0.99985 -0.0241072 -0.49262 0.999893 -0.024107 0.514625 0.999964 -0.0241011 -0.528137 1.00547 -0.0240959 0.55447 1.00544 -0.0240926 0.567342 1.00511 -0.024091 -0.494797 0.993424 -0.0240876 -0.509783 0.993058 -0.0240876 0.534019 0.993058 -0.0240875 -0.545242 1.00509 -0.0240854 0.517028 0.993444 -0.0240816 -0.507785 0.993079 -0.0240816 0.532021 0.993079 -0.0240757 -0.533133 1.00535 -0.0240706 0.559466 1.00533 -0.0240688 0.572339 1.005 -0.0240638 -0.550238 1.00498 -0.0240605 -0.489801 0.993536 -0.0240553 -0.504786 0.993171 -0.0240553 0.529022 0.993171 -0.0240507 -0.53813 1.00524 -0.0240494 -0.502788 0.993192 -0.0240494 0.527024 0.993192 -0.0240474 -0.490217 1.00641 -0.0240457 0.564462 1.00522 -0.0240455 0.577335 1.00489 -0.0240406 -0.555235 1.00486 -0.0240263 -0.543126 1.00513 -0.0240236 -0.49979 0.993284 -0.0240236 0.524026 0.993284 -0.0240231 0.517444 1.00632 -0.0240227 0.582331 1.00477 -0.0240214 0.569458 1.0051 -0.0240179 -0.560231 1.00475 -0.0240177 -0.497792 0.993305 -0.0240177 0.522028 0.993305 -0.0240176 -0.495213 1.0063 -0.0240024 -0.548122 1.00501 -0.0240004 0.587327 1.00466 -0.0239976 0.574455 1.00499 -0.0239958 -0.565227 1.00464 -0.0239937 0.522441 1.00621 -0.0239924 -0.494794 0.993397 -0.0239924 0.519029 0.993397 -0.0239884 -0.50021 1.00619 -0.0239866 -0.492796 0.993418 -0.0239866 0.517032 0.993418 -0.0239791 -0.553118 1.0049 -0.0239787 0.592324 1.00455 -0.0239743 0.579451 1.00488 -0.0239741 -0.570223 1.00452 -0.0239649 0.527437 1.0061 -0.0239617 -0.489797 0.99351 -0.0239617 0.514033 0.99351 -0.0239596 -0.505206 1.00608 -0.0239575 0.59732 1.00443 -0.0239564 -0.573216 1.00647 -0.0239564 -0.570215 1.00647 -0.0239564 -0.568216 1.00647 -0.0239564 -0.565214 1.00647 -0.0239564 -0.563216 1.00647 -0.0239564 -0.560214 1.00647 -0.0239564 -0.558216 1.00647 -0.0239564 -0.555214 1.00647 -0.0239564 -0.553216 1.00647 -0.0239564 -0.550214 1.00647 -0.0239564 -0.548216 1.00647 -0.0239564 -0.545214 1.00647 -0.0239564 -0.543216 1.00647 -0.0239564 -0.540214 1.00647 -0.0239564 -0.538216 1.00647 -0.0239564 -0.535214 1.00647 -0.0239564 -0.533216 1.00647 -0.0239564 -0.530214 1.00647 -0.0239564 -0.528216 1.00647 -0.0239564 -0.525214 1.00647 -0.0239564 -0.523216 1.00647 -0.0239564 -0.520214 1.00647 -0.0239564 -0.518216 1.00647 -0.0239564 -0.513216 1.00647 -0.0239564 0.537452 1.00647 -0.0239564 0.542452 1.00647 -0.0239564 0.54445 1.00647 -0.0239564 0.547452 1.00647 -0.0239564 0.54945 1.00647 -0.0239564 0.552452 1.00647 -0.0239564 0.55445 1.00647 -0.0239564 0.557452 1.00647 -0.0239564 0.55945 1.00647 -0.0239564 0.562452 1.00647 -0.0239564 0.56445 1.00647 -0.0239564 0.567452 1.00647 -0.0239564 0.56945 1.00647 -0.0239564 0.572452 1.00647 -0.0239564 0.57445 1.00647 -0.0239564 0.577452 1.00647 -0.0239564 0.57945 1.00647 -0.0239564 0.582452 1.00647 -0.0239564 0.58445 1.00647 -0.0239564 0.587452 1.00647 -0.0239564 0.58945 1.00647 -0.0239564 0.592452 1.00647 -0.0239564 0.59445 1.00647 -0.0239564 0.597452 1.00647 -0.0239564 -0.515215 1.00647 -0.0239564 -0.510215 1.00647 -0.0239564 -0.508216 1.00647 -0.0239564 -0.505215 1.00647 -0.0239564 -0.503216 1.00647 -0.0239564 -0.500214 1.00647 -0.0239564 -0.498216 1.00647 -0.0239564 0.522452 1.00647 -0.0239564 0.52445 1.00647 -0.0239564 0.527452 1.00647 -0.0239564 0.52945 1.00647 -0.0239564 0.532452 1.00647 -0.0239564 0.53445 1.00647 -0.0239564 0.53945 1.00647 -0.0239564 -0.573382 0.993529 -0.0239564 -0.573382 1.00647 -0.0239564 -0.495214 1.00647 -0.0239564 -0.494798 0.993529 -0.0239564 -0.493216 1.00647 -0.0239564 -0.492799 0.993529 -0.0239564 -0.473382 0.993529 -0.0239564 -0.473382 1.00647 -0.0239564 0.497618 0.993529 -0.0239564 0.497618 1.00647 -0.0239564 0.517035 0.993529 -0.0239564 0.517452 1.00647 -0.0239564 0.519034 0.993529 -0.0239564 0.51945 1.00647 -0.0239564 0.597618 0.993529 -0.0239564 0.597618 1.00647 -0.0239564 -0.514798 0.99353 -0.0239564 -0.512799 0.99353 -0.0239564 -0.509798 0.99353 -0.0239564 -0.507799 0.99353 -0.0239564 -0.504798 0.99353 -0.0239564 -0.502799 0.99353 -0.0239564 -0.499798 0.99353 -0.0239564 -0.497799 0.99353 -0.0239564 0.522035 0.99353 -0.0239564 0.524034 0.99353 -0.0239564 0.527035 0.99353 -0.0239564 0.529034 0.99353 -0.0239564 0.532035 0.99353 -0.0239564 0.534034 0.99353 -0.0239564 0.537035 0.99353 -0.0239564 0.539034 0.99353 -0.0239563 -0.572799 0.99353 -0.0239563 -0.569798 0.99353 -0.0239563 -0.567799 0.99353 -0.0239563 -0.564798 0.99353 -0.0239563 -0.562799 0.99353 -0.0239563 -0.559798 0.99353 -0.0239563 -0.557799 0.99353 -0.0239563 -0.554798 0.99353 -0.0239563 -0.552799 0.99353 -0.0239563 -0.549798 0.99353 -0.0239563 -0.547799 0.99353 -0.0239563 -0.544798 0.99353 -0.0239563 -0.542799 0.99353 -0.0239563 -0.539798 0.99353 -0.0239563 -0.537799 0.99353 -0.0239563 -0.534798 0.99353 -0.0239563 -0.532799 0.99353 -0.0239563 -0.529798 0.99353 -0.0239563 -0.527799 0.99353 -0.0239563 -0.524798 0.99353 -0.0239563 -0.522799 0.99353 -0.0239563 -0.519798 0.99353 -0.0239563 -0.517799 0.99353 -0.0239563 0.542035 0.99353 -0.0239563 0.544034 0.99353 -0.0239563 0.547035 0.99353 -0.0239563 0.549034 0.99353 -0.0239563 0.552035 0.99353 -0.0239563 0.554034 0.99353 -0.0239563 0.557035 0.99353 -0.0239563 0.559034 0.99353 -0.0239563 0.562035 0.99353 -0.0239563 0.564034 0.99353 -0.0239563 0.567035 0.99353 -0.0239563 0.569034 0.99353 -0.0239563 0.572035 0.99353 -0.0239563 0.574034 0.99353 -0.0239563 0.577035 0.99353 -0.0239563 0.579034 0.99353 -0.0239563 0.582035 0.99353 -0.0239563 0.584034 0.99353 -0.0239563 0.587035 0.99353 -0.0239563 0.589034 0.99353 -0.0239563 0.592035 0.99353 -0.0239563 0.594034 0.99353 -0.0239563 0.597035 0.99353 -0.0239562 -0.558115 1.00479 -0.023954 0.596966 0.998044 -0.0239516 0.584447 1.00476 -0.0239485 -0.490214 1.00644 -0.0239485 0.514449 1.00644 -0.0239475 -0.570157 0.998125 -0.023945 0.591969 0.998159 -0.0239389 -0.565161 0.99824 -0.0239365 0.532434 1.00598 -0.0239365 0.586973 0.998274 -0.0239339 -0.563111 1.00467 -0.0239313 -0.510202 1.00596 -0.0239308 -0.560165 0.998355 -0.0239294 0.589444 1.00465 -0.0239285 0.581977 0.998389 -0.0239241 -0.493212 1.00635 -0.0239241 0.517448 1.00635 -0.0239232 -0.555168 0.99847 -0.0239211 0.576981 0.998504 -0.0239186 -0.49521 1.00633 -0.0239186 0.519446 1.00633 -0.0239162 -0.550172 0.998585 -0.0239143 0.571985 0.998619 -0.0239121 -0.568107 1.00456 -0.0239098 -0.545176 0.9987 -0.0239087 0.53743 1.00587 -0.023908 0.566988 0.998734 -0.0239077 0.59444 1.00454 -0.0239039 -0.54018 0.998816 -0.0239036 -0.515199 1.00585 -0.0239022 0.561992 0.998849 -0.0239007 -0.57276 0.998039 -0.0238985 -0.535184 0.998931 -0.023897 0.556996 0.998964 -0.0238946 -0.498208 1.00624 -0.0238946 0.522444 1.00624 -0.023894 0.594362 0.998122 -0.0238937 -0.530187 0.999046 -0.0238924 0.552 0.999079 -0.0238916 -0.567764 0.998154 -0.0238909 -0.573103 1.00444 -0.0238894 -0.525191 0.999161 -0.0238892 -0.500206 1.00621 -0.0238892 0.524442 1.00621 -0.0238883 0.547004 0.999195 -0.0238857 -0.520195 0.999277 -0.0238854 0.589366 0.998237 -0.0238847 0.542008 0.99931 -0.0238831 -0.562768 0.998269 -0.0238825 -0.515199 0.999392 -0.0238817 0.537011 0.999425 -0.0238814 0.542426 1.00576 -0.0238799 -0.510203 0.999507 -0.0238792 0.532015 0.999541 -0.0238778 -0.505207 0.999623 -0.0238773 0.527019 0.999656 -0.0238773 0.58437 0.998352 -0.0238764 -0.520195 1.00574 -0.0238763 -0.50021 0.999738 -0.023876 0.522023 0.999772 -0.0238753 -0.495214 0.999853 -0.0238752 0.517027 0.999887 -0.0238751 -0.557772 0.998384 -0.0238749 -0.490218 0.999969 -0.0238697 0.579374 0.998468 -0.0238677 -0.552775 0.998499 -0.0238657 -0.503205 1.00612 -0.0238657 0.527441 1.00612 -0.0238627 0.574378 0.998583 -0.0238609 -0.547779 0.998615 -0.0238603 -0.505203 1.0061 -0.0238603 0.529439 1.0061 -0.0238562 0.569381 0.998698 -0.0238546 0.547423 1.00564 -0.0238545 -0.542783 0.99873 -0.0238503 0.564385 0.998814 -0.0238497 -0.525191 1.00562 -0.0238488 -0.537787 0.998846 -0.0238449 0.559389 0.998929 -0.0238436 -0.532791 0.998961 -0.0238401 0.554393 0.999045 -0.0238389 -0.527795 0.999077 -0.0238372 -0.508201 1.00601 -0.0238372 0.532437 1.00601 -0.0238358 0.549397 0.99916 -0.0238348 -0.522798 0.999192 -0.0238321 0.544401 0.999276 -0.023832 -0.510199 1.00599 -0.023832 0.534435 1.00599 -0.0238312 -0.517802 0.999308 -0.0238289 0.539404 0.999391 -0.0238284 0.552419 1.00553 -0.0238282 -0.512806 0.999423 -0.0238263 0.534408 0.999507 -0.0238257 -0.50781 0.999539 -0.0238243 0.529412 0.999623 -0.0238238 -0.502814 0.999655 -0.0238235 -0.530188 1.00551 -0.0238227 0.524416 0.999738 -0.0238224 -0.497818 0.99977 -0.0238218 0.51942 0.999854 -0.0238216 -0.492821 0.999886 -0.0238213 0.514424 0.99997 -0.02382 -0.400426 0.753435 -0.02382 -0.400426 1.24656 -0.0238093 -0.513197 1.00589 -0.0238093 0.537433 1.00589 -0.0238041 -0.515195 1.00587 -0.0238041 0.539431 1.00587 -0.0238027 0.557415 1.00541 -0.0237979 -0.535184 1.00539 -0.0237819 -0.518194 1.00578 -0.0237819 0.54243 1.00578 -0.0237774 0.562411 1.0053 -0.0237768 -0.520192 1.00576 -0.0237768 0.544428 1.00576 -0.0237728 -0.54018 1.00528 -0.0237608 -0.530474 1.00569 -0.0237608 -0.510474 1.00569 -0.023755 -0.52319 1.00567 -0.023755 0.547426 1.00567 -0.0237528 0.567408 1.00519 -0.02375 -0.525188 1.00564 -0.02375 0.549424 1.00564 -0.0237482 -0.545177 1.00516 -0.0237286 -0.528186 1.00555 -0.0237286 0.552422 1.00555 -0.0237286 0.572404 1.00507 -0.0237241 -0.550173 1.00505 -0.0237237 -0.530184 1.00553 -0.0237237 0.55442 1.00553 -0.023705 0.5774 1.00496 -0.0237028 -0.533183 1.00544 -0.0237028 0.557419 1.00544 -0.0237006 -0.555169 1.00493 -0.023698 -0.535181 1.00541 -0.023698 0.559416 1.00541 -0.0236819 0.582397 1.00484 -0.0236776 -0.560165 1.00482 -0.0236775 -0.538179 1.00532 -0.0236775 0.562415 1.00532 -0.0236761 -0.639921 0.969182 -0.0236727 -0.540177 1.0053 -0.0236727 0.564413 1.0053 -0.0236705 -0.530474 1.01741 -0.0236705 -0.510474 1.01741 -0.0236593 0.587393 1.00473 -0.0236551 -0.565162 1.0047 -0.0236527 -0.543175 1.00521 -0.0236527 0.567411 1.00521 -0.023648 -0.545173 1.00518 -0.023648 0.569409 1.00518 -0.0236373 0.592389 1.00461 -0.0236345 0.597109 0.998014 -0.0236332 -0.570158 1.00459 -0.0236284 -0.548172 1.00509 -0.0236284 0.572408 1.00509 -0.0236273 -0.570013 0.998105 -0.0236253 0.592113 0.99813 -0.0236239 -0.550169 1.00507 -0.0236239 0.574405 1.00507 -0.0236185 -0.565017 0.998221 -0.0236167 0.587117 0.998247 -0.0236158 0.597385 1.00449 -0.0236104 -0.560021 0.998338 -0.0236086 0.582121 0.998363 -0.0236047 -0.553168 1.00498 -0.0236047 0.577404 1.00498 -0.0236027 -0.555024 0.998454 -0.0236011 0.577125 0.99848 -0.0236003 -0.555166 1.00495 -0.0236003 0.579402 1.00495 -0.0235956 -0.550028 0.998571 -0.0235942 0.572129 0.998596 -0.0235891 -0.545032 0.998687 -0.0235878 0.567132 0.998713 -0.0235832 -0.540036 0.998804 -0.0235819 0.562136 0.99883 -0.0235815 -0.558164 1.00486 -0.0235815 0.5824 1.00486 -0.0235777 -0.53504 0.998921 -0.0235772 -0.560162 1.00484 -0.0235772 0.584398 1.00484 -0.0235766 0.55714 0.998946 -0.0235729 -0.530043 0.999037 -0.0235719 0.552144 0.999063 -0.0235686 -0.525047 0.999154 -0.0235677 0.547148 0.99918 -0.0235671 -0.572893 0.998008 -0.0235648 -0.520051 0.999271 -0.0235641 0.542152 0.999297 -0.0235616 -0.515055 0.999388 -0.023561 0.537155 0.999414 -0.0235598 0.594229 0.9981 -0.023559 -0.510059 0.999505 -0.0235589 -0.56316 1.00474 -0.0235589 0.587396 1.00474 -0.0235585 0.532159 0.999531 -0.0235579 -0.567897 0.998125 -0.0235569 -0.505063 0.999622 -0.0235565 0.527163 0.999648 -0.0235554 -0.500067 0.999739 -0.0235551 0.522167 0.999765 -0.0235546 -0.565158 1.00472 -0.0235546 0.589394 1.00472 -0.0235544 -0.49507 0.999856 -0.0235543 0.517171 0.999881 -0.023554 -0.490074 0.999972 -0.023551 0.589233 0.998217 -0.0235492 -0.562901 0.998241 -0.0235428 0.584237 0.998333 -0.0235411 -0.557905 0.998358 -0.0235367 -0.568157 1.00463 -0.0235367 0.592393 1.00463 -0.0235352 0.579241 0.99845 -0.0235336 -0.552908 0.998475 -0.0235326 -0.570154 1.00461 -0.0235326 0.59439 1.00461 -0.0235281 0.574245 0.998567 -0.0235266 -0.547912 0.998592 -0.0235215 0.569248 0.998684 -0.0235202 -0.542916 0.998709 -0.0235155 0.564252 0.998801 -0.0235152 -0.573153 1.00451 -0.0235152 0.597389 1.00451 -0.0235143 -0.53792 0.998826 -0.0235101 0.559256 0.998918 -0.023509 -0.532924 0.998943 -0.0235052 0.55426 0.999035 -0.0235043 -0.527927 0.99906 -0.0235009 0.549264 0.999152 -0.0235001 -0.522931 0.999177 -0.0234972 0.544268 0.99927 -0.0234964 -0.517935 0.999294 -0.023494 0.539271 0.999387 -0.0234934 -0.512939 0.999412 -0.0234913 0.534275 0.999504 -0.0234908 -0.507943 0.999529 -0.0234892 0.529279 0.999621 -0.0234889 -0.502947 0.999646 -0.0234877 0.524283 0.999738 -0.0234875 -0.49795 0.999763 -0.0234868 0.519287 0.999856 -0.0234866 -0.492954 0.999881 -0.0234863 0.514291 0.999973 -0.0234843 0.536644 0.995659 -0.0234843 0.536644 1.00434 -0.0234843 0.556644 0.995659 -0.0234843 0.556644 1.00434 -0.023415 0.536644 0.982958 -0.023415 0.556644 0.982958 -0.0232886 0.597175 0.997984 -0.0232826 -0.530474 0.997022 -0.0232826 -0.510474 0.997022 -0.023281 -0.569947 0.998079 -0.0232793 0.592179 0.998102 -0.0232722 -0.564951 0.998197 -0.0232705 0.587183 0.99822 -0.0232639 -0.559955 0.998315 -0.0232623 0.582186 0.998339 -0.0232562 -0.554959 0.998434 -0.0232547 0.57719 0.998457 -0.023249 -0.549963 0.998552 -0.0232476 0.572194 0.998575 -0.0232424 -0.544967 0.99867 -0.0232411 0.567198 0.998693 -0.0232363 -0.53997 0.998788 -0.0232352 0.562202 0.998812 -0.0232308 -0.534974 0.998907 -0.0232298 0.557206 0.99893 -0.0232259 -0.529978 0.999025 -0.023225 0.552209 0.999049 -0.0232216 -0.524982 0.999144 -0.0232208 0.547213 0.999167 -0.0232178 -0.519986 0.999262 -0.0232171 0.542217 0.999286 -0.0232145 -0.51499 0.999381 -0.023214 0.537221 0.999404 -0.0232119 -0.509993 0.999499 -0.0232114 0.532225 0.999523 -0.0232098 -0.504997 0.999618 -0.0232094 0.527229 0.999641 -0.0232082 -0.500001 0.999736 -0.023208 0.522232 0.99976 -0.0232073 -0.495005 0.999855 -0.0232071 0.517236 0.999878 -0.0232068 -0.490009 0.999973 -0.0231866 -0.572942 0.997976 -0.0231866 0.597178 0.997976 -0.023179 -0.569944 0.998071 -0.023179 0.59418 0.998071 -0.0231772 -0.567946 0.998095 -0.0231772 0.592182 0.998095 -0.0231701 -0.564948 0.99819 -0.0231701 0.589184 0.99819 -0.0231684 -0.56295 0.998213 -0.0231684 0.587186 0.998213 -0.0231618 -0.559952 0.998308 -0.0231618 0.584188 0.998308 -0.0231602 -0.557954 0.998332 -0.0231602 0.58219 0.998332 -0.023154 -0.554955 0.998427 -0.023154 0.579191 0.998427 -0.0231526 -0.552958 0.998451 -0.0231526 0.577194 0.998451 -0.0231468 -0.549959 0.998546 -0.0231468 0.574195 0.998546 -0.0231455 -0.547962 0.998569 -0.0231455 0.572198 0.998569 -0.0231425 -0.530474 1.00138 -0.0231425 -0.510474 1.00138 -0.0231402 -0.544963 0.998665 -0.0231402 0.569199 0.998665 -0.0231389 -0.542965 0.998688 -0.0231389 0.567201 0.998688 -0.0231341 -0.539967 0.998783 -0.0231341 0.564203 0.998783 -0.023133 -0.537969 0.998807 -0.023133 0.562205 0.998807 -0.0231286 -0.534971 0.998902 -0.0231286 0.559207 0.998902 -0.0231276 -0.532973 0.998926 -0.0231276 0.557209 0.998926 -0.0231237 -0.529975 0.999021 -0.0231237 0.554211 0.999021 -0.0231228 -0.527977 0.999045 -0.0231228 0.552213 0.999045 -0.0231193 -0.524978 0.99914 -0.0231193 0.549214 0.99914 -0.0231185 -0.522981 0.999164 -0.0231185 0.547217 0.999164 -0.0231155 -0.519982 0.999259 -0.0231155 0.544218 0.999259 -0.0231148 -0.517985 0.999283 -0.0231148 0.542221 0.999283 -0.0231122 -0.514986 0.999378 -0.0231122 0.539222 0.999378 -0.0231117 -0.512988 0.999402 -0.0231117 0.537224 0.999402 -0.0231096 -0.50999 0.999497 -0.0231096 0.534226 0.999497 -0.0231091 -0.507992 0.999521 -0.0231091 0.532228 0.999521 -0.0231074 -0.504994 0.999616 -0.0231074 0.52923 0.999616 -0.0231071 -0.502996 0.99964 -0.0231071 0.527232 0.99964 -0.0231059 -0.499998 0.999735 -0.0231059 0.524234 0.999735 -0.0231057 -0.498 0.999759 -0.0231057 0.522236 0.999759 -0.0231049 -0.495001 0.999854 -0.0231049 0.519237 0.999854 -0.0231048 -0.493004 0.999878 -0.0231048 0.51724 0.999878 -0.0231045 -0.490005 0.999973 -0.0231045 0.514241 0.999973 -0.0231045 -0.573382 1 -0.0231045 -0.573008 1 -0.0231045 -0.570006 1 -0.0231045 -0.568008 1 -0.0231045 -0.565006 1 -0.0231045 -0.563008 1 -0.0231045 -0.560006 1 -0.0231045 -0.558008 1 -0.0231045 -0.555006 1 -0.0231045 -0.553008 1 -0.0231045 -0.550006 1 -0.0231045 -0.548008 1 -0.0231045 -0.545006 1 -0.0231045 -0.543008 1 -0.0231045 -0.540006 1 -0.0231045 -0.538008 1 -0.0231045 -0.535006 1 -0.0231045 -0.533008 1 -0.0231045 -0.530006 1 -0.0231045 -0.528008 1 -0.0231045 -0.525006 1 -0.0231045 -0.523008 1 -0.0231045 -0.520006 1 -0.0231045 -0.518008 1 -0.0231045 -0.515006 1 -0.0231045 -0.513008 1 -0.0231045 -0.510006 1 -0.0231045 -0.508008 1 -0.0231045 -0.505006 1 -0.0231045 -0.503008 1 -0.0231045 -0.500006 1 -0.0231045 -0.498008 1 -0.0231045 -0.495006 1 -0.0231045 -0.493008 1 -0.0231045 -0.473382 1 -0.0231045 0.497618 1 -0.0231045 0.517244 1 -0.0231045 0.519242 1 -0.0231045 0.522244 1 -0.0231045 0.524242 1 -0.0231045 0.527244 1 -0.0231045 0.529242 1 -0.0231045 0.532244 1 -0.0231045 0.534242 1 -0.0231045 0.536644 1 -0.0231045 0.537244 1 -0.0231045 0.539242 1 -0.0231045 0.542244 1 -0.0231045 0.544242 1 -0.0231045 0.547244 1 -0.0231045 0.549242 1 -0.0231045 0.552244 1 -0.0231045 0.554242 1 -0.0231045 0.556644 1 -0.0231045 0.557244 1 -0.0231045 0.559242 1 -0.0231045 0.562244 1 -0.0231045 0.564242 1 -0.0231045 0.567244 1 -0.0231045 0.569242 1 -0.0231045 0.572244 1 -0.0231045 0.574242 1 -0.0231045 0.577244 1 -0.0231045 0.579242 1 -0.0231045 0.582244 1 -0.0231045 0.584242 1 -0.0231045 0.587244 1 -0.0231045 0.589242 1 -0.0231045 0.592244 1 -0.0231045 0.594242 1 -0.0231045 0.597244 1 -0.0231045 0.597618 1 -0.0227243 -0.638127 0.967726 -0.0225279 0.472401 0.871418 -0.0225279 0.472401 1.12858 -0.0221237 0.536644 1.015 -0.0221237 0.556644 1.015 -0.0219041 -0.530474 0.985387 -0.0219041 -0.510474 0.985387 -0.0218075 0.411543 0.733002 -0.0218075 0.411543 1.267 -0.0217163 -0.635467 0.966183 -0.0213672 -0.384205 0.728532 -0.0213672 -0.384205 1.27147 -0.0212749 -0.446524 0.865119 -0.0212749 -0.446524 1.13488 -0.0211947 -0.530474 1.01326 -0.0211947 -0.510474 1.01326 -0.021001 0.536644 0.987139 -0.021001 0.556644 0.987139 -0.0209933 -0.632514 0.965076 -0.0205801 -0.629368 0.964443 -0.0204822 -0.626872 0.964294 -0.0204822 -0.513997 0.964294 -0.020054 0.536644 1.01064 -0.020054 0.556644 1.01064 -0.0198993 -0.530474 0.989779 -0.0198993 -0.510474 0.989779 -0.0194478 0.393869 0.709044 -0.0194478 0.393869 1.29096 -0.0194159 -0.530474 1.00877 -0.0194159 -0.510474 1.00877 -0.019289 0.536644 0.991654 -0.019289 0.556644 0.991654 -0.019076 -0.454766 0.904306 -0.019076 -0.454766 1.09569 -0.019076 0.479002 0.904306 -0.019076 0.479002 1.09569 -0.0190029 -0.365998 0.704526 -0.0190029 -0.365998 1.29547 -0.0187108 0.536644 1.006 -0.0187108 0.556644 1.006 -0.018625 -0.530474 0.994436 -0.018625 -0.510474 0.994436 -0.0183801 -0.530474 1.00406 -0.0183801 -0.510474 1.00406 -0.0183232 0.536644 0.996384 -0.0183232 0.556644 0.996384 -0.0181288 0.536644 1.00121 -0.0181288 0.556644 1.00121 -0.0181142 -0.530474 0.999237 -0.0181142 -0.510474 0.999237 -0.0172862 0.375231 0.687097 -0.0172862 0.375231 1.3129 -0.016739 -0.345867 0.681541 -0.016739 -0.345867 1.31846 -0.016739 0.370103 0.681541 -0.016739 0.370103 1.31846 -0.0166847 0.463873 0.842042 -0.0166847 0.463873 1.15796 -0.0166382 -0.453197 0.89627 -0.0166382 -0.453197 1.10373 -0.0155746 -0.437756 0.836461 -0.0155746 -0.437756 1.16354 -0.0146554 -0.345867 0.681753 -0.0146554 -0.345867 1.31825 -0.0146554 0.370103 0.681753 -0.0146554 0.370103 1.31825 -0.0111043 0.45351 0.813987 -0.0111043 0.45351 1.18601 -0.0101002 -0.427161 0.80894 -0.0101002 -0.427161 1.19106 -0.0100479 0.472401 0.874544 -0.0100479 0.472401 1.12546 -0.00983616 -0.454766 0.907612 -0.00983616 -0.454766 1.09239 -0.00983616 0.479002 0.907612 -0.00983616 0.479002 1.09239 -0.0081834 -0.446524 0.868398 -0.0081834 -0.446524 1.1316 -0.00662239 -0.453197 0.899853 -0.00662239 -0.453197 1.10015 -0.00576834 0.441337 0.787162 -0.00576834 0.441337 1.21284 -0.0048364 -0.414728 0.782477 -0.0048364 -0.414728 1.21752 -0.00163218 -0.473382 0.911454 -0.00163218 -0.473382 1.08855 -0.00163218 0.497618 0.911454 -0.00163218 0.497618 1.08855 -0.00135341 0.463873 0.845882 -0.00135341 0.463873 1.15412 -0.000964824 -0.454766 0.911808 -0.000964824 -0.454766 1.08819 -0.000964824 0.479002 0.911808 -0.000964824 0.479002 1.08819 -0.000659879 0.427354 0.76148 -0.000659879 0.427354 1.23852 0.000230651 -0.400426 0.757003 0.000230651 -0.400426 1.243 0.000298403 -0.437756 0.840437 0.000298403 -0.437756 1.15956 0.00206572 0.472401 0.878878 0.00206572 0.472401 1.12112 0.00299396 -0.453197 0.904402 0.00299396 -0.453197 1.0956 0.00423618 0.411543 0.736866 0.00423618 0.411543 1.26313 0.00452363 -0.446524 0.872944 0.00452363 -0.446524 1.12706 0.00511251 -0.384205 0.73246 0.00511251 -0.384205 1.26754 0.00694996 0.45351 0.81851 0.00694996 0.45351 1.18149 0.00745253 -0.454766 0.916853 0.00745253 -0.454766 1.08315 0.00745253 0.479002 0.916853 0.00745253 0.479002 1.08315 0.00844393 -0.427161 0.813585 0.00844393 -0.427161 1.18642 0.00893289 0.393869 0.713254 0.00893289 0.393869 1.28675 0.00981845 -0.365998 0.708802 0.00981845 -0.365998 1.2912 0.0121182 -0.453197 0.90987 0.0121182 -0.453197 1.09013 0.0132353 0.375231 0.691624 0.0132353 0.375231 1.30838 0.0135276 0.463873 0.851207 0.0135276 0.463873 1.14879 0.0136961 0.472401 0.884379 0.0136961 0.472401 1.11562 0.0143244 -0.345867 0.686149 0.0143244 -0.345867 1.31385 0.0143244 0.370103 0.686149 0.0143244 0.370103 1.31385 0.0148896 0.441337 0.792336 0.0148896 0.441337 1.20766 0.0153348 -0.454766 0.922699 0.0153348 -0.454766 1.0773 0.0153348 0.479002 0.922699 0.0153348 0.479002 1.0773 0.0157052 -0.437756 0.84595 0.0157052 -0.437756 1.15405 0.0162763 -0.414728 0.787765 0.0162763 -0.414728 1.21223 0.0167238 -0.446524 0.878715 0.0167238 -0.446524 1.12129 0.0182078 -0.473382 0.925149 0.0182078 -0.473382 1.07485 0.0182078 -0.454766 0.925149 0.0182078 -0.454766 1.07485 0.0182078 0.479002 0.925149 0.0182078 0.479002 1.07485 0.0182078 0.497618 0.925149 0.0182078 0.497618 1.07485 0.0206625 -0.453197 0.916207 0.0206625 -0.453197 1.08379 0.0224907 0.427354 0.767279 0.0224907 0.427354 1.23272 0.0226062 -0.454766 0.929289 0.0226062 -0.454766 1.07071 0.0226062 0.479002 0.929289 0.0226062 0.479002 1.07071 0.0238158 -0.400426 0.762911 0.0238158 -0.400426 1.23709 0.024474 0.45351 0.82478 0.024474 0.45351 1.17522 0.0247314 0.472401 0.890993 0.0247314 0.472401 1.10901 0.0264435 -0.427161 0.820025 0.0264435 -0.427161 1.17997 0.0278152 0.463873 0.857964 0.0278152 0.463873 1.14204 0.0282997 -0.446524 0.885653 0.0282997 -0.446524 1.11435 0.0285445 -0.453197 0.923351 0.0285445 -0.453197 1.07665 0.0291965 -0.454766 0.936561 0.0291965 -0.454766 1.06344 0.0291965 0.479002 0.936561 0.0291965 0.479002 1.06344 0.0293105 -0.345867 0.689505 0.0293105 -0.345867 1.31049 0.0293105 0.370103 0.689505 0.0293105 0.370103 1.31049 0.0297758 0.411543 0.743263 0.0297758 0.411543 1.25674 0.0304975 -0.437756 0.852946 0.0304975 -0.437756 1.14705 0.0310798 -0.384205 0.738964 0.0310798 -0.384205 1.26104 0.0341939 -0.473382 0.943194 0.0341939 -0.473382 1.05681 0.0341939 -0.454766 0.943194 0.0341939 -0.454766 1.05681 0.0341939 0.479002 0.943194 0.0341939 0.479002 1.05681 0.0341939 0.497618 0.943194 0.0341939 0.497618 1.05681 0.0349409 0.441337 0.799511 0.0349409 0.441337 1.20049 0.0350425 -0.454766 0.944443 0.0350425 -0.454766 1.05556 0.0350425 0.479002 0.944443 0.0350425 0.479002 1.05556 0.0350652 0.472401 0.898658 0.0350652 0.472401 1.10134 0.0356883 -0.453197 0.931233 0.0356883 -0.453197 1.06877 0.0367643 0.393869 0.720225 0.0367643 0.393869 1.27977 0.0367689 -0.414728 0.795097 0.0367689 -0.414728 1.2049 0.038082 -0.365998 0.715881 0.038082 -0.365998 1.28412 0.0391398 -0.446524 0.893693 0.0391398 -0.446524 1.10631 0.0400876 -0.454766 0.95286 0.0400876 -0.454766 1.04714 0.0400876 0.479002 0.95286 0.0400876 0.479002 1.04714 0.0412991 0.45351 0.832738 0.0412991 0.45351 1.16726 0.0413715 0.463873 0.86609 0.0413715 0.463873 1.13391 0.0420251 -0.453197 0.939777 0.0420251 -0.453197 1.06022 0.043166 0.375231 0.699121 0.043166 0.375231 1.30088 0.0437252 -0.427161 0.828199 0.0437252 -0.427161 1.1718 0.0442835 -0.454766 0.961732 0.0442835 -0.454766 1.03827 0.0442835 0.479002 0.961732 0.0442835 0.479002 1.03827 0.0445329 -0.437756 0.861358 0.0445329 -0.437756 1.13864 0.044598 0.472401 0.907297 0.044598 0.472401 1.0927 0.0447866 -0.345867 0.693779 0.0447866 -0.345867 1.30622 0.0447866 0.370103 0.693779 0.0447866 0.370103 1.30622 0.0449615 0.427354 0.775319 0.0449615 0.427354 1.22468 0.0453971 -0.473382 0.96454 0.0453971 -0.473382 1.03546 0.0453971 -0.454766 0.96454 0.0453971 -0.454766 1.03546 0.0453971 0.479002 0.96454 0.0453971 0.479002 1.03546 0.0453971 0.497618 0.96454 0.0453971 0.497618 1.03546 0.0467083 -0.400426 0.771102 0.0467083 -0.400426 1.2289 0.047494 -0.453197 0.948902 0.047494 -0.453197 1.0511 0.0475895 -0.454766 0.970972 0.0475895 -0.454766 1.02903 0.0475895 0.479002 0.970972 0.0475895 0.479002 1.02903 0.0491396 -0.446524 0.902756 0.0491396 -0.446524 1.09724 0.049974 -0.454766 0.980491 0.049974 -0.454766 1.01951 0.049974 0.479002 0.980491 0.049974 0.479002 1.01951 0.0511664 -0.473382 0.987946 0.0511664 -0.473382 1.01205 0.0511664 -0.454766 0.987946 0.0511664 -0.454766 1.01205 0.0511664 0.479002 0.987946 0.0511664 0.479002 1.01205 0.0511664 0.497618 0.987946 0.0511664 0.497618 1.01205 0.051414 -0.454766 0.990198 0.051414 -0.454766 1.0098 0.051414 0.479002 0.990198 0.051414 0.479002 1.0098 0.0518955 -0.454766 1 0.0518955 0.479002 1 0.0520422 -0.453197 0.958518 0.0520422 -0.453197 1.04148 0.053238 0.472401 0.91683 0.053238 0.472401 1.08317 0.0540662 0.463873 0.875505 0.0540662 0.463873 1.1245 0.0541924 0.441337 0.808616 0.0541924 0.441337 1.19138 0.0545654 0.411543 0.752133 0.0545654 0.411543 1.24787 0.0556259 -0.453197 0.968534 0.0556259 -0.453197 1.03147 0.0562844 -0.384205 0.747983 0.0562844 -0.384205 1.25202 0.0564442 -0.414728 0.804403 0.0564442 -0.414728 1.1956 0.0572632 0.45351 0.842306 0.0572632 0.45351 1.15769 0.0576761 -0.437756 0.871106 0.0576761 -0.437756 1.12889 0.0582029 -0.446524 0.912756 0.0582029 -0.446524 1.08724 0.0582107 -0.453197 0.978853 0.0582107 -0.453197 1.02115 0.0597715 -0.453197 0.989375 0.0597715 -0.453197 1.01062 0.0601224 -0.427161 0.838027 0.0601224 -0.427161 1.16197 0.0602935 -0.453197 1 0.0609021 0.472401 0.927164 0.0609021 0.472401 1.07284 0.0637784 0.393869 0.729891 0.0637784 0.393869 1.27011 0.0655155 -0.365998 0.725697 0.0655155 -0.365998 1.2743 0.0657769 0.463873 0.886119 0.0657769 0.463873 1.11388 0.0662425 -0.446524 0.923596 0.0662425 -0.446524 1.0764 0.0665359 0.427354 0.785523 0.0665359 0.427354 1.21448 0.0675163 0.472401 0.938199 0.0675163 0.472401 1.0618 0.0686877 -0.400426 0.781497 0.0686877 -0.400426 1.2185 0.0698005 -0.437756 0.882095 0.0698005 -0.437756 1.11791 0.0717696 -0.345867 0.703301 0.0717696 -0.345867 1.2967 0.0717696 0.370103 0.703301 0.0717696 0.370103 1.2967 0.0722125 0.45351 0.853393 0.0722125 0.45351 1.14661 0.0722178 0.375231 0.709516 0.0722178 0.375231 1.29048 0.0724587 0.441337 0.819564 0.0724587 0.441337 1.18044 0.0730171 0.472401 0.94983 0.0730171 0.472401 1.05017 0.0731808 -0.446524 0.935172 0.0731808 -0.446524 1.06483 0.0743542 -0.345867 0.704359 0.0743542 -0.345867 1.29564 0.0743542 0.370103 0.704359 0.0743542 0.370103 1.29564 0.0751126 -0.414728 0.815593 0.0751126 -0.414728 1.18441 0.0754774 -0.427161 0.849415 0.0754774 -0.427161 1.15059 0.0763908 0.463873 0.897829 0.0763908 0.463873 1.10217 0.0773514 0.472401 0.961943 0.0773514 0.472401 1.03806 0.0783663 0.411543 0.76339 0.0783663 0.411543 1.23661 0.0789511 -0.446524 0.947372 0.0789511 -0.446524 1.05263 0.0804775 0.472401 0.974423 0.0804775 0.472401 1.02558 0.0804838 -0.384205 0.759428 0.0804838 -0.384205 1.24057 0.0807895 -0.437756 0.894219 0.0807895 -0.437756 1.10578 0.0823653 0.472401 0.98715 0.0823653 0.472401 1.01285 0.0829966 0.472401 1 0.0834977 -0.446524 0.960079 0.0834977 -0.446524 1.03992 0.0858058 0.463873 0.910524 0.0858058 0.463873 1.08948 0.0860031 0.45351 0.865892 0.0860031 0.45351 1.13411 0.086777 -0.446524 0.97317 0.086777 -0.446524 1.02683 0.0870063 0.427354 0.797792 0.0870063 0.427354 1.20221 0.0887572 -0.446524 0.98652 0.0887572 -0.446524 1.01348 0.0894195 -0.446524 1 0.0895424 -0.400426 0.793997 0.0895424 -0.400426 1.206 0.0895639 0.441337 0.832251 0.0895639 0.441337 1.16775 0.0896423 -0.427161 0.862253 0.0896423 -0.427161 1.13775 0.0897149 0.393869 0.742158 0.0897149 0.393869 1.25784 0.0905371 -0.437756 0.907363 0.0905371 -0.437756 1.09264 0.0918547 -0.365998 0.738155 0.0918547 -0.365998 1.26185 0.0925944 -0.414728 0.828558 0.0925944 -0.414728 1.17144 0.0939312 0.463873 0.92408 0.0939312 0.463873 1.07592 0.0985022 0.45351 0.879683 0.0985022 0.45351 1.12032 0.0989496 -0.437756 0.921398 0.0989496 -0.437756 1.0786 0.100111 0.375231 0.722709 0.100111 0.375231 1.27729 0.100689 0.463873 0.938368 0.100689 0.463873 1.06163 0.100949 0.411543 0.776925 0.100949 0.411543 1.22307 0.102481 -0.427161 0.876418 0.102481 -0.427161 1.12358 0.102742 -0.345867 0.717785 0.102742 -0.345867 1.28221 0.102742 0.370103 0.717785 0.102742 0.370103 1.28221 0.103445 -0.384205 0.773191 0.103445 -0.384205 1.22681 0.105343 0.441337 0.846552 0.105343 0.441337 1.15345 0.105946 -0.437756 0.93619 0.105946 -0.437756 1.06381 0.106013 0.463873 0.953249 0.106013 0.463873 1.04675 0.106176 0.427354 0.812009 0.106176 0.427354 1.18799 0.108721 -0.414728 0.843174 0.108721 -0.414728 1.15683 0.109071 -0.400426 0.808481 0.109071 -0.400426 1.19152 0.109589 0.45351 0.894632 0.109589 0.45351 1.10537 0.109853 0.463873 0.96858 0.109853 0.463873 1.03142 0.111458 -0.437756 0.951597 0.111458 -0.437756 1.0484 0.111896 -0.345867 0.722872 0.111896 -0.345867 1.27713 0.111896 0.370103 0.722872 0.111896 0.370103 1.27713 0.112173 0.463873 0.984214 0.112173 0.463873 1.01579 0.112948 0.463873 1 0.113869 -0.427161 0.891773 0.113869 -0.427161 1.10823 0.114324 0.393869 0.756908 0.114324 0.393869 1.24309 0.115434 -0.437756 0.96747 0.115434 -0.437756 1.03253 0.116846 -0.365998 0.753134 0.116846 -0.365998 1.24687 0.117835 -0.437756 0.983656 0.117835 -0.437756 1.01634 0.118638 -0.437756 1 0.119158 0.45351 0.910596 0.119158 0.45351 1.0894 0.119645 0.441337 0.862332 0.119645 0.441337 1.13767 0.122097 0.411543 0.792609 0.122097 0.411543 1.20739 0.123338 -0.414728 0.859301 0.123338 -0.414728 1.1407 0.123697 -0.427161 0.90817 0.123697 -0.427161 1.09183 0.123859 0.427354 0.828037 0.123859 0.427354 1.17196 0.124946 -0.384205 0.789137 0.124946 -0.384205 1.21086 0.126576 0.375231 0.738572 0.126576 0.375231 1.26143 0.127087 -0.400426 0.824809 0.127087 -0.400426 1.17519 0.127116 0.45351 0.927421 0.127116 0.45351 1.07258 0.129678 -0.345867 0.73393 0.129678 -0.345867 1.26607 0.129678 0.370103 0.73393 0.129678 0.370103 1.26607 0.13187 -0.427161 0.925452 0.13187 -0.427161 1.07455 0.132331 0.441337 0.879437 0.132331 0.441337 1.12056 0.133386 0.45351 0.944946 0.133386 0.45351 1.05505 0.136303 -0.414728 0.876783 0.136303 -0.414728 1.12322 0.137369 0.393869 0.774 0.137369 0.393869 1.226 0.137908 0.45351 0.963 0.137908 0.45351 1.037 0.138311 -0.427161 0.943452 0.138311 -0.427161 1.05655 0.139886 0.427354 0.84572 0.139886 0.427354 1.15428 0.140249 -0.365998 0.770491 0.140249 -0.365998 1.22951 0.140639 0.45351 0.98141 0.140639 0.45351 1.01859 0.141552 0.45351 1 0.141605 0.411543 0.810291 0.141605 0.411543 1.18971 0.142956 -0.427161 0.961996 0.142956 -0.427161 1.038 0.143279 0.441337 0.897703 0.143279 0.441337 1.1023 0.143415 -0.400426 0.842824 0.143415 -0.400426 1.15718 0.144781 -0.384205 0.807114 0.144781 -0.384205 1.19289 0.145761 -0.427161 0.980906 0.145761 -0.427161 1.01909 0.146699 -0.427161 1 0.147492 -0.414728 0.895451 0.147492 -0.414728 1.10455 0.148907 -0.345867 0.747837 0.148907 -0.345867 1.25216 0.148907 0.370103 0.747837 0.148907 0.370103 1.25216 0.15136 0.375231 0.756952 0.15136 0.375231 1.24305 0.152385 0.441337 0.916955 0.152385 0.441337 1.08305 0.154103 0.427354 0.864889 0.154103 0.427354 1.13511 0.154901 -0.345867 0.752637 0.154901 -0.345867 1.24736 0.154901 0.370103 0.752637 0.154901 0.370103 1.24736 0.156798 -0.414728 0.915127 0.156798 -0.414728 1.08487 0.157899 -0.400426 0.862353 0.157899 -0.400426 1.13765 0.158628 0.393869 0.793267 0.158628 0.393869 1.20673 0.159286 0.411543 0.829799 0.159286 0.411543 1.1702 0.159559 0.441337 0.937006 0.159559 0.441337 1.06299 0.161838 -0.365998 0.790058 0.161838 -0.365998 1.20994 0.162758 -0.384205 0.826949 0.162758 -0.384205 1.17305 0.16413 -0.414728 0.935619 0.16413 -0.414728 1.06438 0.164734 0.441337 0.957664 0.164734 0.441337 1.04234 0.166373 0.427354 0.88536 0.166373 0.427354 1.11464 0.167859 0.441337 0.978729 0.167859 0.441337 1.02127 0.168903 0.441337 1 0.169419 -0.414728 0.956732 0.169419 -0.414728 1.04327 0.170398 -0.400426 0.883208 0.170398 -0.400426 1.11679 0.172613 -0.414728 0.978261 0.172613 -0.414728 1.02174 0.17368 -0.414728 1 0.174222 0.375231 0.777673 0.174222 0.375231 1.22233 0.17497 0.411543 0.850946 0.17497 0.411543 1.14905 0.176577 0.427354 0.906934 0.176577 0.427354 1.09307 0.177896 0.393869 0.814526 0.177896 0.393869 1.18547 0.17817 -0.345867 0.773726 0.17817 -0.345867 1.22627 0.17817 0.370103 0.773726 0.17817 0.370103 1.22627 0.178705 -0.384205 0.848451 0.178705 -0.384205 1.15155 0.180794 -0.400426 0.905187 0.180794 -0.400426 1.09481 0.181405 -0.365998 0.811647 0.181405 -0.365998 1.18835 0.182084 -0.345867 0.777709 0.182084 -0.345867 1.22229 0.182084 0.370103 0.777709 0.182084 0.370103 1.22229 0.184617 0.427354 0.929405 0.184617 0.427354 1.0706 0.188506 0.411543 0.873529 0.188506 0.411543 1.12647 0.188985 -0.400426 0.92808 0.188985 -0.400426 1.07192 0.190416 0.427354 0.952555 0.190416 0.427354 1.04744 0.192467 -0.384205 0.871412 0.192467 -0.384205 1.12859 0.193918 0.427354 0.976163 0.193918 0.427354 1.02384 0.194893 -0.400426 0.951665 0.194893 -0.400426 1.04834 0.194943 0.375231 0.800536 0.194943 0.375231 1.19946 0.194987 0.393869 0.837571 0.194987 0.393869 1.16243 0.195089 0.427354 1 0.19846 -0.400426 0.975716 0.19846 -0.400426 1.02428 0.198762 -0.365998 0.835049 0.198762 -0.365998 1.16495 0.199259 -0.345867 0.796994 0.199259 -0.345867 1.20301 0.199259 0.370103 0.796994 0.199259 0.370103 1.20301 0.199653 -0.400426 1 0.199763 0.411543 0.89733 0.199763 0.411543 1.10267 0.203913 -0.384205 0.895611 0.203913 -0.384205 1.10439 0.208633 0.411543 0.92212 0.208633 0.411543 1.07788 0.209738 0.393869 0.862181 0.209738 0.393869 1.13782 0.210781 -0.345867 0.811909 0.210781 -0.345867 1.18809 0.210781 0.370103 0.811909 0.210781 0.370103 1.18809 0.212931 -0.384205 0.920816 0.212931 -0.384205 1.07918 0.213324 0.375231 0.825319 0.213324 0.375231 1.17468 0.213741 -0.365998 0.860041 0.213741 -0.365998 1.13996 0.21503 0.411543 0.947659 0.21503 0.411543 1.05234 0.217966 -0.345867 0.822218 0.217966 -0.345867 1.17778 0.217966 0.370103 0.822218 0.217966 0.370103 1.17778 0.218893 0.411543 0.973703 0.218893 0.411543 1.0263 0.219435 -0.384205 0.946783 0.219435 -0.384205 1.05322 0.220185 0.411543 1 0.222005 0.393869 0.888117 0.222005 0.393869 1.11188 0.223363 -0.384205 0.973263 0.223363 -0.384205 1.02674 0.224677 -0.384205 1 0.226198 -0.365998 0.88638 0.226198 -0.365998 1.11362 0.229187 0.375231 0.851785 0.229187 0.375231 1.14822 0.23167 0.393869 0.915131 0.23167 0.393869 1.08487 0.23411 -0.345867 0.849153 0.23411 -0.345867 1.15085 0.23411 0.370103 0.849153 0.23411 0.370103 1.15085 0.234439 -0.345867 0.849769 0.234439 -0.345867 1.15023 0.234439 0.370103 0.849769 0.234439 0.370103 1.15023 0.236014 -0.365998 0.913814 0.236014 -0.365998 1.08619 0.238642 0.393869 0.942963 0.238642 0.393869 1.05704 0.242379 0.375231 0.879678 0.242379 0.375231 1.12032 0.242852 0.393869 0.971343 0.242852 0.393869 1.02866 0.243094 -0.365998 0.942077 0.243094 -0.365998 1.05792 0.24426 0.393869 1 0.247369 -0.365998 0.970898 0.247369 -0.365998 1.0291 0.247537 -0.345867 0.877541 0.247537 -0.345867 1.12246 0.247537 0.370103 0.877541 0.247537 0.370103 1.12246 0.248799 -0.365998 1 0.252597 -0.345867 0.890554 0.252597 -0.345867 1.10945 0.252597 0.370103 0.890554 0.252597 0.370103 1.10945 0.252774 0.375231 0.908729 0.252774 0.375231 1.09127 0.258116 -0.345867 0.907109 0.258116 -0.345867 1.09289 0.258116 0.370103 0.907109 0.258116 0.370103 1.09289 0.260271 0.375231 0.93866 0.260271 0.375231 1.06134 0.264799 0.375231 0.969182 0.264799 0.375231 1.03082 0.264903 -0.345867 0.933468 0.264903 -0.345867 1.06653 0.264903 0.370103 0.933468 0.264903 0.370103 1.06653 0.265747 -0.345867 0.937571 0.265747 -0.345867 1.06243 0.265747 0.370103 0.937571 0.265747 0.370103 1.06243 0.266313 0.375231 1 0.270355 -0.345867 0.968634 0.270355 -0.345867 1.03137 0.270355 0.370103 0.968634 0.270355 0.370103 1.03137 0.271116 -0.345867 0.977678 0.271116 -0.345867 1.02232 0.271116 0.370103 0.977678 0.271116 0.370103 1.02232 0.271895 -0.345867 1 0.271895 0.370103 1 </float_array>
                    <technique_common>
                        <accessor count="16260" offset="0" source="#Mesh-1-positions-array" stride="3">
                            <param name="X" type="float" />
                            <param name="Y" type="float" />
                            <param name="Z" type="float" />
                        </accessor>
                    </technique_common>
                </source>
                <vertices id="Mesh-1-vertices">
                    <input semantic="POSITION" source="#Mesh-1-positions" />
                </vertices>
                <triangles count="32524" material="buoy_material_symbol">
                    <input offset="0" semantic="VERTEX" source="#Mesh-1-vertices" />
                    <p>7435 7438 6502 8860 8863 9062 8860 9061 8219 8219 9061 8215 8219 8215 7434 7434 8215 7298 7522 7435 6501 6501 7521 7522 7522 7521 8218 7522 8218 8826 8826 8218 8825 8826 8825 8861 8861 8825 9857 7435 6502 6501 6501 6502 5767 6501 5767 5766 5766 5767 4830 5766 4830 4829 4829 4830 3639 4829 3639 3638 3638 3639 1984 3638 1984 1983 1983 1984 692 1983 692 691 691 692 673 691 673 672 672 673 657 672 657 656 656 657 649 656 649 648 648 649 655 648 655 654 654 655 669 654 669 668 668 669 683 668 683 682 682 683 880 682 880 879 879 880 2848 879 2848 2847 2847 2848 3928 2847 3928 3927 3927 3928 5021 3927 5021 5020 5020 5021 6232 5020 6232 6231 6231 6232 7299 6231 7299 7298 7298 7299 7437 7298 7437 7434 8860 9062 9061 9061 9062 10134 9061 10134 10133 10133 10134 11330 10133 11330 11329 11329 11330 12389 11329 12389 12388 12388 12389 13438 12388 13438 13437 13437 13438 15379 13437 15379 15378 15378 15379 15575 15378 15575 15574 15574 15575 15589 15574 15589 15588 15588 15589 15603 15588 15603 15602 15602 15603 15605 15602 15605 15604 15604 15605 15597 15604 15597 15596 15596 15597 15581 15596 15581 15580 15580 15581 15562 15580 15562 15561 15561 15562 14298 15561 14298 14297 14297 14298 12669 14297 12669 12668 12668 12669 11511 12668 11511 11510 11510 11511 10576 11510 10576 10575 10575 10576 9858 10575 9858 9857 9857 9858 8864 9857 8864 8861 8221 8216 8945 8945 8216 8943 8945 8943 10123 10123 8943 10121 10123 10121 10877 10877 10121 10875 10877 10875 11524 11524 10875 11523 11524 11523 12554 12554 11523 12552 12554 12552 13519 13519 12552 13517 13519 13517 14458 14458 13517 14456 14458 14456 15376 15376 14456 15374 15376 15374 15539 15539 15374 15530 15539 15530 15377 15377 15530 15375 15377 15375 14459 14459 15375 14457 14459 14457 13520 13520 14457 13518 13520 13518 12555 12555 13518 12553 12555 12553 11522 11522 12553 11521 11522 11521 10878 10878 11521 10876 10878 10876 10124 10124 10876 10122 10124 10122 8946 8946 10122 8944 8946 8944 8222 8222 8944 8217 8222 8217 7421 7421 8217 7419 7421 7419 6239 6239 7419 6237 6239 6237 5485 5485 6237 5483 5485 5483 4814 4814 5483 4812 4814 4812 3757 3757 4812 3755 3757 3755 2762 2762 3755 2753 2762 2753 1820 1820 2753 1818 1820 1818 884 884 1818 882 884 882 750 750 882 741 750 741 883 883 741 881 883 881 1819 1819 881 1817 1819 1817 2825 2825 1817 2816 2825 2816 3756 3756 2816 3754 3756 3754 4813 4813 3754 4811 4813 4811 5484 5484 4811 5482 5484 5482 6238 6238 5482 6236 6238 6236 7420 7420 6236 7418 7420 7418 8221 8221 7418 8216 6239 6502 7421 7421 6502 7438 7421 7438 8222 8222 7438 8223 8222 8223 8946 8221 7437 7420 7420 7437 7299 7420 7299 6238 6238 7299 6232 6238 6232 5484 5484 6232 5021 5484 5021 4813 4813 5021 3928 4813 3928 3756 3756 3928 2848 3756 2848 2825 8945 8863 8221 8221 8863 8220 8221 8220 7437 2848 880 2825 2825 880 683 2825 683 1819 1819 683 669 1819 669 883 883 669 655 883 655 750 750 655 649 750 649 884 884 649 657 884 657 1820 1820 657 673 1820 673 2762 2762 673 692 2762 692 3757 3757 692 1984 3757 1984 4814 4814 1984 3639 4814 3639 5485 5485 3639 4830 5485 4830 6239 6239 4830 5767 6239 5767 6502 8223 8864 8946 8946 8864 9858 8946 9858 10124 10124 9858 10576 10124 10576 10878 10878 10576 11511 10878 11511 11522 11522 11511 12669 11522 12669 12555 12555 12669 14298 12555 14298 13520 13520 14298 15562 13520 15562 14459 14459 15562 15581 14459 15581 15377 15377 15581 15597 15377 15597 15539 15539 15597 15605 15539 15605 15376 15376 15605 15603 15376 15603 14458 14458 15603 15589 14458 15589 13519 15589 15575 13519 13519 15575 15379 13519 15379 12554 12554 15379 13438 12554 13438 11524 11524 13438 12389 11524 12389 10877 10877 12389 11330 10877 11330 10123 10123 11330 10134 10123 10134 8945 8945 10134 9062 8945 9062 8863 8217 7521 7419 7419 7521 6501 7419 6501 6237 6237 6501 5766 6237 5766 5483 5483 5766 4829 5483 4829 4812 4812 4829 3638 4812 3638 3755 3755 3638 1983 3755 1983 2753 2753 1983 691 2753 691 1818 1818 691 672 1818 672 882 882 672 656 882 656 741 741 656 648 741 648 881 881 648 654 881 654 1817 8944 8825 8217 8217 8825 8218 8217 8218 7521 654 668 1817 1817 668 682 1817 682 2816 2816 682 879 2816 879 3754 3754 879 2847 3754 2847 4811 4811 2847 3927 4811 3927 5482 5482 3927 5020 5482 5020 6236 6236 5020 6231 6236 6231 7418 7418 6231 7298 7418 7298 8216 8216 7298 8215 8216 8215 8943 8943 8215 9061 8943 9061 10121 10121 9061 10133 10121 10133 10875 10875 10133 11329 10875 11329 11523 11523 11329 12388 11523 12388 12552 12388 13437 12552 12552 13437 15378 12552 15378 13517 13517 15378 15574 13517 15574 14456 14456 15574 15588 14456 15588 15374 15374 15588 15602 15374 15602 15530 15530 15602 15604 15530 15604 15375 15375 15604 15596 15375 15596 14457 14457 15596 15580 14457 15580 13518 13518 15580 15561 13518 15561 12553 12553 15561 14297 12553 14297 11521 11521 14297 12668 11521 12668 10876 10876 12668 11510 10876 11510 10122 10122 11510 10575 10122 10575 8944 8944 10575 9857 8944 9857 8825 7442 7436 8868 8868 7436 8862 7436 7435 7522 7436 7522 8862 8862 7522 8826 8862 8826 8861 7442 7441 7436 7436 7441 7438 7436 7438 7435 8867 8868 8864 8864 8868 8862 8864 8862 8861 8865 8866 8859 8859 8866 8863 8859 8863 8860 7440 7439 7437 7437 7439 7433 7437 7433 7434 7434 7433 8219 8219 7433 8859 8219 8859 8860 7433 7439 8859 8859 7439 8865 8867 8864 8600 8600 8864 8223 8600 8223 7745 7745 8223 7438 7745 7438 7441 7487 7478 8904 8904 8913 7487 7487 8913 8915 7487 8915 7489 7489 8915 8918 7489 8918 7492 7492 8918 8919 7492 8919 7493 7493 8919 8921 7493 8921 7495 8922 8921 8916 8916 8911 8910 8906 8902 8923 8878 8868 8867 8923 8902 8920 8914 8917 8892 8889 8893 8921 8867 8872 8878 8878 8872 8874 8878 8874 8885 8885 8904 8897 8902 8900 8920 8920 8900 8898 8920 8898 8917 8917 8898 8894 8917 8894 8892 8921 8919 8885 8885 8919 8918 8889 8921 8886 8893 8895 8921 8921 8895 8899 8921 8899 8901 8929 8926 8916 8916 8926 8924 8916 8924 8922 8892 8888 8914 8914 8888 8887 8914 8887 8912 8918 8915 8885 8885 8915 8913 8885 8913 8904 8901 8905 8921 8921 8905 8907 8921 8907 8916 8916 8907 8909 8916 8909 8911 8906 8923 8908 8908 8923 8925 8908 8925 8910 8910 8925 8927 8910 8927 8916 8916 8927 8928 8916 8928 8929 8897 8891 8885 8885 8891 8883 8885 8883 8878 8886 8921 8880 8880 8921 8885 8880 8885 8871 8871 8885 8874 8871 8874 8869 8887 8884 8912 8912 8884 8881 8912 8881 8903 8903 8881 8879 8903 8879 8876 7587 7473 7506 7506 7473 7475 7506 7475 7507 7507 7475 7479 7507 7479 7508 7508 7479 7481 7508 7481 7509 7509 7481 7483 7509 7483 7525 7525 7483 7485 7525 8091 7509 7509 8091 8319 7509 8319 7508 7508 8319 8318 7508 8318 7507 7507 8318 8317 7507 8317 7506 7506 8317 8316 7506 8316 7587 7587 8316 8291 8091 8776 8319 8319 8776 8795 8319 8795 8318 8318 8795 8794 8318 8794 8317 8317 8794 8793 8317 8793 8316 8316 8793 8792 8316 8792 8291 8291 8792 8824 8899 8824 8901 8901 8824 8792 8901 8792 8905 8905 8792 8793 8905 8793 8907 8907 8793 8794 8907 8794 8909 8909 8794 8795 8909 8795 8911 8911 8795 8776 7493 7495 7459 7446 7459 7448 7448 7459 7445 7448 7445 7443 7497 7494 7474 7495 7469 7467 7465 7471 7459 7459 7471 7478 7459 7478 7487 7441 7442 7446 7446 7442 7452 7446 7452 7459 7459 7452 7457 7459 7457 7465 7495 7496 7490 7490 7496 7498 7490 7498 7500 7479 7475 7495 7495 7475 7473 7495 7473 7469 7461 7462 7488 7474 7476 7497 7497 7476 7480 7497 7480 7499 7499 7480 7482 7499 7482 7501 7501 7482 7484 7501 7484 7490 7500 7503 7490 7490 7503 7502 7490 7502 7501 7484 7485 7490 7490 7485 7483 7490 7483 7495 7495 7483 7481 7495 7481 7479 7487 7489 7459 7459 7489 7492 7459 7492 7493 7488 7462 7491 7462 7466 7491 7491 7466 7468 7491 7468 7494 7494 7468 7472 7494 7472 7474 7467 7463 7495 7495 7463 7460 7495 7460 7459 7459 7460 7454 7459 7454 7445 7461 7488 7458 7458 7488 7486 7458 7486 7455 7455 7486 7453 7453 7486 7477 7453 7477 7450 7442 8868 8878 7442 8878 7452 7452 8878 8883 7452 8883 7457 7457 8883 8891 7457 8891 7465 7465 8891 8897 7465 8897 7471 7471 8897 8904 7471 8904 7478 8872 8867 8600 8874 8872 8602 8874 8602 8718 8718 8602 7747 8718 7747 7940 7446 7448 7747 7747 7448 7520 7747 7520 7940 8872 8600 8602 8602 8600 7745 8602 7745 7747 7747 7745 7441 7747 7441 7446 8836 8869 8874 8836 8874 8038 7448 7443 7520 7520 7443 7547 7520 7547 7940 7940 7547 8038 7940 8038 8718 8718 8038 8874 8824 8899 8842 8842 8899 8895 8842 8895 8841 8841 8895 8893 8841 8893 8840 8840 8893 8889 8840 8889 8839 8839 8889 8886 8839 8886 8838 8838 8886 8880 8838 8880 8837 8837 8880 8871 8837 8871 8836 8836 8871 8869 8836 8038 8837 8837 8038 8039 8837 8039 8838 8838 8039 8040 8838 8040 8839 8839 8040 8041 8839 8041 8840 8840 8041 8042 8840 8042 8841 8841 8042 8043 8841 8043 8842 8842 8043 8044 8842 8044 8824 8824 8044 8291 8038 7547 8039 8039 7547 7548 8039 7548 8040 8040 7548 7549 8040 7549 8041 8041 7549 7550 8041 7550 8042 8042 7550 7551 8042 7551 8043 8043 7551 7552 8043 7552 8044 8044 7552 7553 8044 7553 8291 8291 7553 7587 7473 7587 7469 7469 7587 7553 7469 7553 7467 7467 7553 7552 7467 7552 7463 7463 7552 7551 7463 7551 7460 7460 7551 7550 7460 7550 7454 7454 7550 7549 7454 7549 7445 7445 7549 7548 7445 7548 7443 7443 7548 7547 7440 7437 7744 7744 7437 8220 7744 8220 8599 8599 8220 8863 8599 8863 8866 7495 8921 8922 7495 8922 7496 7496 8922 8924 7496 8924 7498 7498 8924 8926 7498 8926 7500 7500 8926 8929 7500 8929 7503 7503 8929 8928 7503 8928 7502 8912 8903 7477 7477 7486 8912 8912 7486 7488 8912 7488 8914 8914 7488 7491 8914 7491 8917 8917 7491 7494 8917 7494 8920 8920 7494 7497 8920 7497 8923 8923 7497 7499 8923 7499 8925 8925 7499 7501 8925 7501 8927 8927 7501 7502 8927 7502 8928 8605 8876 8843 8843 8876 8879 8843 8879 8844 8844 8879 8881 8844 8881 8845 8845 8881 8884 8845 8884 8846 8846 8884 8887 8846 8887 8847 8847 8887 8888 8847 8888 8848 8848 8888 8892 8848 8892 8849 8849 8892 8894 8849 8894 8850 8850 8894 8898 8850 8898 8851 8851 8898 8900 8851 8900 8852 8852 8900 8902 8852 8902 8853 8853 8902 8906 8853 8906 8854 8854 8906 8908 8854 8908 8855 8855 8908 8910 8855 8910 8776 8776 8910 8911 8091 7525 8058 8058 7525 7566 8058 7566 8057 8057 7566 7565 8057 7565 8056 8056 7565 7564 8056 7564 8055 8055 7564 7563 8055 7563 8054 8054 7563 7562 8054 7562 8053 8053 7562 7561 8053 7561 8052 8052 7561 7560 8052 7560 8051 8051 7560 7559 8051 7559 8050 8050 7559 7558 8050 7558 8049 8049 7558 7557 8049 7557 8048 8048 7557 7556 8048 7556 8047 8047 7556 7555 8047 7555 8046 8046 7555 7554 7453 7554 7455 7455 7554 7555 7455 7555 7458 7458 7555 7556 7458 7556 7461 7461 7556 7557 7461 7557 7462 7462 7557 7558 7462 7558 7466 7466 7558 7559 7466 7559 7468 7468 7559 7560 7468 7560 7472 7472 7560 7561 7472 7561 7474 7474 7561 7562 7474 7562 7476 7476 7562 7563 7476 7563 7480 7480 7563 7564 7480 7564 7482 7482 7564 7565 7482 7565 7484 7484 7565 7566 7484 7566 7485 7485 7566 7525 8776 8091 8855 8855 8091 8058 8855 8058 8854 8854 8058 8057 8854 8057 8853 8853 8057 8056 8853 8056 8852 8852 8056 8055 8852 8055 8851 8851 8055 8054 8851 8054 8850 8850 8054 8053 8850 8053 8849 8849 8053 8052 8849 8052 8848 8848 8052 8051 8848 8051 8847 8847 8051 8050 8847 8050 8846 8846 8050 8049 8846 8049 8845 8845 8049 8048 8845 8048 8844 8844 8048 8047 8844 8047 8843 8843 8047 8046 8843 8046 8605 8605 8046 7554 8605 7554 7750 7750 7554 7453 7750 7453 7450 8865 7439 7451 8865 7451 8877 8877 7451 7456 8877 7456 8882 8882 7456 7464 8882 7464 8890 8890 7464 7470 8890 7470 8896 8896 7470 7477 8896 7477 8903 7450 7477 7449 7449 7477 7470 7449 7470 7447 7439 7440 7451 7451 7440 7444 7451 7444 7456 7456 7444 7447 7456 7447 7464 7464 7447 7470 7440 7744 7444 7444 7744 7746 7444 7746 7447 7447 7746 7748 7447 7748 7449 7449 7748 7749 7449 7749 7450 7450 7749 7750 7744 8599 7746 7746 8599 8601 7746 8601 7748 7748 8601 8603 7748 8603 7749 7749 8603 8604 7749 8604 7750 7750 8604 8605 8599 8866 8601 8601 8866 8870 8601 8870 8603 8603 8870 8873 8603 8873 8604 8604 8873 8875 8604 8875 8605 8605 8875 8876 8870 8866 8865 8903 8876 8896 8896 8876 8875 8896 8875 8890 8890 8875 8873 8890 8873 8882 8882 8873 8870 8882 8870 8877 8877 8870 8865 427 437 395 453 469 417 547 559 543 1405 3728 3062 15751 15759 15783 15805 15815 15849 15827 15833 15863 15826 15820 15860 15804 15788 15838 15750 15734 15764 15706 15694 15712 14860 12581 13227 1404 662 638 506 498 476 426 420 392 426 392 436 442 436 394 416 468 452 468 416 482 498 482 446 536 518 494 542 558 546 558 542 586 608 586 574 662 626 622 3061 3727 1404 8167 6226 6125 10136 8167 8169 14860 13227 15590 15630 15590 15616 15670 15648 15660 15694 15670 15680 15734 15716 15732 15782 15758 15750 15788 15774 15812 15820 15814 15848 15862 15832 15826 15833 15836 15866 15827 15863 15821 15839 15789 15805 15789 15839 15775 15751 15783 15735 15717 15735 15765 15713 15695 15707 15695 15713 15671 15649 15671 15681 15591 15631 15637 13228 12582 14861 12582 13228 10137 8168 10137 10236 3728 6227 6126 1405 3062 663 609 627 623 587 609 599 547 543 537 519 537 523 477 499 507 499 477 483 469 483 447 437 443 407 393 421 427 421 393 418 436 392 394 394 392 324 394 324 328 328 324 254 328 254 258 258 254 192 258 192 200 200 192 146 200 146 150 150 146 102 150 102 113 113 102 62 113 62 71 71 62 34 71 34 41 482 416 446 446 416 345 446 345 361 361 345 281 361 281 299 299 281 223 299 223 243 243 223 177 243 177 189 189 177 129 189 129 148 148 129 91 148 91 117 117 91 59 117 59 81 536 494 522 522 494 396 522 396 440 440 396 339 440 339 371 371 339 291 371 291 317 317 291 245 317 245 275 275 245 196 275 196 235 235 196 165 235 165 194 194 165 127 194 127 167 586 542 574 574 542 486 574 486 524 524 486 398 524 398 466 466 398 353 466 353 390 390 353 305 390 305 355 355 305 273 355 273 321 321 273 239 321 239 285 285 239 207 285 207 256 608 574 598 598 574 524 598 524 552 552 524 466 552 466 514 514 466 390 514 390 472 472 390 355 472 355 402 402 355 321 402 321 373 373 321 285 373 285 341 341 285 256 341 256 311 662 622 638 638 622 594 638 594 624 624 594 556 624 556 602 602 556 528 602 528 580 580 528 490 580 490 554 554 490 448 554 448 534 534 448 404 534 404 512 512 404 383 512 383 488 1404 638 3061 3061 638 624 3061 624 684 684 624 602 684 602 636 636 602 580 636 580 632 632 580 554 632 554 618 618 554 534 618 534 604 604 534 512 604 512 592 592 512 488 592 488 576 8167 6125 8169 8169 6125 5092 8169 5092 8171 8171 5092 4721 8171 4721 8173 8173 4721 3758 8173 3758 8175 8175 3758 2677 8175 2677 8177 8177 2677 1026 8177 1026 8179 8179 1026 686 8179 686 8181 8181 686 660 8181 660 8183 10136 8169 10235 10235 8169 8171 10235 8171 11252 11252 8171 8173 11252 8173 11616 11616 8173 8175 11616 8175 12550 12550 8175 8177 12550 8177 13610 13610 8177 8179 13610 8179 15232 15232 8179 8181 15232 8181 15568 15568 8181 8183 15568 8183 15594 15590 13227 15616 15616 13227 15570 15616 15570 15634 15634 15570 15618 15634 15618 15656 15656 15618 15626 15656 15626 15674 15674 15626 15640 15674 15640 15700 15700 15640 15654 15700 15654 15720 15720 15654 15666 15720 15666 15746 15746 15666 15678 15746 15678 15770 15670 15660 15680 15680 15660 15702 15680 15702 15730 15730 15702 15744 15730 15744 15792 15792 15744 15786 15792 15786 15864 15864 15786 15852 15864 15852 15903 15903 15852 15881 15903 15881 15937 15937 15881 15917 15937 15917 15969 15969 15917 15947 15969 15947 16002 15734 15732 15764 15764 15732 15818 15764 15818 15858 15858 15818 15883 15858 15883 15919 15919 15883 15941 15919 15941 15963 15963 15941 15979 15963 15979 16013 16013 15979 16023 16013 16023 16058 16058 16023 16060 16058 16060 16093 16093 16060 16091 16093 16091 16127 15788 15812 15838 15838 15812 15897 15838 15897 15913 15913 15897 15955 15913 15955 15973 15973 15955 16015 15973 16015 16031 16031 16015 16065 16031 16065 16081 16081 16065 16106 16081 16106 16125 16125 16106 16141 16125 16141 16163 16163 16141 16177 16163 16177 16195 15820 15848 15860 15860 15848 15924 15860 15924 15930 15930 15924 15987 15930 15987 16000 16000 15987 16043 16000 16043 16054 16054 16043 16095 16054 16095 16104 16104 16095 16137 16104 16137 16145 16145 16137 16173 16145 16173 16187 16187 16173 16209 16187 16209 16217 15826 15860 15862 15862 15860 15930 15862 15930 15934 15934 15930 16000 15934 16000 16004 16004 16000 16054 16004 16054 16062 16062 16054 16104 16062 16104 16108 16108 16104 16145 16108 16145 16152 16152 16145 16187 16152 16187 16192 16192 16187 16217 16192 16217 16220 15833 15866 15863 15863 15866 15936 15863 15936 15935 15935 15936 16006 15935 16006 16005 16005 16006 16064 16005 16064 16063 16063 16064 16110 16063 16110 16109 16109 16110 16160 16109 16160 16153 16153 16160 16194 16153 16194 16193 16193 16194 16226 16193 16226 16221 15821 15863 15861 15861 15863 15935 15861 15935 15931 15931 15935 16005 15931 16005 16001 16001 16005 16063 16001 16063 16055 16055 16063 16109 16055 16109 16105 16105 16109 16153 16105 16153 16146 16146 16153 16193 16146 16193 16188 16188 16193 16221 16188 16221 16218 15805 15849 15839 15839 15849 15925 15839 15925 15914 15914 15925 15988 15914 15988 15974 15974 15988 16044 15974 16044 16032 16032 16044 16096 16032 16096 16082 16082 16096 16138 16082 16138 16126 16126 16138 16174 16126 16174 16164 16164 16174 16210 16164 16210 16196 15735 15783 15765 15765 15783 15876 15765 15876 15859 15859 15876 15946 15859 15946 15920 15920 15946 15997 15920 15997 15964 15964 15997 16038 15964 16038 16014 16014 16038 16084 16014 16084 16059 16059 16084 16124 16059 16124 16094 16094 16124 16155 16094 16155 16128 15671 15713 15681 15681 15713 15773 15681 15773 15731 15731 15773 15857 15731 15857 15793 15793 15857 15906 15793 15906 15865 15865 15906 15950 15865 15950 15904 15904 15950 15982 15904 15982 15938 15938 15982 16020 15938 16020 15970 15970 16020 16048 15970 16048 16003 15591 15637 15617 15617 15637 15665 15617 15665 15635 15635 15665 15699 15635 15699 15657 15657 15699 15727 15657 15727 15675 15675 15727 15769 15675 15769 15701 15701 15769 15811 15701 15811 15721 15721 15811 15851 15721 15851 15747 15747 15851 15872 15747 15872 15771 10137 13228 10236 10236 13228 15571 10236 15571 11253 11253 15571 15619 11253 15619 11617 11617 15619 15627 11617 15627 12551 12551 15627 15641 12551 15641 13611 13611 15641 15655 13611 15655 15233 15233 15655 15667 15233 15667 15569 15569 15667 15679 15569 15679 15595 8168 10236 8170 8170 10236 11253 8170 11253 8172 8172 11253 11617 8172 11617 8174 8174 11617 12551 8174 12551 8176 8176 12551 13611 8176 13611 8178 8178 13611 15233 8178 15233 8180 8180 15233 15569 8180 15569 8182 8182 15569 15595 8182 15595 8184 3728 6126 3062 3062 6126 5093 3062 5093 685 685 5093 4722 685 4722 637 637 4722 3759 637 3759 633 633 3759 2678 633 2678 619 619 2678 1027 619 1027 605 605 1027 687 605 687 593 593 687 661 593 661 577 663 3062 639 639 3062 685 639 685 625 625 685 637 625 637 603 603 637 633 603 633 581 581 633 619 581 619 555 555 619 605 555 605 535 535 605 593 535 593 513 513 593 577 513 577 489 609 623 599 599 623 595 599 595 553 553 595 557 553 557 515 515 557 529 515 529 473 473 529 491 473 491 403 403 491 449 403 449 374 374 449 405 374 405 342 342 405 384 342 384 312 587 599 575 575 599 553 575 553 525 525 553 515 525 515 467 467 515 473 467 473 391 391 473 403 391 403 356 356 403 374 356 374 322 322 374 342 322 342 286 286 342 312 286 312 257 537 543 523 523 543 487 523 487 441 441 487 399 441 399 372 372 399 354 372 354 318 318 354 306 318 306 276 276 306 274 276 274 236 236 274 240 236 240 195 195 240 208 195 208 168 483 477 447 447 477 380 447 380 362 362 380 314 362 314 300 300 314 263 300 263 244 244 263 218 244 218 190 190 218 176 190 176 149 149 176 132 149 132 118 118 132 101 118 101 82 437 407 395 395 407 335 395 335 329 329 335 268 329 268 259 259 268 212 259 212 201 201 212 164 201 164 151 151 164 122 151 122 114 114 122 86 114 86 72 72 86 50 72 50 42 0 34 29 29 34 62 29 62 61 61 62 102 61 102 95 95 102 146 95 146 145 145 146 192 145 192 191 191 192 254 191 254 253 253 254 324 253 324 323 323 324 392 323 392 389 389 392 420 389 420 418 0 2 34 34 2 6 34 6 41 41 6 11 41 11 19 442 394 406 406 394 328 406 328 334 334 328 258 334 258 267 267 258 200 267 200 211 211 200 150 211 150 163 163 150 113 163 113 121 121 113 71 121 71 85 85 71 41 85 41 49 49 41 19 49 19 23 23 59 49 49 59 91 49 91 85 85 91 129 85 129 121 121 129 177 121 177 163 163 177 223 163 223 211 211 223 281 211 281 267 267 281 345 267 345 334 334 345 416 334 416 406 406 416 452 406 452 442 23 30 59 59 30 37 59 37 81 81 37 51 81 51 64 498 446 476 476 446 361 476 361 379 379 361 299 379 299 313 313 299 243 313 243 262 262 243 189 262 189 217 217 189 148 217 148 175 175 148 117 175 117 131 131 117 81 131 81 100 100 81 64 100 64 75 75 127 100 100 127 165 100 165 131 131 165 196 131 196 175 175 196 245 175 245 217 217 245 291 217 291 262 262 291 339 262 339 313 313 339 396 313 396 379 379 396 494 379 494 476 476 494 518 476 518 506 75 96 127 127 96 104 127 104 167 167 104 133 167 133 157 157 207 167 167 207 239 167 239 194 194 239 273 194 273 235 235 273 305 235 305 275 275 305 353 275 353 317 317 353 398 317 398 371 371 398 486 371 486 440 440 486 542 440 542 522 522 542 546 522 546 536 157 179 207 207 179 225 207 225 256 256 225 229 256 229 311 311 229 287 311 287 307 307 383 311 311 383 404 311 404 341 341 404 448 341 448 373 373 448 490 373 490 402 402 490 528 402 528 472 472 528 556 472 556 514 514 556 594 514 594 552 552 594 622 552 622 598 598 622 626 598 626 608 307 357 383 383 357 432 383 432 488 488 432 460 488 460 576 576 460 564 576 564 582 582 660 576 576 660 686 576 686 592 592 686 1026 592 1026 604 604 1026 2677 604 2677 618 618 2677 3758 618 3758 632 632 3758 4721 632 4721 636 636 4721 5092 636 5092 684 684 5092 6125 684 6125 3061 3061 6125 6226 3061 6226 3727 582 642 660 660 642 5966 660 5966 8183 8183 5966 8185 8183 8185 15594 15594 8185 15610 15594 15610 15620 15620 15678 15594 15594 15678 15666 15594 15666 15568 15568 15666 15654 15568 15654 15232 15232 15654 15640 15232 15640 13610 13610 15640 15626 13610 15626 12550 12550 15626 15618 12550 15618 11616 11616 15618 15570 11616 15570 11252 11252 15570 13227 11252 13227 10235 10235 13227 12581 10235 12581 10136 15620 15688 15678 15678 15688 15738 15678 15738 15770 15770 15738 15796 15770 15796 15885 15630 15616 15636 15636 15616 15634 15636 15634 15664 15664 15634 15656 15664 15656 15698 15698 15656 15674 15698 15674 15726 15726 15674 15700 15726 15700 15768 15768 15700 15720 15768 15720 15810 15810 15720 15746 15810 15746 15850 15850 15746 15770 15850 15770 15871 15871 15770 15885 15871 15885 15899 15899 15947 15871 15871 15947 15917 15871 15917 15850 15850 15917 15881 15850 15881 15810 15810 15881 15852 15810 15852 15768 15768 15852 15786 15768 15786 15726 15726 15786 15744 15726 15744 15698 15698 15744 15702 15698 15702 15664 15664 15702 15660 15664 15660 15636 15636 15660 15648 15636 15648 15630 15899 15965 15947 15947 15965 15989 15947 15989 16002 16002 15989 16027 16002 16027 16067 15694 15680 15712 15712 15680 15730 15712 15730 15772 15772 15730 15792 15772 15792 15856 15856 15792 15864 15856 15864 15905 15905 15864 15903 15905 15903 15949 15949 15903 15937 15949 15937 15981 15981 15937 15969 15981 15969 16019 16019 15969 16002 16019 16002 16047 16047 16002 16067 16047 16067 16077 16077 16091 16047 16047 16091 16060 16047 16060 16019 16019 16060 16023 16019 16023 15981 15981 16023 15979 15981 15979 15949 15949 15979 15941 15949 15941 15905 15905 15941 15883 15905 15883 15856 15856 15883 15818 15856 15818 15772 15772 15818 15732 15772 15732 15712 15712 15732 15716 15712 15716 15706 16077 16119 16091 16091 16119 16129 16091 16129 16127 16127 16129 16156 16127 16156 16169 15750 15764 15782 15782 15764 15858 15782 15858 15875 15875 15858 15919 15875 15919 15945 15945 15919 15963 15945 15963 15996 15996 15963 16013 15996 16013 16037 16037 16013 16058 16037 16058 16083 16083 16058 16093 16083 16093 16123 16123 16093 16127 16123 16127 16154 16154 16127 16169 16154 16169 16181 16181 16177 16154 16154 16177 16141 16154 16141 16123 16123 16141 16106 16123 16106 16083 16083 16106 16065 16083 16065 16037 16037 16065 16015 16037 16015 15996 15996 16015 15955 15996 15955 15945 15945 15955 15897 15945 15897 15875 15875 15897 15812 15875 15812 15782 15782 15812 15774 15782 15774 15758 16181 16201 16177 16177 16201 16205 16177 16205 16195 16195 16205 16222 16195 16222 16227 16227 16209 16195 16195 16209 16173 16195 16173 16163 16163 16173 16137 16163 16137 16125 16125 16137 16095 16125 16095 16081 16081 16095 16043 16081 16043 16031 16031 16043 15987 16031 15987 15973 15973 15987 15924 15973 15924 15913 15913 15924 15848 15913 15848 15838 15838 15848 15814 15838 15814 15804 16227 16233 16209 16209 16233 16241 16209 16241 16217 16217 16241 16245 16217 16245 16220 16220 16245 16250 16220 16250 16254 16254 16226 16220 16220 16226 16194 16220 16194 16192 16192 16194 16160 16192 16160 16152 16152 16160 16110 16152 16110 16108 16108 16110 16064 16108 16064 16062 16062 16064 16006 16062 16006 16004 16004 16006 15936 16004 15936 15934 15934 15936 15866 15934 15866 15862 15862 15866 15836 15862 15836 15832 16254 16258 16226 16226 16258 16255 16226 16255 16221 16221 16255 16251 16221 16251 16218 16218 16251 16246 16218 16246 16242 16242 16210 16218 16218 16210 16174 16218 16174 16188 16188 16174 16138 16188 16138 16146 16146 16138 16096 16146 16096 16105 16105 16096 16044 16105 16044 16055 16055 16044 15988 16055 15988 16001 16001 15988 15925 16001 15925 15931 15931 15925 15849 15931 15849 15861 15861 15849 15815 15861 15815 15821 16242 16234 16210 16210 16234 16228 16210 16228 16196 16196 16228 16223 16196 16223 16206 15775 15839 15813 15813 15839 15914 15813 15914 15898 15898 15914 15974 15898 15974 15956 15956 15974 16032 15956 16032 16016 16016 16032 16082 16016 16082 16066 16066 16082 16126 16066 16126 16107 16107 16126 16164 16107 16164 16142 16142 16164 16196 16142 16196 16178 16178 16196 16206 16178 16206 16202 16202 16155 16178 16178 16155 16124 16178 16124 16142 16142 16124 16084 16142 16084 16107 16107 16084 16038 16107 16038 16066 16066 16038 15997 16066 15997 16016 16016 15997 15946 16016 15946 15956 15956 15946 15876 15956 15876 15898 15898 15876 15783 15898 15783 15813 15813 15783 15759 15813 15759 15775 16202 16182 16155 16155 16182 16170 16155 16170 16128 16128 16170 16157 16128 16157 16130 15717 15765 15733 15733 15765 15859 15733 15859 15819 15819 15859 15920 15819 15920 15884 15884 15920 15964 15884 15964 15942 15942 15964 16014 15942 16014 15980 15980 16014 16059 15980 16059 16024 16024 16059 16094 16024 16094 16061 16061 16094 16128 16061 16128 16092 16092 16128 16130 16092 16130 16120 16120 16048 16092 16092 16048 16020 16092 16020 16061 16061 16020 15982 16061 15982 16024 16024 15982 15950 16024 15950 15980 15980 15950 15906 15980 15906 15942 15942 15906 15857 15942 15857 15884 15884 15857 15773 15884 15773 15819 15819 15773 15713 15819 15713 15733 15733 15713 15707 15733 15707 15717 16120 16078 16048 16048 16078 16068 16048 16068 16003 16003 16068 16028 16003 16028 15990 15649 15681 15661 15661 15681 15731 15661 15731 15703 15703 15731 15793 15703 15793 15745 15745 15793 15865 15745 15865 15787 15787 15865 15904 15787 15904 15853 15853 15904 15938 15853 15938 15882 15882 15938 15970 15882 15970 15918 15918 15970 16003 15918 16003 15948 15948 16003 15990 15948 15990 15966 15966 15872 15948 15948 15872 15851 15948 15851 15918 15918 15851 15811 15918 15811 15882 15882 15811 15769 15882 15769 15853 15853 15769 15727 15853 15727 15787 15787 15727 15699 15787 15699 15745 15745 15699 15665 15745 15665 15703 15703 15665 15637 15703 15637 15661 15661 15637 15631 15661 15631 15649 15966 15900 15872 15872 15900 15886 15872 15886 15771 15771 15886 15797 15771 15797 15739 15739 15679 15771 15771 15679 15667 15771 15667 15747 15747 15667 15655 15747 15655 15721 15721 15655 15641 15721 15641 15701 15701 15641 15627 15701 15627 15675 15675 15627 15619 15675 15619 15657 15657 15619 15571 15657 15571 15635 15635 15571 13228 15635 13228 15617 15617 13228 14861 15617 14861 15591 15739 15689 15679 15679 15689 15621 15679 15621 15595 15595 15621 15611 15595 15611 8184 8184 15611 8186 8184 8186 5967 5967 661 8184 8184 661 687 8184 687 8182 8182 687 1027 8182 1027 8180 8180 1027 2678 8180 2678 8178 8178 2678 3759 8178 3759 8176 8176 3759 4722 8176 4722 8174 8174 4722 5093 8174 5093 8172 8172 5093 6126 8172 6126 8170 8170 6126 6227 8170 6227 8168 5967 643 661 661 643 583 661 583 577 577 583 565 577 565 489 489 565 461 489 461 433 433 384 489 489 384 405 489 405 513 513 405 449 513 449 535 535 449 491 535 491 555 555 491 529 555 529 581 581 529 557 581 557 603 603 557 595 603 595 625 625 595 623 625 623 639 639 623 627 639 627 663 433 358 384 384 358 308 384 308 312 312 308 288 312 288 257 257 288 230 257 230 226 226 208 257 257 208 240 257 240 286 286 240 274 286 274 322 322 274 306 322 306 356 356 306 354 356 354 391 391 354 399 391 399 467 467 399 487 467 487 525 525 487 543 525 543 575 575 543 559 575 559 587 226 180 208 208 180 158 208 158 168 168 158 134 168 134 105 519 523 495 495 523 441 495 441 397 397 441 372 397 372 340 340 372 318 340 318 292 292 318 276 292 276 246 246 276 236 246 236 197 197 236 195 197 195 166 166 195 168 166 168 128 128 168 105 128 105 97 97 101 128 128 101 132 128 132 166 166 132 176 166 176 197 197 176 218 197 218 246 246 218 263 246 263 292 292 263 314 292 314 340 340 314 380 340 380 397 397 380 477 397 477 495 495 477 507 495 507 519 97 76 101 101 76 65 101 65 82 82 65 52 82 52 38 469 447 417 417 447 362 417 362 346 346 362 300 346 300 282 282 300 244 282 244 224 224 244 190 224 190 178 178 190 149 178 149 130 130 149 118 130 118 92 92 118 82 92 82 60 60 82 38 60 38 31 31 50 60 60 50 86 60 86 92 92 86 122 92 122 130 130 122 164 130 164 178 178 164 212 178 212 224 224 212 268 224 268 282 282 268 335 282 335 346 346 335 407 346 407 417 417 407 443 417 443 453 31 24 50 50 24 20 50 20 42 42 20 12 42 12 7 427 395 393 393 395 329 393 329 325 325 329 259 325 259 255 255 259 201 255 201 193 193 201 151 193 151 147 147 151 114 147 114 103 103 114 72 103 72 63 63 72 42 63 42 35 35 42 7 35 7 3 418 393 389 389 393 325 389 325 323 323 325 255 323 255 253 253 255 193 253 193 191 191 193 147 191 147 145 145 147 103 145 103 95 95 103 63 95 63 61 61 63 35 61 35 29 29 35 3 29 3 0 429 423 338 14863 12584 15560 15709 15697 15763 1406 3729 695 548 560 496 9 14 18 22 26 28 40 54 58 67 78 84 107 136 144 228 232 238 310 360 368 435 463 475 5969 8188 8190 15888 15902 15892 15992 16030 16022 16070 16080 16072 16132 16159 16148 16172 16184 16176 16244 16248 16238 16257 16259 16249 16256 16252 16239 16243 16235 16231 16207 16203 16197 16131 16121 16111 16069 16029 16021 15991 15967 15957 15887 15798 15784 5968 644 646 584 566 572 434 359 367 309 289 297 106 98 111 66 53 57 39 32 45 21 13 17 8 4 15 4 1 10 8 15 13 27 25 21 39 45 53 83 77 66 77 83 98 159 135 143 143 135 106 227 181 187 187 181 159 237 231 227 231 237 289 309 297 359 474 462 434 462 474 566 584 572 644 8189 8187 5968 8187 8189 15612 15798 15740 15682 15682 15740 15690 15682 15690 15622 15891 15901 15887 15901 15891 15967 15991 15957 16029 16071 16079 16069 16079 16071 16121 16131 16111 16158 16175 16183 16171 16183 16175 16203 16235 16229 16213 16213 16229 16224 16213 16224 16207 16237 16247 16243 16256 16239 16259 16240 16253 16257 16253 16240 16248 16232 16236 16244 16208 16225 16214 16214 16225 16230 16198 16204 16208 16204 16198 16184 16172 16176 16159 16112 16122 16132 16122 16112 16080 16070 16072 16030 15958 15968 15992 15968 15958 15902 15741 15799 15785 15785 15799 15888 15623 15691 15683 15683 15691 15741 15609 15613 15623 15613 15609 8188 5969 8190 645 573 567 585 567 573 463 435 475 360 298 290 310 290 298 232 136 160 188 188 160 182 188 182 228 112 99 107 67 84 54 46 33 40 33 46 26 22 28 14 16 5 9 5 16 1 4 10 15 15 10 36 15 36 43 43 36 70 43 70 73 73 70 108 73 108 115 115 108 152 115 152 153 153 152 204 153 204 205 205 204 264 205 264 265 265 264 336 265 336 337 53 45 57 57 45 68 57 68 87 87 68 93 87 93 123 123 93 139 123 139 155 155 139 185 155 185 198 198 185 233 198 233 251 251 233 295 251 295 303 303 295 363 303 363 375 66 57 83 83 57 87 83 87 109 109 87 123 109 123 141 141 123 155 141 155 183 183 155 198 183 198 221 221 198 251 221 251 271 271 251 303 271 303 332 332 303 375 332 375 387 15798 15682 15784 15784 15682 15676 15784 15676 15766 15766 15676 15662 15766 15662 15742 15742 15662 15652 15742 15652 15714 15714 15652 15638 15714 15638 15692 15692 15638 15624 15692 15624 15668 15668 15624 15614 15668 15614 15646 15646 15614 15559 15646 15559 15628 15887 15784 15891 15891 15784 15766 15891 15766 15869 15869 15766 15742 15869 15742 15846 15846 15742 15714 15846 15714 15800 15800 15714 15692 15800 15692 15756 15756 15692 15668 15756 15668 15722 15722 15668 15646 15722 15646 15684 15684 15646 15628 15684 15628 15658 15967 15891 15957 15957 15891 15869 15957 15869 15943 15943 15869 15846 15943 15846 15911 15911 15846 15800 15911 15800 15877 15877 15800 15756 15877 15756 15844 15844 15756 15722 15844 15722 15778 15778 15722 15684 15778 15684 15728 15728 15684 15658 15728 15658 15686 16029 15957 16021 16021 15957 15943 16021 15943 15998 15998 15943 15911 15998 15911 15961 15961 15911 15877 15961 15877 15932 15932 15877 15844 15932 15844 15893 15893 15844 15778 15893 15778 15854 15854 15778 15728 15854 15728 15780 15780 15728 15686 15780 15686 15724 16069 16021 16071 16071 16021 15998 16071 15998 16039 16039 15998 15961 16039 15961 16011 16011 15961 15932 16011 15932 15977 15977 15932 15893 15977 15893 15939 15939 15893 15854 15939 15854 15889 15889 15854 15780 15889 15780 15842 15842 15780 15724 15842 15724 15762 16203 16175 16197 16197 16175 16149 16197 16149 16167 16167 16149 16113 16167 16113 16135 16135 16113 16075 16135 16075 16099 16099 16075 16033 16099 16033 16056 16056 16033 15983 16056 15983 16007 16007 15983 15926 16007 15926 15951 15951 15926 15867 15951 15867 15879 16207 16197 16213 16213 16197 16167 16213 16167 16190 16190 16167 16135 16190 16135 16161 16161 16135 16099 16161 16099 16115 16115 16099 16056 16115 16056 16073 16073 16056 16007 16073 16007 16025 16025 16007 15951 16025 15951 15959 15959 15951 15879 15959 15879 15895 16259 16239 16249 16249 16239 16215 16249 16215 16219 16219 16215 16185 16219 16185 16189 16189 16185 16143 16189 16143 16151 16151 16143 16101 16151 16101 16103 16103 16101 16049 16103 16049 16051 16051 16049 15993 16051 15993 15995 15995 15993 15921 15995 15921 15923 16257 16249 16240 16240 16249 16219 16240 16219 16216 16216 16219 16189 16216 16189 16186 16186 16189 16151 16186 16151 16144 16144 16151 16103 16144 16103 16102 16102 16103 16051 16102 16051 16050 16050 16051 15995 16050 15995 15994 15994 15995 15923 15994 15923 15922 16208 16214 16198 16198 16214 16191 16198 16191 16168 16168 16191 16162 16168 16162 16136 16136 16162 16116 16136 16116 16100 16100 16116 16074 16100 16074 16057 16057 16074 16026 16057 16026 16008 16008 16026 15960 16008 15960 15952 15952 15960 15896 15952 15896 15880 16184 16198 16176 16176 16198 16168 16176 16168 16150 16150 16168 16136 16150 16136 16114 16114 16136 16100 16114 16100 16076 16076 16100 16057 16076 16057 16034 16034 16057 16008 16034 16008 15984 15984 16008 15952 15984 15952 15927 15927 15952 15880 15927 15880 15868 463 573 475 475 573 579 475 579 493 493 579 597 493 597 517 517 597 607 517 607 541 541 607 621 541 621 563 563 621 635 563 635 591 591 635 641 591 641 613 613 641 696 613 696 631 360 475 368 368 475 493 368 493 386 386 493 517 386 517 409 409 517 541 409 541 459 459 541 563 459 563 503 503 563 591 503 591 533 533 591 613 533 613 571 571 613 631 571 631 601 310 368 298 298 368 386 298 386 316 316 386 409 316 409 348 348 409 459 348 459 378 378 459 503 378 503 411 411 503 533 411 533 481 481 533 571 481 571 527 527 571 601 527 601 569 232 298 238 238 298 316 238 316 261 261 316 348 261 348 294 294 348 378 294 378 327 327 378 411 327 411 366 366 411 481 366 481 401 401 481 527 401 527 479 479 527 569 479 569 531 228 238 188 188 238 261 188 261 216 216 261 294 216 294 248 248 294 327 248 327 278 278 327 366 278 366 320 320 366 401 320 401 370 370 401 479 370 479 413 413 479 531 413 531 497 54 84 58 58 84 110 58 110 88 88 110 142 88 142 124 124 142 184 124 184 156 156 184 222 156 222 199 199 222 272 199 272 252 252 272 333 252 333 304 304 333 388 304 388 376 40 58 46 46 58 88 46 88 69 69 88 124 69 124 94 94 124 156 94 156 140 140 156 199 140 199 186 186 199 252 186 252 234 234 252 304 234 304 296 296 304 376 296 376 364 336 419 337 337 419 422 337 422 428 13 15 17 17 15 43 17 43 47 47 43 73 47 73 79 79 73 115 79 115 119 119 115 153 119 153 161 161 153 205 161 205 213 213 205 265 213 265 269 269 265 337 269 337 343 343 337 428 343 428 438 21 17 27 27 17 47 27 47 55 55 47 79 55 79 89 89 79 119 89 119 125 125 119 161 125 161 169 169 161 213 169 213 219 219 213 269 219 269 279 279 269 343 279 343 349 349 343 438 349 438 444 444 363 349 349 363 295 349 295 279 279 295 233 279 233 219 219 233 185 219 185 169 169 185 139 169 139 125 125 139 93 125 93 89 89 93 68 89 68 55 55 68 45 55 45 27 27 45 32 27 32 25 444 454 363 363 454 470 363 470 375 375 470 484 375 484 387 387 484 500 387 500 508 98 83 111 111 83 109 111 109 137 137 109 141 137 141 171 171 141 183 171 183 209 209 183 221 209 221 249 249 221 271 249 271 301 301 271 332 301 332 351 351 332 387 351 387 414 414 387 508 414 508 520 106 111 143 143 111 137 143 137 173 173 137 171 173 171 202 202 171 209 202 209 241 241 209 249 241 249 283 283 249 301 283 301 330 330 301 351 330 351 381 381 351 414 381 414 464 464 414 520 464 520 538 159 143 187 187 143 173 187 173 215 215 173 202 215 202 247 247 202 241 247 241 277 277 241 283 277 283 319 319 283 330 319 330 369 369 330 381 369 381 412 412 381 464 412 464 496 496 464 538 496 538 548 227 187 237 237 187 215 237 215 260 260 215 247 260 247 293 293 247 277 293 277 326 326 277 319 326 319 365 365 319 369 365 369 400 400 369 412 400 412 478 478 412 496 478 496 530 530 496 560 530 560 588 289 237 297 297 237 260 297 260 315 315 260 293 315 293 347 347 293 326 347 326 377 377 326 365 377 365 410 410 365 400 410 400 480 480 400 478 480 478 526 526 478 530 526 530 568 568 530 588 568 588 610 359 297 367 367 297 315 367 315 385 385 315 347 385 347 408 408 347 377 408 377 458 458 377 410 458 410 502 502 410 480 502 480 532 532 480 526 532 526 570 570 526 568 570 568 600 600 568 610 600 610 628 434 367 474 474 367 385 474 385 492 492 385 408 492 408 516 516 408 458 516 458 540 540 458 502 540 502 562 562 502 532 562 532 590 590 532 570 590 570 612 612 570 600 612 600 630 630 600 628 630 628 664 566 474 572 572 474 492 572 492 578 578 492 516 578 516 596 596 516 540 596 540 606 606 540 562 606 562 620 620 562 590 620 590 634 634 590 612 634 612 640 640 612 630 640 630 695 695 630 664 695 664 1406 644 572 646 646 572 578 646 578 670 670 578 596 670 596 689 689 596 606 689 606 1463 1463 606 620 1463 620 2992 2992 620 634 2992 634 3807 3807 634 640 3807 640 4898 4898 640 695 4898 695 5288 5288 695 3729 5288 3729 6228 5968 646 8189 8189 646 670 8189 670 8191 8191 670 689 8191 689 8193 8193 689 1463 8193 1463 8195 8195 1463 2992 8195 2992 8197 8197 2992 3807 8197 3807 8199 8199 3807 4898 8199 4898 8201 8201 4898 5288 8201 5288 8203 8203 5288 6228 8203 6228 8205 15612 8189 15608 15608 8189 8191 15608 8191 15584 15584 8191 8193 15584 8193 15565 15565 8193 8195 15565 8195 14797 14797 8195 8197 14797 8197 13295 13295 8197 8199 13295 8199 12508 12508 8199 8201 12508 8201 11442 11442 8201 8203 11442 8203 11049 11049 8203 8205 11049 8205 10138 10138 15559 11049 11049 15559 15614 11049 15614 11442 11442 15614 15624 11442 15624 12508 12508 15624 15638 12508 15638 13295 13295 15638 15652 13295 15652 14797 14797 15652 15662 14797 15662 15565 15565 15662 15676 15565 15676 15584 15584 15676 15682 15584 15682 15608 15608 15682 15622 15608 15622 15612 10138 12583 15559 15559 12583 14862 15559 14862 15628 15628 14862 15592 15628 15592 15658 15658 15592 15632 15658 15632 15686 15686 15632 15650 15686 15650 15724 15724 15650 15672 15724 15672 15762 15762 15672 15696 15762 15696 15708 16121 16071 16111 16111 16071 16039 16111 16039 16085 16085 16039 16011 16085 16011 16052 16052 16011 15977 16052 15977 16017 16017 15977 15939 16017 15939 15971 15971 15939 15889 15971 15889 15928 15928 15889 15842 15928 15842 15873 15873 15842 15762 15873 15762 15794 15794 15762 15708 15794 15708 15718 16158 16111 16147 16147 16111 16085 16147 16085 16117 16117 16085 16052 16117 16052 16087 16087 16052 16017 16087 16017 16045 16045 16017 15971 16045 15971 16009 16009 15971 15928 16009 15928 15953 15953 15928 15873 15953 15873 15907 15907 15873 15794 15907 15794 15840 15840 15794 15718 15840 15718 15736 15736 15867 15840 15840 15867 15926 15840 15926 15907 15907 15926 15983 15907 15983 15953 15953 15983 16033 15953 16033 16009 16009 16033 16075 16009 16075 16045 16045 16075 16113 16045 16113 16087 16087 16113 16149 16087 16149 16117 16117 16149 16175 16117 16175 16147 16147 16175 16171 16147 16171 16158 15736 15752 15867 15867 15752 15760 15867 15760 15879 15879 15760 15776 15879 15776 15895 15895 15776 15790 15895 15790 15806 16235 16213 16231 16231 16213 16190 16231 16190 16199 16199 16190 16161 16199 16161 16165 16165 16161 16115 16165 16115 16133 16133 16115 16073 16133 16073 16089 16089 16073 16025 16089 16025 16035 16035 16025 15959 16035 15959 15975 15975 15959 15895 15975 15895 15909 15909 15895 15806 15909 15806 15816 16243 16231 16237 16237 16231 16199 16237 16199 16211 16211 16199 16165 16211 16165 16179 16179 16165 16133 16179 16133 16139 16139 16133 16089 16139 16089 16097 16097 16089 16035 16097 16035 16041 16041 16035 15975 16041 15975 15985 15985 15975 15909 15985 15909 15915 15915 15909 15816 15915 15816 15822 15822 15921 15915 15915 15921 15993 15915 15993 15985 15985 15993 16049 15985 16049 16041 16041 16049 16101 16041 16101 16097 16097 16101 16143 16097 16143 16139 16139 16143 16185 16139 16185 16179 16179 16185 16215 16179 16215 16211 16211 16215 16239 16211 16239 16237 16237 16239 16252 16237 16252 16247 15822 15828 15921 15921 15828 15834 15921 15834 15923 15923 15834 15837 15923 15837 15922 15922 15837 15835 15922 15835 15829 16248 16240 16238 16238 16240 16216 16238 16216 16212 16212 16216 16186 16212 16186 16180 16180 16186 16144 16180 16144 16140 16140 16144 16102 16140 16102 16098 16098 16102 16050 16098 16050 16042 16042 16050 15994 16042 15994 15986 15986 15994 15922 15986 15922 15916 15916 15922 15829 15916 15829 15823 16244 16238 16232 16232 16238 16212 16232 16212 16200 16200 16212 16180 16200 16180 16166 16166 16180 16140 16166 16140 16134 16134 16140 16098 16134 16098 16090 16090 16098 16042 16090 16042 16036 16036 16042 15986 16036 15986 15976 15976 15986 15916 15976 15916 15910 15910 15916 15823 15910 15823 15817 15817 15896 15910 15910 15896 15960 15910 15960 15976 15976 15960 16026 15976 16026 16036 16036 16026 16074 16036 16074 16090 16090 16074 16116 16090 16116 16134 16134 16116 16162 16134 16162 16166 16166 16162 16191 16166 16191 16200 16200 16191 16214 16200 16214 16232 16232 16214 16230 16232 16230 16236 15817 15807 15896 15896 15807 15791 15896 15791 15880 15880 15791 15777 15880 15777 15868 15868 15777 15761 15868 15761 15753 16159 16176 16148 16148 16176 16150 16148 16150 16118 16118 16150 16114 16118 16114 16088 16088 16114 16076 16088 16076 16046 16046 16076 16034 16046 16034 16010 16010 16034 15984 16010 15984 15954 15954 15984 15927 15954 15927 15908 15908 15927 15868 15908 15868 15841 15841 15868 15753 15841 15753 15737 16132 16148 16112 16112 16148 16118 16112 16118 16086 16086 16118 16088 16086 16088 16053 16053 16088 16046 16053 16046 16018 16018 16046 16010 16018 16010 15972 15972 16010 15954 15972 15954 15929 15929 15954 15908 15929 15908 15874 15874 15908 15841 15874 15841 15795 15795 15841 15737 15795 15737 15719 16080 16112 16072 16072 16112 16086 16072 16086 16040 16040 16086 16053 16040 16053 16012 16012 16053 16018 16012 16018 15978 15978 16018 15972 15978 15972 15940 15940 15972 15929 15940 15929 15890 15890 15929 15874 15890 15874 15843 15843 15874 15795 15843 15795 15763 15763 15795 15719 15763 15719 15709 16030 16072 16022 16022 16072 16040 16022 16040 15999 15999 16040 16012 15999 16012 15962 15962 16012 15978 15962 15978 15933 15933 15978 15940 15933 15940 15894 15894 15940 15890 15894 15890 15855 15855 15890 15843 15855 15843 15781 15781 15843 15763 15781 15763 15725 15725 15763 15697 15725 15697 15673 15992 16022 15958 15958 16022 15999 15958 15999 15944 15944 15999 15962 15944 15962 15912 15912 15962 15933 15912 15933 15878 15878 15933 15894 15878 15894 15845 15845 15894 15855 15845 15855 15779 15779 15855 15781 15779 15781 15729 15729 15781 15725 15729 15725 15687 15687 15725 15673 15687 15673 15651 15902 15958 15892 15892 15958 15944 15892 15944 15870 15870 15944 15912 15870 15912 15847 15847 15912 15878 15847 15878 15801 15801 15878 15845 15801 15845 15757 15757 15845 15779 15757 15779 15723 15723 15779 15729 15723 15729 15685 15685 15729 15687 15685 15687 15659 15659 15687 15651 15659 15651 15633 15888 15892 15785 15785 15892 15870 15785 15870 15767 15767 15870 15847 15767 15847 15743 15743 15847 15801 15743 15801 15715 15715 15801 15757 15715 15757 15693 15693 15757 15723 15693 15723 15669 15669 15723 15685 15669 15685 15647 15647 15685 15659 15647 15659 15629 15629 15659 15633 15629 15633 15593 15741 15785 15683 15683 15785 15767 15683 15767 15677 15677 15767 15743 15677 15743 15663 15663 15743 15715 15663 15715 15653 15653 15715 15693 15653 15693 15639 15639 15693 15669 15639 15669 15625 15625 15669 15647 15625 15647 15615 15615 15647 15629 15615 15629 15560 15560 15629 15593 15560 15593 14863 15623 15683 15609 15609 15683 15677 15609 15677 15585 15585 15677 15663 15585 15663 15566 15566 15663 15653 15566 15653 14798 14798 15653 15639 14798 15639 13296 13296 15639 15625 13296 15625 12509 12509 15625 15615 12509 15615 11443 11443 15615 15560 11443 15560 11050 11050 15560 12584 11050 12584 10139 8188 15609 8190 8190 15609 15585 8190 15585 8192 8192 15585 15566 8192 15566 8194 8194 15566 14798 8194 14798 8196 8196 14798 13296 8196 13296 8198 8198 13296 12509 8198 12509 8200 8200 12509 11443 8200 11443 8202 8202 11443 11050 8202 11050 8204 8204 11050 10139 8204 10139 8206 645 8190 647 647 8190 8192 647 8192 671 671 8192 8194 671 8194 690 690 8194 8196 690 8196 1464 1464 8196 8198 1464 8198 2993 2993 8198 8200 2993 8200 3808 3808 8200 8202 3808 8202 4899 4899 8202 8204 4899 8204 5289 5289 8204 8206 5289 8206 6229 6229 696 5289 5289 696 641 5289 641 4899 4899 641 635 4899 635 3808 3808 635 621 3808 621 2993 2993 621 607 2993 607 1464 1464 607 597 1464 597 690 690 597 579 690 579 671 671 579 573 671 573 647 647 573 585 647 585 645 6229 3730 696 696 3730 1407 696 1407 631 631 1407 665 631 665 601 601 665 629 601 629 569 569 629 611 569 611 531 531 611 589 531 589 497 497 589 561 497 561 549 136 188 144 144 188 216 144 216 174 174 216 248 174 248 203 203 248 278 203 278 242 242 278 320 242 320 284 284 320 370 284 370 331 331 370 413 331 413 382 382 413 497 382 497 465 465 497 549 465 549 539 107 144 112 112 144 174 112 174 138 138 174 203 138 203 172 172 203 242 172 242 210 210 242 284 210 284 250 250 284 331 250 331 302 302 331 382 302 382 352 352 382 465 352 465 415 415 465 539 415 539 521 521 388 415 415 388 333 415 333 352 352 333 272 352 272 302 302 272 222 302 222 250 250 222 184 250 184 210 210 184 142 210 142 172 172 142 110 172 110 138 138 110 84 138 84 112 112 84 78 112 78 99 521 509 388 388 509 501 388 501 376 376 501 485 376 485 364 364 485 471 364 471 455 26 46 28 28 46 69 28 69 56 56 69 94 56 94 90 90 94 140 90 140 126 126 140 186 126 186 170 170 186 234 170 234 220 220 234 296 220 296 280 280 296 364 280 364 350 350 364 455 350 455 445 14 28 18 18 28 56 18 56 48 48 56 90 48 90 80 80 90 126 80 126 120 120 126 170 120 170 162 162 170 220 162 220 214 214 220 280 214 280 270 270 280 350 270 350 344 344 350 445 344 445 439 9 18 16 16 18 48 16 48 44 44 48 80 44 80 74 74 80 120 74 120 116 116 120 162 116 162 154 154 162 214 154 214 206 206 214 270 206 270 266 266 270 344 266 344 338 338 344 439 338 439 429 1 16 10 10 16 44 10 44 36 36 44 74 36 74 70 70 74 116 70 116 108 108 116 154 108 154 152 152 154 206 152 206 204 204 206 266 204 266 264 264 266 338 264 338 336 336 338 423 336 423 419 3 5 0 0 5 1 0 1 2 2 1 4 2 4 6 6 4 8 6 8 11 11 8 13 11 13 19 19 13 21 19 21 23 23 21 25 23 25 30 30 25 32 30 32 37 37 32 39 37 39 51 51 39 53 51 53 64 64 53 66 64 66 75 75 66 77 75 77 96 96 77 98 96 98 104 104 98 106 104 106 133 133 106 135 133 135 157 157 135 159 157 159 179 179 159 181 179 181 225 225 181 227 225 227 229 229 227 231 229 231 287 287 231 289 287 289 307 307 289 309 307 309 357 357 309 359 357 359 432 432 359 434 432 434 460 460 434 462 460 462 564 564 462 566 564 566 582 582 566 584 582 584 642 642 584 644 642 644 5966 5966 644 5968 5966 5968 8185 8185 5968 8187 8185 8187 15610 15610 8187 15612 15610 15612 15620 15620 15612 15622 15620 15622 15688 15688 15622 15690 15688 15690 15738 15738 15690 15740 15738 15740 15796 15796 15740 15798 15796 15798 15885 15885 15798 15887 15885 15887 15899 15899 15887 15901 15899 15901 15965 15965 15901 15967 15965 15967 15989 15989 15967 15991 15989 15991 16027 16027 15991 16029 16027 16029 16067 16067 16029 16069 16067 16069 16077 16077 16069 16079 16077 16079 16119 16119 16079 16121 16119 16121 16129 16129 16121 16131 16129 16131 16156 16156 16131 16158 16156 16158 16169 16169 16158 16171 16169 16171 16181 16181 16171 16183 16181 16183 16201 16201 16183 16203 16201 16203 16205 16205 16203 16207 16205 16207 16222 16222 16207 16224 16222 16224 16227 16227 16224 16229 16227 16229 16233 16233 16229 16235 16233 16235 16241 16241 16235 16243 16241 16243 16245 16245 16243 16247 16245 16247 16250 16250 16247 16252 16250 16252 16254 16254 16252 16256 16254 16256 16258 16258 16256 16259 16258 16259 16255 16255 16259 16257 16255 16257 16251 16251 16257 16253 16251 16253 16246 16246 16253 16248 16246 16248 16242 16242 16248 16244 16242 16244 16234 16234 16244 16236 16234 16236 16228 16228 16236 16230 16228 16230 16223 16223 16230 16225 16223 16225 16206 16206 16225 16208 16206 16208 16202 16202 16208 16204 16202 16204 16182 16182 16204 16184 16182 16184 16170 16170 16184 16172 16170 16172 16157 16157 16172 16159 16157 16159 16130 16130 16159 16132 16130 16132 16120 16120 16132 16122 16120 16122 16078 16078 16122 16080 16078 16080 16068 16068 16080 16070 16068 16070 16028 16028 16070 16030 16028 16030 15990 15990 16030 15992 15990 15992 15966 15966 15992 15968 15966 15968 15900 15900 15968 15902 15900 15902 15886 15886 15902 15888 15886 15888 15797 15797 15888 15799 15797 15799 15739 15739 15799 15741 15739 15741 15689 15689 15741 15691 15689 15691 15621 15621 15691 15623 15621 15623 15611 15611 15623 15613 15611 15613 8186 8186 15613 8188 8186 8188 5967 5967 8188 5969 5967 5969 643 643 5969 645 643 645 583 583 645 585 583 585 565 565 585 567 565 567 461 461 567 463 461 463 433 433 463 435 433 435 358 358 435 360 358 360 308 308 360 310 308 310 288 288 310 290 288 290 230 230 290 232 230 232 226 226 232 228 226 228 180 180 228 182 180 182 158 158 182 160 158 160 134 134 160 136 134 136 105 105 136 107 105 107 97 97 107 99 97 99 76 76 99 78 76 78 65 65 78 67 65 67 52 52 67 54 52 54 38 38 54 40 38 40 31 31 40 33 31 33 24 24 33 26 24 26 20 20 26 22 20 22 12 12 22 14 12 14 7 7 14 9 7 9 3 3 9 5 6778 6243 5901 5901 6243 5450 2778 2779 3766 3766 2779 3764 3766 3764 4191 4191 3764 4192 4191 4192 5001 5001 4192 4999 5001 4999 5450 5450 4999 5486 5450 5486 5901 13478 13479 14659 14659 13479 14655 14659 14655 15122 15122 14655 15123 15122 15123 15429 15429 15123 15427 15429 15427 15550 15550 15427 15551 15550 15551 15308 15308 15551 15311 15308 15311 15030 15030 15311 15031 15030 15031 13827 13827 15031 13833 13827 13833 13580 13580 13833 13581 13580 13581 12532 12532 13581 12536 12532 12536 12151 12151 12536 12169 12151 12169 11327 11327 12169 11332 11327 11332 10934 10934 11332 10935 10934 10935 10098 10098 10935 10102 10098 10102 9531 9531 10102 9559 9531 9559 8751 8751 9559 8756 8751 8756 8279 8279 8756 8280 8279 8280 7292 7292 8280 7303 7292 7303 6735 6735 7303 6736 6735 6736 6020 6020 6736 6028 6020 6028 5539 5539 6028 5540 5539 5540 4683 4683 5540 4690 4683 4690 4116 4116 4690 4117 4116 4117 3286 3286 4117 3295 3286 3295 2836 2836 3295 2837 2836 2837 1624 1624 2837 1628 1624 1628 1216 1216 1628 1217 1216 1217 829 829 1217 833 829 833 762 762 833 763 762 763 947 947 763 942 947 942 1264 1264 942 1265 1264 1265 2461 2461 1265 2457 2461 2457 2774 2774 2457 2775 2774 2775 3778 3778 2775 3775 3778 3775 4187 4187 3775 4188 4187 4188 5015 5015 4188 5012 5015 5012 5446 5446 5012 5447 5446 5447 6259 6259 5447 6256 6259 6256 6839 6839 6256 6822 6839 6822 7596 7596 6822 7591 7596 7591 8137 8137 7591 8138 8137 8138 9053 9053 8138 9043 9053 9043 9649 9649 9043 9650 9649 9650 10327 10327 9650 10319 10327 10319 10829 10829 10319 10852 10829 10852 11637 11637 10852 11629 11637 11629 12259 12259 11629 12228 12259 12228 12991 12991 12228 12984 12991 12984 13480 13480 12984 13481 13480 13481 14637 14637 13481 14633 14637 14633 15124 15124 14633 15125 15124 15125 15425 15425 15125 15423 15425 15423 15552 15552 15423 15553 15552 15553 15325 15325 15553 15333 15325 15333 15032 15032 15333 15033 15032 15033 13851 13851 15033 13857 13851 13857 13582 13582 13857 13583 13582 13583 12540 12540 13583 12543 12540 12543 12152 12152 12543 12170 12152 12170 11336 11336 12170 11339 11336 11339 10936 10936 11339 10937 10936 10937 10110 10110 10937 10114 10110 10114 9532 9532 10114 9560 9532 9560 8783 8783 9560 8788 8783 8788 8281 8281 8788 8282 8281 8282 7328 7328 8282 7339 7328 7339 6737 6737 7339 6755 6737 6755 6054 6054 6755 6063 6054 6063 5541 5541 6063 5509 5541 5509 4717 4717 5509 4727 4717 4727 4118 4118 4727 4119 4118 4119 3322 3322 4119 3328 3322 3328 2838 2838 3328 2839 2838 2839 1645 1645 2839 1651 1645 1651 1218 1218 1651 1219 1218 1219 835 835 1219 837 835 837 764 764 837 765 764 765 923 923 765 919 923 919 1266 1266 919 1267 1266 1267 2437 2437 1267 2431 2437 2431 2776 2776 2431 2777 2776 2777 3772 3772 2777 3769 3772 3769 4189 4189 3769 4190 4189 4190 5008 5008 4190 5006 5008 5006 5448 5448 5006 5449 5448 5449 6249 6249 5449 6247 6249 6247 6840 6840 6247 6823 6840 6823 7544 7544 6823 7538 7544 7538 8139 8139 7538 8140 8139 8140 9021 9021 8140 9010 9021 9010 9651 9651 9010 9614 9651 9614 10294 10294 9614 10285 10294 10285 10830 10830 10285 10853 10830 10853 11604 11604 10853 11596 11604 11596 12260 12260 11596 12229 12260 12229 12959 12959 12229 12950 12959 12950 13482 13482 12950 13503 13482 13503 14606 14606 13503 14597 14606 14597 15126 15126 14597 15127 15126 15127 15421 15421 15127 15419 15421 15419 15554 15554 15419 15555 15554 15555 15342 15342 15555 15346 15342 15346 15034 15034 15346 15035 15034 15035 13876 13876 15035 13882 13876 13882 13584 13584 13882 13585 13584 13585 12545 12545 13585 12547 12545 12547 12153 12153 12547 12171 12153 12171 11343 11343 12171 11345 11343 11345 10938 10938 11345 10939 10938 10939 10118 10118 10939 10120 10118 10120 9561 9561 10120 9562 9561 9562 8817 8817 9562 8820 8817 8820 8283 8283 8820 8284 8283 8284 7360 7360 8284 7371 7360 7371 6738 6738 7371 6756 6738 6756 6085 6085 6756 6093 6085 6093 5542 5542 6093 5510 5542 5510 4752 4752 5510 4757 4752 4757 4120 4120 4757 4121 4120 4121 3354 3354 4121 3363 3354 3363 2840 2840 3363 2841 2840 2841 1689 1689 2841 1707 1689 1707 1220 1220 1707 1221 1220 1221 839 839 1221 841 839 841 766 766 841 767 766 767 913 913 767 909 913 909 1268 1268 909 1269 1268 1269 2413 2413 1269 2409 2413 2409 2778 2778 2409 2779 8273 8274 7197 7197 8274 7205 7197 7205 6729 6729 7205 6730 6729 6730 5920 5920 6730 5926 5920 5926 5533 5533 5926 5534 5533 5534 4580 4580 5534 4589 4580 4589 4110 4110 4589 4111 4110 4111 3178 3178 4111 3187 3178 3187 2830 2830 3187 2831 2830 2831 1504 1504 2831 1512 1504 1512 1210 1210 1512 1211 1210 1211 815 815 1211 819 815 819 756 756 819 757 756 757 980 980 757 978 980 978 1258 1258 978 1259 1258 1259 2530 2530 1259 2525 2530 2525 2768 2768 2525 2769 2768 2769 3804 3804 2769 3801 3804 3801 4181 4181 3801 4182 4181 4182 5053 5053 4182 5049 5053 5049 5440 5440 5049 5441 5440 5441 6324 6324 5441 6314 6324 6314 6836 6836 6314 6819 6836 6819 7691 7691 6819 7684 7691 7684 8131 8131 7684 8132 8131 8132 9150 9150 8132 9142 9150 9142 9643 9643 9142 9644 9643 9644 10422 10422 9644 10414 10422 10414 10823 10823 10414 10824 10823 10824 11735 11735 10824 11730 11735 11730 12253 12253 11730 12254 12253 12254 13095 13095 12254 13085 13095 13085 13474 13474 13085 13475 13474 13475 14741 14741 13475 14733 14741 14733 15118 15118 14733 15119 15118 15119 15437 15437 15119 15435 15437 15435 15546 15546 15435 15547 15546 15547 15285 15285 15547 15289 15285 15289 15026 15026 15289 15027 15026 15027 13782 13782 15027 13787 13782 13787 13576 13576 13787 13577 13576 13577 12518 12518 13577 12521 12518 12521 12147 12147 12521 12148 12147 12148 11304 11304 12148 11309 11304 11309 10930 10930 11309 10931 10930 10931 10048 10048 10931 10058 10048 10058 9529 9529 10058 9557 9529 9557 8688 8688 9557 8695 8688 8695 8275 8275 8695 8276 8275 8276 7228 7228 8276 7237 7228 7237 6731 6731 7237 6732 6731 6732 5952 5952 6732 5959 5952 5959 5535 5535 5959 5536 5535 5536 4619 4619 5536 4625 4619 4625 4112 4112 4625 4113 4112 4113 3214 3214 4113 3223 3214 3223 2832 2832 3223 2833 2832 2833 1545 1545 2833 1550 1545 1550 1212 1212 1550 1213 1212 1213 821 821 1213 823 821 823 758 758 823 759 758 759 970 970 759 966 970 966 1260 1260 966 1261 1260 1261 2508 2508 1261 2505 2508 2505 2770 2770 2505 2771 2770 2771 3794 3794 2771 3791 3794 3791 4183 4183 3791 4184 4183 4184 5039 5039 4184 5036 5039 5036 5442 5442 5036 5443 5442 5443 6292 6292 5443 6286 6292 6286 6837 6837 6286 6820 6837 6820 7658 7658 6820 7652 7658 7652 8133 8133 7652 8134 8133 8134 9119 9119 8134 9110 9119 9110 9645 9645 9110 9646 9645 9646 10390 10390 9646 10383 10390 10383 10825 10825 10383 10826 10825 10826 11704 11704 10826 11698 11704 11698 12255 12255 11698 12256 12255 12256 13059 13059 12256 13052 13059 13052 13476 13476 13052 13477 13476 13477 14699 14699 13477 14688 14699 14688 15120 15120 14688 15121 15120 15121 15433 15433 15121 15431 15433 15431 15548 15548 15431 15549 15548 15549 15296 15296 15549 15300 15296 15300 15028 15028 15300 15029 15028 15029 13802 13802 15029 13808 13802 13808 13578 13578 13808 13579 13578 13579 12526 12526 13579 12529 12526 12529 12149 12149 12529 12150 12149 12150 11316 11316 12150 11320 11316 11320 10932 10932 11320 10933 10932 10933 10081 10081 10933 10086 10081 10086 9530 9530 10086 9558 9530 9558 8721 8721 9558 8726 8721 8726 8277 8277 8726 8278 8277 8278 7261 7261 8278 7269 7261 7269 6733 6733 7269 6734 6733 6734 5987 5987 6734 5995 5987 5995 5537 5537 5995 5538 5537 5538 4651 4651 5538 4657 4651 4657 4114 4114 4657 4115 4114 4115 3251 3251 4115 3261 3251 3261 2834 2834 3261 2835 2834 2835 1594 1594 2835 1603 1594 1603 1214 1214 1603 1215 1214 1215 825 825 1215 827 825 827 760 760 827 761 760 761 960 960 761 956 960 956 1262 1262 956 1263 1262 1263 2486 2486 1263 2481 2486 2481 2772 2772 2481 2773 2772 2773 3786 3786 2773 3783 3786 3783 4185 4185 3783 4186 4185 4186 5028 5028 4186 5025 5028 5025 5444 5444 5025 5445 5444 5445 6272 6272 5445 6268 6272 6268 6838 6838 6268 6821 6838 6821 7626 7626 6821 7621 7626 7621 8135 8135 7621 8136 8135 8136 9088 9088 8136 9079 9088 9079 9647 9647 9079 9648 9647 9648 10360 10360 9648 10352 10360 10352 10827 10827 10352 10828 10827 10828 11672 11672 10828 11664 11672 11664 12257 12257 11664 12258 12257 12258 13026 13026 12258 13017 13026 13017 13478 13478 13017 13479 2761 2763 3847 3847 2763 3843 3847 3843 4175 4175 3843 4176 4175 4176 5116 5116 4176 5110 5116 5110 5434 5434 5110 5435 5434 5435 6417 6417 5435 6412 6417 6412 6833 6833 6412 6816 6833 6816 7795 7795 6816 7786 7795 7786 8125 8125 7786 8126 8125 8126 9241 9241 8126 9238 9241 9238 9637 9637 9238 9638 9637 9638 10519 10519 9638 10513 10519 10513 10817 10817 10513 10818 10817 10818 11834 11834 10818 11824 11834 11824 12247 12247 11824 12248 12247 12248 13203 13203 12248 13193 13203 13193 13468 13468 13193 13469 13468 13469 14807 14807 13469 14804 14807 14804 15112 15112 14804 15113 15112 15113 15451 15451 15113 15449 15451 15449 15540 15540 15449 15541 15540 15541 15262 15262 15541 15265 15262 15265 15020 15020 15265 15021 15020 15021 13714 13714 15021 13717 13714 13717 13570 13570 13717 13571 13570 13571 12481 12481 13571 12485 12481 12485 12141 12141 12485 12142 12141 12142 11243 11243 12142 11247 11243 11247 10924 10924 11247 10925 10924 10925 9953 9953 10925 9959 9953 9959 9526 9526 9959 9554 9526 9554 8581 8581 9554 8591 8581 8591 8269 8269 8591 8270 8269 8270 7134 7134 8270 7138 7134 7138 6725 6725 7138 6726 6725 6726 5836 5836 6726 5843 5836 5843 5529 5529 5843 5530 5529 5530 4510 4510 5530 4520 4510 4520 4106 4106 4520 4107 4106 4107 3105 3105 4107 3115 3105 3115 2826 2826 3115 2827 2826 2827 1466 1466 2827 1472 1466 1472 1206 1206 1472 1207 1206 1207 807 807 1207 809 807 809 752 752 809 753 752 753 994 994 753 991 994 991 1254 1254 991 1255 1254 1255 2567 2567 1255 2565 2567 2565 2764 2764 2565 2765 2764 2765 3830 3830 2765 3827 3830 3827 4177 4177 3827 4178 4177 4178 5089 5089 4178 5086 5089 5086 5436 5436 5086 5437 5436 5437 6386 6386 5437 6379 6386 6379 6834 6834 6379 6817 6834 6817 7764 7764 6817 7754 7764 7754 8127 8127 7754 8128 8127 8128 9211 9211 8128 9207 9211 9207 9639 9639 9207 9640 9639 9640 10488 10488 9640 10481 10488 10481 10819 10819 10481 10820 10819 10820 11799 11799 10820 11792 11799 11792 12249 12249 11792 12250 12249 12250 13166 13166 12250 13155 13166 13155 13470 13470 13155 13471 13470 13471 14789 14789 13471 14785 14789 14785 15114 15114 14785 15115 15114 15115 15447 15447 15115 15445 15447 15445 15542 15542 15445 15543 15542 15543 15269 15269 15543 15272 15269 15272 15022 15022 15272 15023 15022 15023 13733 13733 15023 13738 13733 13738 13572 13572 13738 13573 13572 13573 12495 12495 13573 12499 12495 12499 12143 12143 12499 12144 12143 12144 11267 11267 12144 11273 11267 11273 10926 10926 11273 10927 10926 10927 9985 9985 10927 9992 9985 9992 9527 9527 9992 9555 9527 9555 8620 8620 9555 8629 8620 8629 8271 8271 8629 8272 8271 8272 7165 7165 8272 7170 7165 7170 6727 6727 7170 6728 6727 6728 5869 5869 6728 5877 5869 5877 5531 5531 5877 5532 5531 5532 4546 4546 5532 4555 4546 4555 4108 4108 4555 4109 4108 4109 3142 3142 4109 3152 3142 3152 2828 2828 3152 2829 2828 2829 1485 1485 2829 1490 1485 1490 1208 1208 1490 1209 1208 1209 811 811 1209 813 811 813 754 754 813 755 754 755 986 986 755 984 986 984 1256 1256 984 1257 1256 1257 2549 2549 1257 2546 2549 2546 2766 2766 2546 2767 2766 2767 3817 3817 2767 3814 3817 3814 4179 4179 3814 4180 4179 4180 5071 5071 4180 5066 5071 5066 5438 5438 5066 5439 5438 5439 6355 6355 5439 6347 6355 6347 6835 6835 6347 6818 6835 6818 7724 7724 6818 7717 7724 7717 8129 8129 7717 8130 8129 8130 9180 9180 8130 9174 9180 9174 9641 9641 9174 9642 9641 9642 10458 10458 9642 10450 10458 10450 10821 10821 10450 10822 10821 10822 11766 11766 10822 11758 11766 11758 12251 12251 11758 12252 12251 12252 13130 13130 12252 13124 13130 13124 13472 13472 13124 13473 13472 13473 14772 14772 13473 14768 14772 14768 15116 15116 14768 15117 15116 15117 15443 15443 15117 15441 15443 15441 15544 15544 15441 15545 15544 15545 15278 15278 15545 15280 15278 15280 15024 15024 15280 15025 15024 15025 13762 13762 15025 13766 13762 13766 13574 13574 13766 13575 13574 13575 12506 12506 13575 12511 12506 12511 12145 12145 12511 12146 12145 12146 11286 11286 12146 11291 11286 11291 10928 10928 11291 10929 10928 10929 10017 10017 10929 10026 10017 10026 9528 9528 10026 9556 9528 9556 8653 8653 9556 8661 8653 8661 8273 8273 8661 8274 13500 13501 14899 14899 13501 14887 14899 14887 15106 15106 14887 15107 15106 15107 15463 15463 15107 15461 15463 15461 15533 15533 15461 15534 15533 15534 15241 15241 15534 15244 15241 15244 15014 15014 15244 15015 15014 15015 13677 13677 15015 13679 13677 13679 13564 13564 13679 13565 13564 13565 12430 12430 13565 12435 12430 12435 12164 12164 12435 12165 12164 12165 11143 11143 12165 11150 11143 11150 10918 10918 11150 10919 10918 10919 9853 9853 10919 9862 9853 9862 9549 9549 9862 9550 9549 9550 8479 8479 9550 8494 8479 8494 8263 8263 8494 8264 8263 8264 7038 7038 8264 7044 7038 7044 6752 6752 7044 6753 6752 6753 5742 5742 6753 5747 5742 5747 5505 5505 5747 5506 5505 5506 4409 4409 5506 4415 4409 4415 4100 4100 4415 4101 4100 4101 2999 2999 4101 3007 2999 3007 2819 2819 3007 2820 2819 2820 1391 1391 2820 1399 1391 1399 1200 1200 1399 1201 1200 1201 795 795 1201 797 795 797 745 745 797 746 745 746 1015 1015 746 1012 1015 1012 1248 1248 1012 1249 1248 1249 2603 2603 1249 2601 2603 2601 2757 2757 2601 2758 2757 2758 3882 3882 2758 3877 3882 3877 4171 4171 3877 4172 4171 4172 5183 5183 4172 5176 5183 5176 5430 5430 5176 5431 5430 5431 6484 6484 5431 6476 6484 6476 6812 6812 6476 6813 6812 6813 7865 7865 6813 7849 7865 7849 8121 8121 7849 8122 8121 8122 9307 9307 8122 9300 9307 9300 9634 9634 9300 9613 9634 9613 10584 10584 9613 10579 10584 10579 10849 10849 10579 10850 10849 10850 11897 11897 10850 11891 11897 11891 12225 12225 11891 12226 12225 12226 13273 13273 12226 13265 13273 13265 13465 13465 13265 13502 13465 13502 14847 14847 13502 14839 14847 14839 15108 15108 14839 15109 15108 15109 15459 15459 15109 15457 15459 15457 15535 15535 15457 15536 15535 15536 15249 15249 15536 15252 15249 15252 15016 15016 15252 15017 15016 15017 13689 13689 15017 13691 13689 13691 13566 13566 13691 13567 13566 13567 12451 12451 13567 12456 12451 12456 12166 12166 12456 12167 12166 12167 11174 11174 12167 11183 11174 11183 10920 10920 11183 10921 10920 10921 9890 9890 10921 9897 9890 9897 9551 9551 9897 9552 9551 9552 8513 8513 9552 8527 8513 8527 8265 8265 8527 8266 8265 8266 7071 7071 8266 7076 7071 7076 6722 6722 7076 6754 6722 6754 5774 5774 6754 5778 5774 5778 5507 5507 5778 5508 5507 5508 4443 4443 5508 4451 4443 4451 4102 4102 4451 4103 4102 4103 3034 3034 4103 3041 3034 3041 2821 2821 3041 2822 2821 2822 1430 1430 2822 1436 1430 1436 1202 1202 1436 1203 1202 1203 799 799 1203 801 799 801 747 747 801 748 747 748 1007 1007 748 1004 1007 1004 1250 1250 1004 1251 1250 1251 2593 2593 1251 2591 2593 2591 2759 2759 2591 2760 2759 2760 3864 3864 2760 3860 3864 3860 4173 4173 3860 4174 4173 4174 5149 5149 4174 5139 5149 5139 5432 5432 5139 5433 5432 5433 6451 6451 5433 6443 6451 6443 6814 6814 6443 6815 6814 6815 7827 7827 6815 7817 7827 7817 8123 8123 7817 8124 8123 8124 9274 9274 8124 9268 9274 9268 9635 9635 9268 9636 9635 9636 10551 10551 9636 10546 10551 10546 10816 10816 10546 10851 10816 10851 11867 11867 10851 11858 11867 11858 12246 12246 11858 12227 12246 12227 13238 13238 12227 13232 13238 13232 13466 13466 13232 13467 13466 13467 14825 14825 13467 14818 14825 14818 15110 15110 14818 15111 15110 15111 15455 15455 15111 15453 15455 15453 15537 15537 15453 15538 15537 15538 15255 15255 15538 15259 15255 15259 15018 15018 15259 15019 15018 15019 13700 13700 15019 13702 13700 13702 13568 13568 13702 13569 13568 13569 12466 12466 13569 12470 12466 12470 12140 12140 12470 12168 12140 12168 11209 11209 12168 11220 11209 11220 10922 10922 11220 10923 10922 10923 9921 9921 10923 9928 9921 9928 9525 9525 9928 9553 9525 9553 8548 8548 9553 8558 8548 8558 8267 8267 8558 8268 8267 8268 7102 7102 8268 7106 7102 7106 6723 6723 7106 6724 6723 6724 5804 5804 6724 5811 5804 5811 5527 5527 5811 5528 5527 5528 4475 4475 5528 4487 4475 4487 4104 4104 4487 4105 4104 4105 3070 3070 4105 3077 3070 3077 2823 2823 3077 2824 2823 2824 1452 1452 2824 1455 1452 1455 1204 1204 1455 1205 1204 1205 803 803 1205 805 803 805 749 749 805 751 749 751 1000 1000 751 997 1000 997 1252 1252 997 1253 1252 1253 2583 2583 1253 2581 2583 2581 2761 2761 2581 2763 8235 8236 6943 6943 8236 6949 6943 6949 6763 6763 6949 6764 6763 6764 5650 5650 6764 5657 5650 5657 5499 5499 5657 5500 5499 5500 4308 4308 5500 4317 4308 4317 4094 4094 4317 4095 4094 4095 2917 2917 4095 2921 2917 2921 2812 2812 2921 2813 2812 2813 1313 1313 2813 1316 1313 1316 1190 1190 1316 1192 1190 1192 783 783 1192 785 783 785 738 738 785 739 738 739 1056 1056 739 1052 1056 1052 1191 1191 1052 1193 1191 1193 2644 2644 1193 2637 2644 2637 2750 2750 2637 2751 2750 2751 3944 3944 2751 3937 3944 3937 4165 4165 3937 4166 4165 4166 5280 5280 4166 5274 5280 5274 5462 5462 5274 5463 5462 5463 6585 6585 5463 6575 6585 6575 6791 6791 6575 6792 6791 6792 7957 7957 6792 7946 7957 7946 8154 8154 7946 8155 8154 8155 9404 9404 8155 9396 9404 9396 9601 9601 9396 9602 9601 9602 10677 10677 9602 10671 10677 10671 10843 10843 10671 10844 10843 10844 11996 11996 10844 11989 11996 11989 12211 12211 11989 12212 12211 12212 13360 13360 12212 13356 13360 13356 13496 13496 13356 13497 13496 13497 14945 14945 13497 14941 14945 14941 15079 15079 14941 15080 15079 15080 15471 15471 15080 15469 15471 15469 15528 15528 15469 15529 15528 15529 15212 15212 15529 15217 15212 15217 15048 15048 15217 15049 15048 15049 13651 13651 15049 13657 13651 13657 13536 13536 13657 13537 13536 13537 12387 12387 13537 12395 12387 12395 12175 12175 12395 12176 12175 12176 11077 11077 12176 11084 11077 11084 10890 10890 11084 10891 10890 10891 9788 9788 10891 9797 9788 9797 9570 9570 9797 9571 9570 9571 8417 8417 9571 8430 8417 8430 8237 8237 8430 8238 8237 8238 6974 6974 8238 6980 6974 6980 6748 6748 6980 6749 6748 6749 5680 5680 6749 5687 5680 5687 5501 5501 5687 5502 5501 5502 4344 4344 5502 4351 4344 4351 4096 4096 4351 4097 4096 4097 2941 2941 4097 2944 2941 2944 2814 2814 2944 2815 2814 2815 1323 1323 2815 1327 1323 1327 1194 1194 1327 1196 1194 1196 787 787 1196 789 787 789 740 740 789 742 740 742 1035 1035 742 1025 1035 1025 1195 1195 1025 1197 1195 1197 2629 2629 1197 2625 2629 2625 2752 2752 2625 2754 2752 2754 3919 3919 2754 3914 3919 3914 4167 4167 3914 4168 4167 4168 5248 5248 4168 5241 5248 5241 5427 5427 5241 5464 5427 5464 6552 6552 5464 6543 6552 6543 6793 6793 6543 6794 6793 6794 7926 7926 6794 7913 7926 7913 8156 8156 7913 8157 8156 8157 9371 9371 8157 9363 9371 9363 9609 9609 9363 9610 9609 9610 10647 10647 9610 10641 10647 10641 10845 10845 10641 10846 10845 10846 11963 11963 10846 11955 11963 11955 12222 12222 11955 12213 12222 12213 13336 13336 12213 13330 13336 13330 13498 13498 13330 13499 13498 13499 14924 14924 13499 14916 14924 14916 15081 15081 14916 15082 15081 15082 15467 15467 15082 15465 15467 15465 15531 15531 15465 15532 15531 15532 15235 15235 15532 15237 15235 15237 15013 15013 15237 15050 15013 15050 13666 13666 15050 13669 13666 13669 13562 13562 13669 13563 13562 13563 12411 12411 13563 12416 12411 12416 12163 12163 12416 12177 12163 12177 11110 11110 12177 11117 11110 11117 10916 10916 11117 10917 10916 10917 9821 9821 10917 9829 9821 9829 9548 9548 9829 9572 9548 9572 8449 8449 9572 8463 8449 8463 8239 8239 8463 8240 8239 8240 7006 7006 8240 7013 7006 7013 6750 6750 7013 6751 6750 6751 5710 5710 6751 5717 5710 5717 5503 5503 5717 5504 5503 5504 4375 4375 5504 4382 4375 4382 4098 4098 4382 4099 4098 4099 2967 2967 4099 2974 2967 2974 2817 2817 2974 2818 2817 2818 1354 1354 2818 1361 1354 1361 1198 1198 1361 1199 1198 1199 791 791 1199 793 791 793 743 743 793 744 743 744 1021 1021 744 1019 1021 1019 1246 1246 1019 1247 1246 1247 2614 2614 1247 2611 2614 2611 2755 2755 2611 2756 2755 2756 3900 3900 2756 3896 3900 3896 4169 4169 3896 4170 4169 4170 5216 5216 4170 5208 5216 5208 5428 5428 5208 5429 5428 5429 6521 6521 5429 6513 6521 6513 6810 6810 6513 6811 6810 6811 7896 7896 6811 7881 7896 7881 8119 8119 7881 8120 8119 8120 9339 9339 8120 9332 9339 9332 9611 9611 9332 9612 9611 9612 10614 10614 9612 10609 10614 10609 10847 10847 10609 10848 10847 10848 11932 11932 10848 11926 11932 11926 12223 12223 11926 12224 12223 12224 13307 13307 12224 13299 13307 13299 13500 13500 13299 13501 2688 2743 2692 2692 2743 4028 2692 4028 4035 4035 4028 4130 4035 4130 5380 5380 4130 5373 5380 5373 5476 5476 5373 5477 5476 5477 6683 6683 5477 6676 6683 6676 6776 6776 6676 6777 6776 6777 8071 8071 6777 8066 8071 8066 8211 8211 8066 8212 8211 8212 9494 9494 8212 9487 9494 9487 9590 9590 9487 9591 9590 9591 10774 10774 9591 10766 10774 10766 10867 10867 10766 10869 10867 10869 12097 12097 10869 12086 12097 12086 12196 12196 12086 12201 12196 12201 13423 13423 12201 13418 13423 13418 13513 13513 13418 13514 13513 13514 14979 14979 13514 14976 14979 14976 15061 15061 14976 15063 15061 15063 15483 15483 15063 15481 15483 15481 15522 15522 15481 15523 15522 15523 15145 15145 15523 15149 15145 15149 15062 15062 15149 15064 15062 15064 13603 13603 15064 13607 13603 13607 13530 13530 13607 13531 13530 13531 12296 12296 13531 12302 12296 12302 12187 12187 12302 12188 12187 12188 10978 10978 12188 10985 10978 10985 10868 10868 10985 10870 10868 10870 9694 9694 10870 9700 9694 9700 9577 9577 9700 9578 9577 9578 8326 8326 9578 8334 8326 8334 8213 8213 8334 8214 8213 8214 6882 6882 8214 6888 6882 6888 6767 6767 6888 6768 6767 6768 5586 5586 6768 5593 5586 5593 5478 5478 5593 5479 5478 5479 4237 4237 5479 4249 4237 4249 4090 4090 4249 4091 4090 4091 2876 2876 4091 2881 2876 2881 2744 2744 2881 2746 2744 2746 1287 1287 2746 1291 1287 1291 1182 1182 1291 1184 1182 1184 775 775 1184 777 775 777 734 734 777 735 734 735 1107 1107 735 1103 1107 1103 1183 1183 1103 1185 1183 1185 2676 2676 1185 2672 2676 2672 2745 2745 2672 2747 2745 2747 4001 4001 2747 3996 4001 3996 4131 4131 3996 4132 4131 4132 5350 5350 4132 5342 5350 5342 5458 5458 5342 5459 5458 5459 6651 6651 5459 6643 6651 6643 6781 6781 6643 6782 6781 6782 8020 8020 6782 8013 8020 8013 8150 8150 8013 8151 8150 8151 9462 9462 8151 9456 9462 9456 9592 9592 9456 9598 9592 9598 10742 10742 9598 10736 10742 10736 10871 10871 10736 10872 10871 10872 12063 12063 10872 12054 12063 12054 12202 12202 12054 12203 12202 12203 13402 13402 12203 13400 13402 13400 13515 13515 13400 13516 13515 13516 14968 14968 13516 14962 14968 14962 15075 15075 14962 15076 15075 15076 15479 15479 15076 15477 15479 15477 15524 15524 15477 15525 15524 15525 15164 15164 15525 15172 15164 15172 15044 15044 15172 15045 15044 15045 13620 13620 15045 13624 13620 13624 13532 13532 13624 13533 13532 13533 12329 12329 13533 12337 12329 12337 12189 12189 12337 12181 12189 12181 11010 11010 12181 11017 11010 11017 10886 10886 11017 10887 10886 10887 9725 9725 10887 9732 9725 9732 9579 9579 9732 9580 9579 9580 8357 8357 9580 8366 8357 8366 8233 8233 8366 8234 8233 8234 6913 6913 8234 6919 6913 6919 6761 6761 6919 6762 6761 6762 5619 5619 6762 5624 5619 5624 5480 5480 5624 5481 5480 5481 4274 4274 5481 4282 4274 4282 4092 4092 4282 4093 4092 4093 2899 2899 4093 2901 2899 2901 2810 2810 2901 2811 2810 2811 1299 1299 2811 1305 1299 1305 1186 1186 1305 1188 1186 1188 779 779 1188 781 779 781 736 736 781 737 736 737 1080 1080 737 1068 1080 1068 1187 1187 1068 1189 1187 1189 2661 2661 1189 2656 2661 2656 2748 2748 2656 2749 2748 2749 3970 3970 2749 3961 3970 3961 4163 4163 3961 4164 4163 4164 5315 5315 4164 5309 5315 5309 5460 5460 5309 5461 5460 5461 6617 6617 5461 6608 6617 6608 6789 6789 6608 6790 6789 6790 7990 7990 6790 7980 7990 7980 8152 8152 7980 8153 8152 8153 9433 9433 8153 9427 9433 9427 9599 9599 9427 9600 9599 9600 10709 10709 9600 10703 10709 10703 10873 10873 10703 10874 10873 10874 12028 12028 10874 12021 12028 12021 12206 12206 12021 12207 12206 12207 13383 13383 12207 13379 13383 13379 13494 13494 13379 13495 13494 13495 14955 14955 13495 14952 14955 14952 15077 15077 14952 15078 15077 15078 15475 15475 15078 15473 15475 15473 15526 15526 15473 15527 15526 15527 15196 15196 15527 15200 15196 15200 15046 15046 15200 15047 15046 15047 13636 13636 15047 13640 13636 13640 13534 13534 13640 13535 13534 13535 12360 12360 13535 12370 12360 12370 12182 12182 12370 12183 12182 12183 11042 11042 12183 11048 11042 11048 10888 10888 11048 10889 10888 10889 9756 9756 10889 9766 9756 9766 9568 9568 9766 9569 9568 9569 8387 8387 9569 8398 8387 8398 8235 8235 8398 8236 2688 2692 1181 1181 2692 1123 1181 1123 1120 1120 1123 771 1120 771 733 4205 2858 2853 2853 2858 1280 2853 1280 1277 1277 1280 1180 1277 1180 771 771 1180 773 771 773 733 4089 5563 4205 4205 5563 4214 4205 4214 2858 4043 2697 2742 2742 2697 1130 2742 1130 1179 1179 1130 769 1179 769 732 732 769 1273 732 1273 1178 1178 1273 2845 1178 2845 2741 2741 2845 4197 2741 4197 4128 4128 4197 5546 4128 5546 5474 5474 5546 6843 5474 6843 6774 6774 6843 8288 6774 8288 8208 8208 8288 9516 8208 9516 9584 9584 9516 10796 9584 10796 10865 10865 10796 12120 10865 12120 12194 12194 12120 13443 12194 13443 13511 13511 13443 14986 13511 14986 15059 15059 14986 15485 15059 15485 15521 15521 15485 15133 15521 15133 15060 15060 15133 13592 15060 13592 13512 13512 13592 12271 13512 12271 12195 12195 12271 10954 12195 10954 10866 10866 10954 9669 10866 9669 9585 9585 9669 8296 9585 8296 8209 8209 8296 6859 8209 6859 6775 6775 6859 5563 6775 5563 5475 5475 5563 4089 5475 4089 4129 4129 4089 4043 4129 4043 2742 8224 7528 6778 6778 7528 6824 6778 6824 6243 9586 8989 8224 8224 8989 8141 8224 8141 7528 10879 10262 9586 9586 10262 9652 9586 9652 8989 12197 11570 10879 10879 11570 10831 10879 10831 10262 13521 12925 12197 12197 12925 12261 12197 12261 11570 15065 14554 13521 13521 14554 13483 13521 13483 12925 15557 15417 15065 15065 15417 15128 15065 15128 14554 15066 15353 15557 15557 15353 15556 15557 15556 15417 13759 13899 15066 15066 13899 15036 15066 15036 15353 13758 15052 13898 13898 15052 14989 14989 15052 15352 15352 15052 15486 15352 15486 15487 15487 15486 15416 15416 15486 15051 15416 15051 15083 15083 15051 14553 14553 15051 13504 14553 13504 13446 12190 10854 10800 10800 11569 12190 12190 11569 12230 12190 12230 13504 13504 12230 12924 13504 12924 13446 9581 8158 8096 8096 8988 9581 9581 8988 9615 9581 9615 10854 10854 9615 10261 10854 10261 10800 5403 6242 6769 6769 6242 6795 6769 6795 8158 8158 6795 7527 8158 7527 8096 6769 5900 5403 5403 5900 5465 5403 5465 5000 5000 5465 4998 15426 15428 15492 15492 15428 15493 15492 15493 15310 15310 15493 15307 15310 15307 14994 14994 15307 14995 14994 14995 13832 13832 14995 13826 13832 13826 13542 13542 13826 13543 13542 13543 12535 12535 13543 12531 12535 12531 12156 12156 12531 12128 12156 12128 11331 11331 12128 11326 11331 11326 10896 10896 11326 10897 10896 10897 10101 10101 10897 10097 10101 10097 9536 9536 10097 9518 9536 9518 8755 8755 9518 8750 8755 8750 8245 8245 8750 8246 8245 8246 7302 7302 8246 7291 7302 7291 6707 6707 7291 6708 6707 6708 6027 6027 6708 6019 6027 6019 5513 5513 6019 5514 5513 5514 4689 4689 5514 4682 4689 4682 4060 4060 4682 4061 4060 4061 3294 3294 4061 3285 3294 3285 2784 2784 3285 2785 2784 2785 1627 1627 2785 1623 1627 1623 1138 1138 1623 1139 1138 1139 832 832 1139 828 832 828 702 702 828 703 702 703 941 941 703 946 941 946 1226 1226 946 1227 1226 1227 2456 2456 1227 2460 2456 2460 2708 2708 2460 2709 2708 2709 3774 3774 2709 3777 3774 3777 4137 4137 3777 4138 4137 4138 5011 5011 4138 5014 5011 5014 5406 5406 5014 5407 5406 5407 6255 6255 5407 6258 6255 6258 6797 6797 6258 6826 6797 6826 7590 7590 6826 7595 7590 7595 8099 8099 7595 8100 8099 8100 9042 9042 8100 9052 9042 9052 9617 9617 9052 9618 9617 9618 10318 10318 9618 10326 10318 10326 10833 10833 10326 10802 10833 10802 11628 11628 10802 11636 11628 11636 12215 12215 11636 12232 12215 12232 12983 12983 12232 12990 12983 12990 13448 13448 12990 13449 13448 13449 14632 14632 13449 14636 14632 14636 15086 15086 14636 15087 15086 15087 15422 15422 15087 15424 15422 15424 15490 15490 15424 15491 15490 15491 15332 15332 15491 15324 15332 15324 14992 14992 15324 14993 14992 14993 13856 13856 14993 13850 13856 13850 13540 13540 13850 13541 13540 13541 12542 12542 13541 12539 12542 12539 12155 12155 12539 12127 12155 12127 11338 11338 12127 11335 11338 11335 10894 10894 11335 10895 10894 10895 10113 10113 10895 10109 10113 10109 9535 9535 10109 9517 9535 9517 8787 8787 9517 8782 8787 8782 8243 8243 8782 8244 8243 8244 7338 7338 8244 7327 7338 7327 6740 6740 7327 6706 6740 6706 6062 6062 6706 6053 6062 6053 5488 5488 6053 5512 5488 5512 4726 4726 5512 4716 4726 4716 4058 4058 4716 4059 4058 4059 3327 3327 4059 3321 3327 3321 2782 2782 3321 2783 2782 2783 1650 1650 2783 1644 1650 1644 1136 1136 1644 1137 1136 1137 836 836 1137 834 836 834 700 700 834 701 700 701 918 918 701 922 918 922 1224 1224 922 1225 1224 1225 2430 2430 1225 2436 2430 2436 2706 2706 2436 2707 2706 2707 3768 3768 2707 3771 3768 3771 4135 4135 3771 4136 4135 4136 5005 5005 4136 5007 5005 5007 5404 5404 5007 5405 5404 5405 6246 6246 5405 6248 6246 6248 6796 6796 6248 6825 6796 6825 7537 7537 6825 7543 7537 7543 8097 8097 7543 8098 8097 8098 9009 9009 8098 9020 9009 9020 9603 9603 9020 9616 9603 9616 10284 10284 9616 10293 10284 10293 10832 10832 10293 10801 10832 10801 11595 11595 10801 11603 11595 11603 12214 12214 11603 12231 12214 12231 12949 12949 12231 12958 12949 12958 13484 13484 12958 13447 13484 13447 14596 14596 13447 14605 14596 14605 15084 15084 14605 15085 15084 15085 15418 15418 15085 15420 15418 15420 15488 15488 15420 15489 15488 15489 15345 15345 15489 15341 15345 15341 14990 14990 15341 14991 14990 14991 13881 13881 14991 13875 13881 13875 13538 13538 13875 13539 13538 13539 12546 12546 13539 12544 12546 12544 12154 12154 12544 12126 12154 12126 11344 11344 12126 11342 11344 11342 10892 10892 11342 10893 10892 10893 10119 10119 10893 10117 10119 10117 9533 9533 10117 9534 9533 9534 8819 8819 9534 8816 8819 8816 8241 8241 8816 8242 8241 8242 7370 7370 8242 7359 7370 7359 6739 6739 7359 6705 6739 6705 6092 6092 6705 6084 6092 6084 5487 5487 6084 5511 5487 5511 4756 4756 5511 4751 4756 4751 4056 4056 4751 4057 4056 4057 3362 3362 4057 3353 3362 3353 2780 2780 3353 2781 2780 2781 1706 1706 2781 1688 1706 1688 1134 1134 1688 1135 1134 1135 840 840 1135 838 840 838 698 698 838 699 698 699 908 908 699 912 908 912 1222 1222 912 1223 1222 1223 2408 2408 1223 2412 2408 2412 2704 2704 2412 2705 2704 2705 3763 3763 2705 3765 3763 3765 4133 4133 3765 4134 4133 4134 4998 4998 4134 5000 5925 5919 5519 5519 5919 5520 5519 5520 4588 4588 5520 4579 4588 4579 4066 4066 4579 4067 4066 4067 3186 3186 4067 3177 3186 3177 2790 2790 3177 2791 2790 2791 1511 1511 2791 1503 1511 1503 1144 1144 1503 1145 1144 1145 818 818 1145 814 818 814 708 708 814 709 708 709 977 977 709 979 977 979 1232 1232 979 1233 1232 1233 2524 2524 1233 2529 2524 2529 2714 2714 2529 2715 2714 2715 3800 3800 2715 3803 3800 3803 4143 4143 3803 4144 4143 4144 5048 5048 4144 5052 5048 5052 5412 5412 5052 5413 5412 5413 6313 6313 5413 6323 6313 6323 6800 6800 6323 6829 6800 6829 7683 7683 6829 7690 7683 7690 8105 8105 7690 8106 8105 8106 9141 9141 8106 9149 9141 9149 9623 9623 9149 9624 9623 9624 10413 10413 9624 10421 10413 10421 10807 10807 10421 10808 10807 10808 11729 11729 10808 11734 11729 11734 12237 12237 11734 12238 12237 12238 13084 13084 12238 13094 13084 13094 13454 13454 13094 13455 13454 13455 14732 14732 13455 14740 14732 14740 15092 15092 14740 15093 15092 15093 15434 15434 15093 15436 15434 15436 15496 15496 15436 15497 15496 15497 15288 15288 15497 15284 15288 15284 14998 14998 15284 14999 14998 14999 13786 13786 14999 13781 13786 13781 13546 13546 13781 13547 13546 13547 12520 12520 13547 12517 12520 12517 12131 12131 12517 12132 12131 12132 11308 11308 12132 11303 11308 11303 10900 10900 11303 10901 10900 10901 10057 10057 10901 10047 10057 10047 9538 9538 10047 9520 9538 9520 8694 8694 9520 8687 8694 8687 8249 8249 8687 8250 8249 8250 7236 7236 8250 7227 7236 7227 6711 6711 7227 6712 6711 6712 5958 5958 6712 5951 5958 5951 5517 5517 5951 5518 5517 5518 4624 4624 5518 4618 4624 4618 4064 4064 4618 4065 4064 4065 3222 3222 4065 3213 3222 3213 2788 2788 3213 2789 2788 2789 1549 1549 2789 1544 1549 1544 1142 1142 1544 1143 1142 1143 822 822 1143 820 822 820 706 706 820 707 706 707 965 965 707 969 965 969 1230 1230 969 1231 1230 1231 2504 2504 1231 2507 2504 2507 2712 2712 2507 2713 2712 2713 3790 3790 2713 3793 3790 3793 4141 4141 3793 4142 4141 4142 5035 5035 4142 5038 5035 5038 5410 5410 5038 5411 5410 5411 6285 6285 5411 6291 6285 6291 6799 6799 6291 6828 6799 6828 7651 7651 6828 7657 7651 7657 8103 8103 7657 8104 8103 8104 9109 9109 8104 9118 9109 9118 9621 9621 9118 9622 9621 9622 10382 10382 9622 10389 10382 10389 10805 10805 10389 10806 10805 10806 11697 11697 10806 11703 11697 11703 12235 12235 11703 12236 12235 12236 13051 13051 12236 13058 13051 13058 13452 13452 13058 13453 13452 13453 14687 14687 13453 14698 14687 14698 15090 15090 14698 15091 15090 15091 15430 15430 15091 15432 15430 15432 15494 15494 15432 15495 15494 15495 15299 15299 15495 15295 15299 15295 14996 14996 15295 14997 14996 14997 13807 13807 14997 13801 13807 13801 13544 13544 13801 13545 13544 13545 12528 12528 13545 12525 12528 12525 12129 12129 12525 12130 12129 12130 11319 11319 12130 11315 11319 11315 10898 10898 11315 10899 10898 10899 10085 10085 10899 10080 10085 10080 9537 9537 10080 9519 9537 9519 8725 8725 9519 8720 8725 8720 8247 8247 8720 8248 8247 8248 7268 7268 8248 7260 7268 7260 6709 6709 7260 6710 6709 6710 5994 5994 6710 5986 5994 5986 5515 5515 5986 5516 5515 5516 4656 4656 5516 4650 4656 4650 4062 4062 4650 4063 4062 4063 3260 3260 4063 3250 3260 3250 2786 2786 3250 2787 2786 2787 1602 1602 2787 1593 1602 1593 1140 1140 1593 1141 1140 1141 826 826 1141 824 826 824 704 704 824 705 704 705 955 955 705 959 955 959 1228 1228 959 1229 1228 1229 2480 2480 1229 2485 2480 2485 2710 2710 2485 2711 2710 2711 3782 3782 2711 3785 3782 3785 4139 4139 3785 4140 4139 4140 5024 5024 4140 5027 5024 5027 5408 5408 5027 5409 5408 5409 6267 6267 5409 6271 6267 6271 6798 6798 6271 6827 6798 6827 7620 7620 6827 7625 7620 7625 8101 8101 7625 8102 8101 8102 9078 9078 8102 9087 9078 9087 9619 9619 9087 9620 9619 9620 10351 10351 9620 10359 10351 10359 10803 10803 10359 10804 10803 10804 11663 11663 10804 11671 11663 11671 12233 12233 11671 12234 12233 12234 13016 13016 12234 13025 13016 13025 13450 13450 13025 13451 13450 13451 14654 14654 13451 14658 14654 14658 15088 15088 14658 15089 15088 15089 15426 15426 15089 15428 5109 5115 5418 5418 5115 5419 5418 5419 6411 6411 5419 6416 6411 6416 6803 6803 6416 6832 6803 6832 7785 7785 6832 7794 7785 7794 8111 8111 7794 8112 8111 8112 9237 9237 8112 9240 9237 9240 9629 9629 9240 9630 9629 9630 10512 10512 9630 10518 10512 10518 10813 10813 10518 10814 10813 10814 11823 11823 10814 11833 11823 11833 12243 12243 11833 12244 12243 12244 13192 13192 12244 13202 13192 13202 13460 13460 13202 13461 13460 13461 14803 14803 13461 14806 14803 14806 15098 15098 14806 15099 15098 15099 15448 15448 15099 15450 15448 15450 15502 15502 15450 15503 15502 15503 15264 15264 15503 15261 15264 15261 15004 15004 15261 15005 15004 15005 13716 13716 15005 13713 13716 13713 13552 13552 13713 13553 13552 13553 12484 12484 13553 12480 12484 12480 12137 12137 12480 12138 12137 12138 11246 11246 12138 11242 11246 11242 10906 10906 11242 10907 10906 10907 9958 9958 10907 9952 9958 9952 9541 9541 9952 9523 9541 9523 8590 8590 9523 8580 8590 8580 8255 8255 8580 8256 8255 8256 7137 7137 8256 7133 7137 7133 6717 6717 7133 6718 6717 6718 5842 5842 6718 5835 5842 5835 5523 5523 5835 5524 5523 5524 4519 4519 5524 4509 4519 4509 4070 4070 4509 4071 4070 4071 3114 3114 4071 3104 3114 3104 2794 2794 3104 2795 2794 2795 1471 1471 2795 1465 1471 1465 1148 1148 1465 1149 1148 1149 808 808 1149 806 808 806 712 712 806 713 712 713 990 990 713 993 990 993 1236 1236 993 1237 1236 1237 2564 2564 1237 2566 2564 2566 2718 2718 2566 2719 2718 2719 3826 3826 2719 3829 3826 3829 4147 4147 3829 4148 4147 4148 5085 5085 4148 5088 5085 5088 5416 5416 5088 5417 5416 5417 6378 6378 5417 6385 6378 6385 6802 6802 6385 6831 6802 6831 7753 7753 6831 7763 7753 7763 8109 8109 7763 8110 8109 8110 9206 9206 8110 9210 9206 9210 9627 9627 9210 9628 9627 9628 10480 10480 9628 10487 10480 10487 10811 10811 10487 10812 10811 10812 11791 11791 10812 11798 11791 11798 12241 12241 11798 12242 12241 12242 13154 13154 12242 13165 13154 13165 13458 13458 13165 13459 13458 13459 14784 14784 13459 14788 14784 14788 15096 15096 14788 15097 15096 15097 15444 15444 15097 15446 15444 15446 15500 15500 15446 15501 15500 15501 15271 15271 15501 15268 15271 15268 15002 15002 15268 15003 15002 15003 13737 13737 15003 13732 13737 13732 13550 13550 13732 13551 13550 13551 12498 12498 13551 12494 12498 12494 12135 12135 12494 12136 12135 12136 11272 11272 12136 11266 11272 11266 10904 10904 11266 10905 10904 10905 9991 9991 10905 9984 9991 9984 9540 9540 9984 9522 9540 9522 8628 8628 9522 8619 8628 8619 8253 8253 8619 8254 8253 8254 7169 7169 8254 7164 7169 7164 6715 6715 7164 6716 6715 6716 5876 5876 6716 5868 5876 5868 5521 5521 5868 5522 5521 5522 4554 4554 5522 4545 4554 4545 4068 4068 4545 4069 4068 4069 3151 3151 4069 3141 3151 3141 2792 2792 3141 2793 2792 2793 1489 1489 2793 1484 1489 1484 1146 1146 1484 1147 1146 1147 812 812 1147 810 812 810 710 710 810 711 710 711 983 983 711 985 983 985 1234 1234 985 1235 1234 1235 2545 2545 1235 2548 2545 2548 2716 2716 2548 2717 2716 2717 3813 3813 2717 3816 3813 3816 4145 4145 3816 4146 4145 4146 5065 5065 4146 5070 5065 5070 5414 5414 5070 5415 5414 5415 6346 6346 5415 6354 6346 6354 6801 6801 6354 6830 6801 6830 7716 7716 6830 7723 7716 7723 8107 8107 7723 8108 8107 8108 9173 9173 8108 9179 9173 9179 9625 9625 9179 9626 9625 9626 10449 10449 9626 10457 10449 10457 10809 10809 10457 10810 10809 10810 11757 11757 10810 11765 11757 11765 12239 12239 11765 12240 12239 12240 13123 13123 12240 13129 13123 13129 13456 13456 13129 13457 13456 13457 14767 14767 13457 14771 14767 14771 15094 15094 14771 15095 15094 15095 15440 15440 15095 15442 15440 15442 15498 15498 15442 15499 15498 15499 15279 15279 15499 15277 15279 15277 15000 15000 15277 15001 15000 15001 13765 13765 15001 13761 13765 13761 13548 13548 13761 13549 13548 13549 12510 12510 13549 12505 12510 12505 12133 12133 12505 12134 12133 12134 11290 11290 12134 11285 11290 11285 10902 10902 11285 10903 10902 10903 10025 10025 10903 10016 10025 10016 9539 9539 10016 9521 9539 9521 8660 8660 9521 8652 8660 8652 8251 8251 8652 8252 8251 8252 7204 7204 8252 7196 7204 7196 6713 6713 7196 6714 6713 6714 5925 5925 6714 5919 15460 15462 15508 15508 15462 15509 15508 15509 15243 15243 15509 15240 15243 15240 15010 15010 15240 15011 15010 15011 13678 13678 15011 13676 13678 13676 13558 13558 13676 13559 13558 13559 12434 12434 13559 12429 12434 12429 12160 12160 12429 12161 12160 12161 11149 11149 12161 11142 11149 11142 10912 10912 11142 10913 10912 10913 9861 9861 10913 9852 9861 9852 9545 9545 9852 9546 9545 9546 8493 8493 9546 8478 8493 8478 8261 8261 8478 8262 8261 8262 7043 7043 8262 7037 7043 7037 6742 6742 7037 6743 6742 6743 5746 5746 6743 5741 5746 5741 5491 5491 5741 5492 5491 5492 4414 4414 5492 4408 4414 4408 4076 4076 4408 4077 4076 4077 3006 3006 4077 2998 3006 2998 2800 2800 2998 2801 2800 2801 1398 1398 2801 1390 1398 1390 1154 1154 1390 1155 1154 1155 796 796 1155 794 796 794 718 718 794 719 718 719 1011 1011 719 1014 1011 1014 1242 1242 1014 1243 1242 1243 2600 2600 1243 2602 2600 2602 2724 2724 2602 2725 2724 2725 3876 3876 2725 3881 3876 3881 4153 4153 3881 4154 4153 4154 5175 5175 4154 5182 5175 5182 5422 5422 5182 5423 5422 5423 6475 6475 5423 6483 6475 6483 6806 6806 6483 6807 6806 6807 7848 7848 6807 7864 7848 7864 8115 8115 7864 8116 8115 8116 9299 9299 8116 9306 9299 9306 9604 9604 9306 9633 9604 9633 10578 10578 9633 10583 10578 10583 10835 10835 10583 10836 10835 10836 11890 11890 10836 11896 11890 11896 12217 12217 11896 12218 12217 12218 13264 13264 12218 13272 13264 13272 13485 13485 13272 13464 13485 13464 14838 14838 13464 14846 14838 14846 15102 15102 14846 15103 15102 15103 15456 15456 15103 15458 15456 15458 15506 15506 15458 15507 15506 15507 15251 15251 15507 15248 15251 15248 15008 15008 15248 15009 15008 15009 13690 13690 15009 13688 13690 13688 13556 13556 13688 13557 13556 13557 12455 12455 13557 12450 12455 12450 12158 12158 12450 12159 12158 12159 11182 11182 12159 11173 11182 11173 10910 10910 11173 10911 10910 10911 9896 9896 10911 9889 9896 9889 9543 9543 9889 9544 9543 9544 8526 8526 9544 8512 8526 8512 8259 8259 8512 8260 8259 8260 7075 7075 8260 7070 7075 7070 6741 6741 7070 6721 6741 6721 5777 5777 6721 5773 5777 5773 5489 5489 5773 5490 5489 5490 4450 4450 5490 4442 4450 4442 4074 4074 4442 4075 4074 4075 3040 3040 4075 3033 3040 3033 2798 2798 3033 2799 2798 2799 1435 1435 2799 1429 1435 1429 1152 1152 1429 1153 1152 1153 800 800 1153 798 800 798 716 716 798 717 716 717 1003 1003 717 1006 1003 1006 1240 1240 1006 1241 1240 1241 2590 2590 1241 2592 2590 2592 2722 2722 2592 2723 2722 2723 3859 3859 2723 3863 3859 3863 4151 4151 3863 4152 4151 4152 5138 5138 4152 5148 5138 5148 5420 5420 5148 5421 5420 5421 6442 6442 5421 6450 6442 6450 6804 6804 6450 6805 6804 6805 7816 7816 6805 7826 7816 7826 8113 8113 7826 8114 8113 8114 9267 9267 8114 9273 9267 9273 9631 9631 9273 9632 9631 9632 10545 10545 9632 10550 10545 10550 10834 10834 10550 10815 10834 10815 11857 11857 10815 11866 11857 11866 12216 12216 11866 12245 12216 12245 13231 13231 12245 13237 13231 13237 13462 13462 13237 13463 13462 13463 14817 14817 13463 14824 14817 14824 15100 15100 14824 15101 15100 15101 15452 15452 15101 15454 15452 15454 15504 15504 15454 15505 15504 15505 15258 15258 15505 15254 15258 15254 15006 15006 15254 15007 15006 15007 13701 13701 15007 13699 13701 13699 13554 13554 13699 13555 13554 13555 12469 12469 13555 12465 12469 12465 12157 12157 12465 12139 12157 12139 11219 11219 12139 11208 11219 11208 10908 10908 11208 10909 10908 10909 9927 9927 10909 9920 9927 9920 9542 9542 9920 9524 9542 9524 8557 8557 9524 8547 8557 8547 8257 8257 8547 8258 8257 8258 7105 7105 8258 7101 7105 7101 6719 6719 7101 6720 6719 6720 5810 5810 6720 5803 5810 5803 5525 5525 5803 5526 5525 5526 4486 4486 5526 4474 4486 4474 4072 4072 4474 4073 4072 4073 3076 3076 4073 3069 3076 3069 2796 2796 3069 2797 2796 2797 1454 1454 2797 1451 1454 1451 1150 1150 1451 1151 1150 1151 804 804 1151 802 804 802 714 714 802 715 714 715 996 996 715 999 996 999 1238 1238 999 1239 1238 1239 2580 2580 1239 2582 2580 2582 2720 2720 2582 2721 2720 2721 3842 3842 2721 3846 3842 3846 4149 4149 3846 4150 4149 4150 5109 5109 4150 5115 5656 5649 5497 5497 5649 5498 5497 5498 4316 4316 5498 4307 4316 4307 4082 4082 4307 4083 4082 4083 2920 2920 4083 2916 2920 2916 2806 2806 2916 2807 2806 2807 1315 1315 2807 1312 1315 1312 1163 1163 1312 1165 1163 1165 784 784 1165 782 784 782 724 724 782 725 724 725 1051 1051 725 1055 1051 1055 1162 1162 1055 1164 1162 1164 2636 2636 1164 2643 2636 2643 2730 2730 2643 2731 2730 2731 3936 3936 2731 3943 3936 3943 4159 4159 3943 4160 4159 4160 5273 5273 4160 5279 5273 5279 5452 5452 5279 5453 5452 5453 6574 6574 5453 6584 6574 6584 6785 6785 6584 6786 6785 6786 7945 7945 6786 7956 7945 7956 8144 8144 7956 8145 8144 8145 9395 9395 8145 9403 9395 9403 9593 9593 9403 9594 9593 9594 10670 10670 9594 10676 10670 10676 10841 10841 10676 10842 10841 10842 11988 11988 10842 11995 11988 11995 12209 12209 11995 12210 12209 12210 13355 13355 12210 13359 13355 13359 13490 13490 13359 13491 13490 13491 14940 14940 13491 14944 14940 14944 15069 15069 14944 15070 15069 15070 15468 15468 15070 15470 15468 15470 15512 15512 15470 15513 15512 15513 15216 15216 15513 15211 15216 15211 15038 15038 15211 15039 15038 15039 13656 13656 15039 13650 13656 13650 13522 13522 13650 13523 13522 13523 12394 12394 13523 12386 12394 12386 12173 12173 12386 12174 12173 12174 11083 11083 12174 11076 11083 11076 10880 10880 11076 10881 10880 10881 9796 9796 10881 9787 9796 9787 9564 9564 9787 9565 9564 9565 8429 8429 9565 8416 8429 8416 8227 8227 8416 8228 8227 8228 6979 6979 8228 6973 6979 6973 6746 6746 6973 6747 6746 6747 5686 5686 6747 5679 5686 5679 5495 5495 5679 5496 5495 5496 4350 4350 5496 4343 4350 4343 4080 4080 4343 4081 4080 4081 2943 2943 4081 2940 2943 2940 2804 2804 2940 2805 2804 2805 1326 1326 2805 1322 1326 1322 1159 1159 1322 1161 1159 1161 788 788 1161 786 788 786 722 722 786 723 722 723 1024 1024 723 1034 1024 1034 1158 1158 1034 1160 1158 1160 2624 2624 1160 2628 2624 2628 2728 2728 2628 2729 2728 2729 3913 3913 2729 3918 3913 3918 4157 4157 3918 4158 4157 4158 5240 5240 4158 5247 5240 5247 5451 5451 5247 5426 5451 5426 6542 6542 5426 6551 6542 6551 6783 6783 6551 6784 6783 6784 7912 7912 6784 7925 7912 7925 8142 8142 7925 8143 8142 8143 9362 9362 8143 9370 9362 9370 9607 9607 9370 9608 9607 9608 10640 10640 9608 10646 10640 10646 10839 10839 10646 10840 10839 10840 11954 11954 10840 11962 11954 11962 12208 12208 11962 12221 12208 12221 13329 13329 12221 13335 13329 13335 13488 13488 13335 13489 13488 13489 14915 14915 13489 14923 14915 14923 15067 15067 14923 15068 15067 15068 15464 15464 15068 15466 15464 15466 15510 15510 15466 15511 15510 15511 15236 15236 15511 15234 15236 15234 15037 15037 15234 15012 15037 15012 13668 13668 15012 13665 13668 13665 13560 13560 13665 13561 13560 13561 12415 12415 13561 12410 12415 12410 12172 12172 12410 12162 12172 12162 11116 11116 12162 11109 11116 11109 10914 10914 11109 10915 10914 10915 9828 9828 10915 9820 9828 9820 9563 9563 9820 9547 9563 9547 8462 8462 9547 8448 8462 8448 8225 8225 8448 8226 8225 8226 7012 7012 8226 7005 7012 7005 6744 6744 7005 6745 6744 6745 5716 5716 6745 5709 5716 5709 5493 5493 5709 5494 5493 5494 4381 4381 5494 4374 4381 4374 4078 4078 4374 4079 4078 4079 2973 2973 4079 2966 2973 2966 2802 2802 2966 2803 2802 2803 1360 1360 2803 1353 1360 1353 1156 1156 1353 1157 1156 1157 792 792 1157 790 792 790 720 720 790 721 720 721 1018 1018 721 1020 1018 1020 1244 1244 1020 1245 1244 1245 2610 2610 1245 2613 2610 2613 2726 2726 2613 2727 2726 2727 3895 3895 2727 3899 3895 3899 4155 4155 3899 4156 4155 4156 5207 5207 4156 5215 5207 5215 5424 5424 5215 5425 5424 5425 6512 6512 5425 6520 6512 6520 6808 6808 6520 6809 6808 6809 7880 7880 6809 7895 7880 7895 8117 8117 7895 8118 8117 8118 9331 9331 8118 9338 9331 9338 9605 9605 9338 9606 9605 9606 10608 10608 9606 10613 10608 10613 10837 10837 10613 10838 10837 10838 11925 11925 10838 11931 11925 11931 12219 12219 11931 12220 12219 12220 13298 13298 12220 13306 13298 13306 13486 13486 13306 13487 13486 13487 14886 14886 13487 14898 14886 14898 15104 15104 14898 15105 15104 15105 15460 15460 15105 15462 4034 5379 5372 5649 5656 6758 6758 5656 6757 6758 6757 6942 6942 6757 6948 6942 6948 8230 8230 6948 8229 8230 8229 8386 8386 8229 8397 8386 8397 9567 9567 8397 9566 9567 9566 9755 9755 9566 9765 9755 9765 10883 10883 9765 10882 10883 10882 11041 11041 10882 11047 11041 11047 12179 12179 11047 12178 12179 12178 12359 12359 12178 12369 12359 12369 13525 13525 12369 13524 13525 13524 13635 13635 13524 13639 13635 13639 15041 15041 13639 15040 15041 15040 15195 15195 15040 15199 15195 15199 15515 15515 15199 15514 15515 15514 15474 15474 15514 15472 15474 15472 15072 15072 15472 15071 15072 15071 14954 14954 15071 14951 14954 14951 13493 13493 14951 13492 13493 13492 13382 13382 13492 13378 13382 13378 12205 12205 13378 12204 12205 12204 12027 12027 12204 12020 12027 12020 10856 10856 12020 10855 10856 10855 10708 10708 10855 10702 10708 10702 9596 9596 10702 9595 9596 9595 9432 9432 9595 9426 9432 9426 8147 8147 9426 8146 8147 8146 7989 7989 8146 7979 7989 7979 6788 6788 7979 6787 6788 6787 6616 6616 6787 6607 6616 6607 5455 5455 6607 5454 5455 5454 5314 5314 5454 5308 5314 5308 4162 4162 5308 4161 4162 4161 3969 3969 4161 3960 3969 3960 2733 2733 3960 2732 2733 2732 2660 2660 2732 2655 2660 2655 1168 1168 2655 1166 1168 1166 1079 1079 1166 1067 1079 1067 727 727 1067 726 727 726 778 778 726 780 778 780 1169 1169 780 1167 1169 1167 1298 1298 1167 1304 1298 1304 2809 2809 1304 2808 2809 2808 2898 2898 2808 2900 2898 2900 4085 4085 2900 4084 4085 4084 4273 4273 4084 4281 4273 4281 5467 5467 4281 5466 5467 5466 5618 5618 5466 5623 5618 5623 6760 6760 5623 6759 6760 6759 6912 6912 6759 6918 6912 6918 8232 8232 6918 8231 8232 8231 8356 8356 8231 8365 8356 8365 9574 9574 8365 9573 9574 9573 9724 9724 9573 9731 9724 9731 10885 10885 9731 10884 10885 10884 11009 11009 10884 11016 11009 11016 12184 12184 11016 12180 12184 12180 12328 12328 12180 12336 12328 12336 13527 13527 12336 13526 13527 13526 13619 13619 13526 13623 13619 13623 15043 15043 13623 15042 15043 15042 15163 15163 15042 15171 15163 15171 15517 15517 15171 15516 15517 15516 15478 15478 15516 15476 15478 15476 15074 15074 15476 15073 15074 15073 14967 14967 15073 14961 14967 14961 13506 13506 14961 13505 13506 13505 13401 13401 13505 13399 13401 13399 12199 12199 13399 12198 12199 12198 12062 12062 12198 12053 12062 12053 10858 10858 12053 10857 10858 10857 10741 10741 10857 10735 10741 10735 9587 9587 10735 9597 9587 9597 9461 9461 9597 9455 9461 9455 8149 8149 9455 8148 8149 8148 8019 8019 8148 8012 8019 8012 6780 6780 8012 6779 6780 6779 6650 6650 6779 6642 6650 6642 5457 5457 6642 5456 5457 5456 5349 5349 5456 5341 5349 5341 4124 4124 5341 4123 4124 4123 4000 4000 4123 3995 4000 3995 2736 2736 3995 2734 2736 2734 2675 2675 2734 2671 2675 2671 1172 1172 2671 1170 1172 1170 1106 1106 1170 1102 1106 1102 729 729 1102 728 729 728 774 774 728 776 774 776 1173 1173 776 1171 1173 1171 1286 1286 1171 1290 1286 1290 2737 2737 1290 2735 2737 2735 2875 2875 2735 2880 2875 2880 4087 4087 2880 4086 4087 4086 4236 4236 4086 4248 4236 4248 5469 5469 4248 5468 5469 5468 5585 5585 5468 5592 5585 5592 6766 6766 5592 6765 6766 6765 6881 6881 6765 6887 6881 6887 8160 8160 6887 8159 8160 8159 8325 8325 8159 8333 8325 8333 9576 9576 8333 9575 9576 9575 9693 9693 9575 9699 9693 9699 10861 10861 9699 10859 10861 10859 10977 10977 10859 10984 10977 10984 12186 12186 10984 12185 12186 12185 12295 12295 12185 12301 12295 12301 13529 13529 12301 13528 13529 13528 13602 13602 13528 13606 13602 13606 15055 15055 13606 15053 15055 15053 15144 15144 15053 15148 15144 15148 15519 15519 15148 15518 15519 15518 15482 15482 15518 15480 15482 15480 15056 15056 15480 15054 15056 15054 14978 14978 15054 14975 14978 14975 13508 13508 14975 13507 13508 13507 13422 13422 13507 13417 13422 13417 12191 12191 13417 12200 12191 12200 12096 12096 12200 12085 12096 12085 10862 10862 12085 10860 10862 10860 10773 10773 10860 10765 10773 10765 9589 9589 10765 9588 9589 9588 9493 9493 9588 9486 9493 9486 8162 8162 9486 8161 8162 8161 8070 8070 8161 8065 8070 8065 6771 6771 8065 6770 6771 6770 6682 6682 6770 6675 6682 6675 5471 5471 6675 5470 5471 5470 5379 5379 5470 5372 5372 4125 4034 4034 4125 4027 4034 4027 2691 4027 2738 2691 2691 2738 2687 2691 2687 1122 2687 1174 1122 1122 1174 1119 1122 1119 770 1119 730 770 770 730 772 770 772 1276 772 1175 1276 1276 1175 1279 1276 1279 2852 5562 4204 4213 4213 4204 2852 4213 2852 2857 2857 2852 1279 2696 4042 4127 4127 4042 4088 4127 4088 5473 4127 2740 2696 2696 2740 1177 2696 1177 1129 1129 1177 731 1129 731 768 768 731 1176 768 1176 1272 1272 1176 2739 1272 2739 2844 2844 2739 4126 2844 4126 4196 4196 4126 5472 4196 5472 5545 5545 5472 6772 5545 6772 6842 6842 6772 8164 6842 8164 8287 8287 8164 9582 8287 9582 9515 9515 9582 10863 9515 10863 10795 10795 10863 12192 10795 12192 12119 12119 12192 13509 12119 13509 13442 13442 13509 15057 13442 15057 14985 14985 15057 15520 14985 15520 15484 15484 15520 15058 15484 15058 15132 15132 15058 13510 15132 13510 13591 13591 13510 12193 13591 12193 12270 12270 12193 10864 12270 10864 10953 10953 10864 9583 10953 9583 9668 9668 9583 8165 9668 8165 8295 8295 8165 6773 8295 6773 6858 6858 6773 5473 6858 5473 5562 5562 5473 4088 5562 4088 4204 1178 430 732 732 430 431 732 431 1179 1179 431 457 1179 457 2742 2742 457 511 2742 511 4129 4129 511 551 4129 551 5475 5475 551 617 5475 617 6775 6775 617 1409 6775 1409 8209 8209 1409 8210 8209 8210 9585 9585 8210 14865 9585 14865 10866 10866 14865 15645 10866 15645 12195 12195 15645 15711 12195 15711 13512 13512 15711 15755 13512 15755 15060 15755 15809 15060 15060 15809 15831 15060 15831 15521 15521 15831 15830 15521 15830 15059 15059 15830 15808 15059 15808 13511 13511 15808 15754 13511 15754 12194 12194 15754 15710 12194 15710 10865 10865 15710 15644 10865 15644 9584 9584 15644 14864 9584 14864 8208 8208 14864 8207 8208 8207 6774 6774 8207 1408 6774 1408 5474 5474 1408 616 5474 616 4128 4128 616 550 4128 550 2741 2741 550 510 2741 510 1178 1178 510 456 1178 456 430 15760 15752 15754 15834 15828 15830 501 509 511 8205 6228 8207 8207 6228 3729 8207 3729 1408 3729 1406 1408 1408 1406 664 1408 664 616 616 664 628 616 628 610 610 588 616 616 588 560 616 560 550 560 548 550 550 548 538 550 538 510 510 538 520 510 520 508 508 500 510 510 500 484 510 484 456 456 484 470 470 454 456 456 454 444 456 444 430 430 444 438 430 438 428 428 422 430 430 422 419 430 419 431 431 419 423 431 423 429 429 439 431 431 439 445 431 445 457 445 455 457 457 455 471 457 471 511 511 471 485 511 485 501 509 521 511 511 521 539 511 539 551 539 549 551 551 549 561 551 561 617 617 561 589 617 589 611 611 629 617 617 629 665 617 665 1409 665 1407 1409 1409 1407 3730 1409 3730 8210 8210 3730 6229 8210 6229 8206 8206 10139 8210 8210 10139 12584 8210 12584 14865 12584 14863 14865 14865 14863 15593 14865 15593 15645 15645 15593 15633 15645 15633 15651 15651 15673 15645 15645 15673 15697 15645 15697 15711 15697 15709 15711 15711 15709 15719 15711 15719 15755 15755 15719 15737 15755 15737 15753 15753 15761 15755 15755 15761 15777 15755 15777 15809 15809 15777 15791 15823 15831 15817 15817 15831 15809 15817 15809 15807 15807 15809 15791 15823 15829 15831 15831 15829 15835 15831 15835 15830 15830 15835 15837 15830 15837 15834 15828 15822 15830 15830 15822 15816 15830 15816 15808 15816 15806 15808 15808 15806 15790 15808 15790 15754 15754 15790 15776 15754 15776 15760 15752 15736 15754 15754 15736 15718 15754 15718 15710 15718 15708 15710 15710 15708 15696 15710 15696 15644 15644 15696 15672 15644 15672 15650 15650 15632 15644 15644 15632 15592 15644 15592 14864 15592 14862 14864 14864 14862 12583 14864 12583 8207 8207 12583 10138 8207 10138 8205 15788 15804 15802 469 453 451 1404 3727 1402 1402 3727 6226 1402 6226 8163 614 626 1402 1402 626 662 1402 662 1404 546 558 544 544 558 586 544 586 614 614 586 608 614 608 626 498 506 504 504 506 518 504 518 544 544 518 536 544 536 546 450 452 468 450 468 504 504 468 482 504 482 498 420 426 424 424 426 436 424 436 450 450 436 442 450 442 452 425 421 424 424 421 418 424 418 420 453 443 451 451 443 437 451 437 425 425 437 427 425 427 421 469 451 483 483 451 505 483 505 499 547 537 545 545 537 519 545 519 505 505 519 507 505 507 499 615 587 545 545 587 559 545 559 547 1405 663 1403 1403 663 627 1403 627 615 615 627 609 615 609 587 8166 6227 1403 1403 6227 3728 1403 3728 1405 14861 12582 14859 14859 12582 10137 14859 10137 8166 8166 10137 8168 8166 8168 6227 15643 15631 14859 14859 15631 15591 14859 15591 14861 15707 15695 15705 15705 15695 15671 15705 15671 15643 15643 15671 15649 15643 15649 15631 15759 15751 15749 15749 15751 15735 15749 15735 15705 15705 15735 15717 15705 15717 15707 15803 15805 15789 15803 15789 15749 15749 15789 15775 15749 15775 15759 15833 15827 15825 15825 15827 15821 15825 15821 15803 15803 15821 15815 15803 15815 15805 15833 15825 15836 15836 15825 15824 15836 15824 15832 15804 15814 15802 15802 15814 15820 15802 15820 15824 15824 15820 15826 15824 15826 15832 15788 15802 15774 15774 15802 15748 15774 15748 15758 15706 15716 15704 15704 15716 15734 15704 15734 15748 15748 15734 15750 15748 15750 15758 15642 15670 15704 15704 15670 15694 15704 15694 15706 14860 15590 14858 14858 15590 15630 14858 15630 15642 15642 15630 15648 15642 15648 15670 6226 8167 8163 8163 8167 10136 8163 10136 14858 14858 10136 12581 14858 12581 14860 1177 425 731 731 425 424 731 424 1176 1176 424 450 1176 450 2739 2739 450 504 2739 504 4126 4126 504 544 4126 544 5472 5472 544 614 5472 614 6772 6772 614 1402 6772 1402 8164 8164 1402 8163 8164 8163 9582 9582 8163 14858 9582 14858 10863 10863 14858 15642 10863 15642 12192 12192 15642 15704 12192 15704 13509 13509 15704 15748 13509 15748 15057 15748 15802 15057 15057 15802 15824 15057 15824 15520 15520 15824 15825 15520 15825 15058 15058 15825 15803 15058 15803 13510 13510 15803 15749 13510 15749 12193 12193 15749 15705 12193 15705 10864 10864 15705 15643 10864 15643 9583 9583 15643 14859 9583 14859 8165 8165 14859 8166 8165 8166 6773 6773 8166 1403 6773 1403 5473 5473 1403 615 5473 615 4127 4127 615 545 4127 545 2740 2740 545 505 2740 505 1177 1177 505 451 1177 451 425 5119 4992 3821 13759 15066 13753 13753 15066 15557 13753 15557 13752 13752 15557 15065 13752 15065 13742 13742 15065 13521 13742 13521 13739 5908 4987 5034 3629 5857 3821 3821 5857 5333 3821 5333 5119 2945 3235 5902 5902 3235 3745 5902 3745 5908 5908 3745 4005 5908 4005 4987 5881 1741 5893 5893 1741 1754 5893 1754 1809 12992 13430 5906 5906 13430 13687 5906 13687 13697 7330 7430 5910 5910 7430 7876 5910 7876 5906 5906 7876 8433 5906 8433 8812 7330 5910 6917 6917 5910 5911 6917 5911 6384 5034 5044 5908 5908 5044 5393 5908 5393 5911 5911 5393 6218 5911 6218 6384 1809 1893 5893 5893 1893 2373 5893 2373 5902 5902 2373 2572 5902 2572 2945 3629 2879 5857 5857 2879 2519 5857 2519 5881 5881 2519 1940 5881 1940 1741 5901 5906 6778 6778 5906 13697 6778 13697 8224 8224 13697 13723 8224 13723 9586 9586 13723 13726 9586 13726 10879 10879 13726 13739 10879 13739 12197 12197 13739 13521 12279 12492 5906 5906 12492 12671 5906 12671 12992 8812 9002 5906 5906 9002 9412 5906 9412 10131 10131 10974 5906 5906 10974 11444 5906 11444 12279 13758 13756 15052 15052 13756 15486 6769 8158 9581 5890 13750 5837 5837 13750 13748 5837 13748 13740 13731 6409 6217 3833 3761 13740 13756 13750 15486 15486 13750 5890 15486 5890 15051 15051 5890 5892 15051 5892 13504 13504 5892 5905 13504 5905 12190 12190 5905 5907 12190 5907 10854 10854 5907 5912 10854 5912 9581 6409 13731 6939 6939 13731 13720 6939 13720 7429 5900 6769 5903 5903 6769 9581 5903 9581 5909 5909 9581 5912 6217 5555 13731 13731 5555 4993 13731 4993 13740 13740 4993 4988 13740 4988 3833 3563 3762 13740 13740 3762 3857 12855 12557 13180 13180 12557 13647 3761 3747 13740 13740 3747 3628 13740 3628 2571 2571 2526 13740 13740 2526 2403 13740 2403 2075 2075 1753 13740 13740 1753 1678 13740 1678 1632 3857 4989 13740 13740 4989 5615 13740 5615 5837 9476 8933 13706 13706 8933 8828 13706 8828 13720 13720 8828 7516 13720 7516 7429 11288 10623 13685 13685 10623 10135 13685 10135 13706 13706 10135 10087 13706 10087 9476 12497 12491 11366 12557 12497 13647 13647 12497 11366 13647 11366 13685 13685 11366 11318 13685 11318 11288 1632 2176 13740 13740 2176 2641 13740 2641 3563 1271 1473 1133 7428 7432 8806 11218 11235 12372 13664 13746 15169 15487 15416 15317 15083 14553 14271 13446 12924 12793 12230 11569 11491 10800 10261 10221 9615 8988 8972 8096 7527 7532 6795 6242 6251 5403 5000 5017 4134 3765 3788 2705 2412 2559 1223 912 1101 699 838 937 1135 1688 1998 2781 3353 3500 4057 4751 4834 5511 6084 6129 6705 7359 7380 8242 8816 8809 9534 10117 10106 10893 11342 11325 12126 12544 12523 13539 13875 13724 14991 15341 15152 15489 15420 15327 15085 14605 14294 13447 12958 12820 12231 11603 11518 10801 10293 10247 9616 9020 9000 8098 7543 7572 6825 6248 6262 5405 5007 5029 4136 3771 3798 2707 2436 2576 1225 922 1115 701 834 924 1137 1644 1975 2783 3321 3471 4059 4716 4802 5512 6053 6101 6706 7327 7349 8244 8782 8772 9517 10109 10093 10895 11335 11314 12127 12539 12513 13541 13850 13707 14993 15324 15139 15491 15424 15338 15087 14636 14316 13449 12990 12846 12232 11636 11547 10802 10326 10276 9618 9052 9031 8100 7595 7604 6826 6258 6277 5407 5014 5041 4138 3777 3811 2709 2460 2586 1227 946 1127 703 828 920 1139 1623 1953 2785 3285 3441 4061 4682 4777 5514 6019 6071 6708 7291 7318 8246 8750 8741 9518 10097 10074 10897 11326 11300 12128 12531 12501 13543 13826 13695 14995 15307 15129 15493 15428 15340 15089 14658 14338 13451 13025 12873 12234 11671 11576 10804 10359 10307 9620 9087 9064 8102 7625 7635 6827 6271 6298 5409 5027 5057 4140 3785 3822 2711 2485 2596 1229 959 1274 705 824 916 1141 1593 1931 2787 3250 3413 4063 4650 4745 5516 5986 6041 6710 7260 7282 8248 8720 8709 9519 10080 10044 10899 11315 11282 12130 12525 12488 13545 13801 13683 14997 15295 14980 15495 15432 15344 15091 14698 14359 13453 13058 12901 12236 11703 11607 10806 10389 10339 9622 9118 9096 8104 7657 7668 6828 6291 6327 5411 5038 5075 4142 3793 3838 2713 2507 2606 1231 969 1285 707 820 914 1143 1544 1913 2789 3213 3382 4065 4618 4710 5518 5951 6008 6712 7227 7251 8250 8687 8679 9520 10047 10013 10901 11303 11262 12132 12517 12473 13547 13781 13673 14999 15284 14970 15497 15436 15348 15093 14740 14376 13455 13094 12931 12238 11734 11642 10808 10421 10370 9624 9149 9126 8106 7690 7699 6829 6323 6358 5413 5052 5095 4144 3803 3855 2715 2529 2616 1233 979 1295 709 814 910 1145 1503 1897 2791 3177 3349 4067 4579 4677 5520 5919 5976 6714 7196 7220 8252 8652 8643 9521 10016 9981 10903 11285 11238 12134 12505 12459 13549 13761 13662 15001 15277 14960 15499 15442 15350 15095 14771 14389 13457 13129 12962 12240 11765 11675 10810 10457 10400 9626 9179 9157 8108 7723 7734 6830 6354 6389 5415 5070 5118 4146 3816 3870 2717 2548 2631 1235 985 1303 711 810 906 1147 1484 1878 2793 3141 3318 4069 4545 4647 5522 5868 5943 6716 7164 7189 8254 8619 8608 9522 9984 9948 10905 11266 11207 12136 12494 12440 13551 13732 13649 15003 15268 14953 15501 15446 15354 15097 14788 14414 13459 13165 12996 12242 11798 11707 10812 10487 10433 9628 9210 9187 8110 7763 7776 6831 6385 6421 5417 5088 5153 4148 3829 3890 2719 2566 2645 1237 993 1311 713 806 904 1149 1465 1846 2795 3104 3284 4071 4509 4614 5524 5835 5898 6718 7133 7157 8256 8580 8568 9523 9952 9918 10907 11242 11172 12138 12480 12421 13553 13713 13634 15005 15261 14946 15503 15450 15356 15099 14806 14451 13461 13202 13029 12244 11833 11739 10814 10518 10465 9630 9240 9219 8112 7794 7806 6832 6416 6452 5419 5115 5184 4150 3846 3908 2721 2582 2659 1239 999 1321 715 802 902 1151 1451 1785 2797 3069 3249 4073 4474 4577 5526 5803 5860 6720 7101 7125 8258 8547 8537 9524 9920 9888 10909 11208 11139 12139 12465 12402 13555 13699 13621 15007 15254 14936 15505 15454 15358 15101 14824 14520 13463 13237 13057 12245 11866 11768 10815 10550 10496 9632 9273 9249 8114 7826 7836 6805 6450 6485 5421 5148 5217 4152 3863 3929 2723 2592 2673 1241 1006 1342 717 798 900 1153 1429 1738 2799 3033 3215 4075 4442 4547 5490 5773 5827 6721 7070 7094 8260 8512 8506 9544 9889 9854 10911 11173 11108 12159 12450 12377 13557 13688 13605 15009 15248 14909 15507 15458 15360 15103 14846 14558 13464 13272 13091 12218 11896 11796 10836 10583 10527 9633 9306 9282 8116 7864 7867 6807 6483 6518 5423 5182 5246 4154 3881 3952 2725 2602 2689 1243 1014 1364 719 794 898 1155 1390 1687 2801 2998 3180 4077 4408 4513 5492 5741 5796 6743 7037 7062 8262 8478 8476 9546 9852 9822 10913 11142 11078 12161 12429 12349 13559 13676 13590 15011 15240 14890 15509 15462 15362 15105 14898 14601 13487 13306 13126 12220 11931 11831 10838 10613 10559 9606 9338 9315 8118 7895 7898 6809 6520 6549 5425 5215 5277 4156 3899 3980 2727 2613 2843 1245 1020 1394 721 790 896 1157 1353 1648 2803 2966 3149 4079 4374 4479 5494 5709 5764 6745 7005 7027 8226 8448 8446 9547 9820 9790 10915 11109 11044 12162 12410 12318 13561 13665 13432 15012 15234 14848 15511 15466 15364 15068 14923 14630 13489 13335 13158 12221 11962 11863 10840 10646 10590 9608 9370 9348 8143 7925 7928 6784 6551 6581 5426 5247 5311 4158 3918 4013 2729 2628 2867 1160 1034 1425 723 786 894 1161 1322 1631 2805 2940 3113 4081 4343 4445 5496 5679 5736 6747 6973 6995 8228 8416 8414 9565 9787 9759 10881 11076 11014 12174 12386 12285 13523 13650 13412 15039 15211 14830 15513 15470 15366 15070 14944 14650 13491 13359 13191 12210 11995 11894 10842 10676 10620 9594 9403 9380 8145 7956 7961 6786 6584 6614 5453 5279 5346 4160 3943 4046 2731 2643 2889 1164 1055 1443 725 782 892 1165 1312 1607 2807 2916 3079 4083 4307 4412 5498 5649 5705 6758 6942 6963 8230 8386 8384 9567 9755 9727 10883 11041 10980 12179 12359 12115 13525 13635 13391 15041 15195 14813 15515 15474 15368 15072 14954 14676 13493 13382 13225 12205 12027 11927 10856 10708 10651 9596 9432 9411 8147 7989 7992 6788 6616 6648 5455 5314 5377 4162 3969 4217 2733 2660 2908 1168 1079 1458 4989 5019 5615 6217 6219 5555 9476 10087 10065 13731 13740 13746 13685 13706 13746 13746 13706 13720 13746 13720 13731 13748 13750 13898 13898 13750 13756 13898 13756 13758 13664 12497 12557 12557 12855 13664 13664 12855 13180 13664 13180 13746 13746 13180 13647 13746 13647 13685 12454 11318 11366 10623 11288 11258 11258 11288 11318 11258 11318 12407 12407 11318 12454 12407 12454 13595 7516 8828 8822 8822 8828 8933 8822 8806 7516 7516 8806 7432 7516 7432 7429 7429 7432 6939 6491 6409 6939 6409 6491 6217 4986 4988 4993 3742 3747 3761 3724 3742 4984 4984 3742 3761 4984 3761 4986 4986 3761 3833 4986 3833 4988 2563 2571 3628 2571 2563 2526 1636 1753 2075 1753 1636 1678 2651 2641 2176 3836 3762 3563 5837 5615 5002 5002 5615 5019 5002 5019 3795 3795 5019 4989 3795 4989 3836 3836 4989 3857 3836 3857 3762 4998 5465 5002 5002 5465 5890 5002 5890 5837 5465 5900 5903 5903 5909 5465 5465 5909 5912 5465 5912 5907 5907 5905 5465 5465 5905 5892 5465 5892 5890 2852 2981 1276 1276 2981 1502 1276 1502 770 770 1502 886 770 886 1122 1122 886 1487 1122 1487 2691 2691 1487 2954 2691 2954 4034 4034 2954 4283 4034 4283 5379 5379 4283 5578 5379 5578 5471 5471 5578 6846 5471 6846 6682 6682 6846 6771 6771 6846 8073 6771 8073 8070 8070 8073 8162 8162 8073 9469 8162 9469 9493 9493 9469 9589 9589 9469 10716 9589 10716 10773 10773 10716 10862 10862 10716 11987 10862 11987 12096 12096 11987 12191 12191 11987 13292 12191 13292 13422 13422 13292 13508 13508 13292 14746 13508 14746 14978 15519 15482 15372 15372 15482 15056 14783 15144 15519 13529 13602 13347 13347 13602 15055 12052 12295 13529 10861 10977 10781 10781 10977 12186 9665 9693 10861 8160 8325 8323 8323 8325 9576 6904 6881 8160 5469 5585 5643 5643 5585 6766 4349 4236 5469 2737 2875 3011 3011 2875 4087 1536 1286 2737 729 774 888 888 774 1173 1474 1106 729 2736 2675 2930 2930 2675 1172 4251 4000 2736 5457 5349 5548 5548 5349 4124 6679 6650 5457 8149 8019 8023 8023 8019 6780 9438 9461 8149 10858 10741 10683 10683 10741 9587 11956 12062 10858 13506 13401 13259 13259 13401 12199 14717 14967 13506 15517 15478 15370 15370 15478 15074 14799 15163 15517 13527 13619 13371 13371 13619 15043 12083 12328 13527 10885 11009 10949 10949 11009 12184 9695 9724 10885 8232 8356 8354 8354 8356 9574 6938 6912 8232 5467 5618 5674 5674 5618 6760 4380 4273 5467 2809 2898 3045 3045 2898 4085 1577 1298 2809 1079 727 890 890 727 778 890 778 1169 2733 2908 3969 5455 5377 6616 8147 7992 9432 10856 10651 12027 13493 13225 14954 15515 15368 15195 13525 13391 12359 10883 10980 9755 8230 8384 6942 5498 5705 4307 2807 3079 1312 725 892 1055 2731 2889 3943 5453 5346 6584 8145 7961 9403 10842 10620 11995 13491 13191 14944 15513 15366 15211 13523 13412 12386 10881 11014 9787 8228 8414 6973 5496 5736 4343 2805 3113 1322 723 894 1034 2729 2867 3918 5426 5311 6551 8143 7928 9370 10840 10590 11962 13489 13158 14923 15511 15364 15234 13561 13432 12410 10915 11044 9820 8226 8446 7005 5494 5764 4374 2803 3149 1353 721 896 1020 2727 2843 3899 5425 5277 6520 8118 7898 9338 10838 10559 11931 13487 13126 14898 15509 15362 15240 13559 13590 12429 10913 11078 9852 8262 8476 7037 5492 5796 4408 2801 3180 1390 719 898 1014 2725 2689 3881 5423 5246 6483 8116 7867 9306 10836 10527 11896 13464 13091 14846 15507 15360 15248 13557 13605 12450 10911 11108 9889 8260 8506 7070 5490 5827 4442 2799 3215 1429 717 900 1006 2723 2673 3863 5421 5217 6450 8114 7836 9273 10815 10496 11866 13463 13057 14824 15505 15358 15254 13555 13621 12465 10909 11139 9920 8258 8537 7101 5526 5860 4474 2797 3249 1451 715 902 999 2721 2659 3846 5419 5184 6416 8112 7806 9240 10814 10465 11833 13461 13029 14806 15503 15356 15261 13553 13634 12480 10907 11172 9952 8256 8568 7133 5524 5898 4509 2795 3284 1465 713 904 993 2719 2645 3829 5417 5153 6385 8110 7776 9210 10812 10433 11798 13459 12996 14788 15501 15354 15268 13551 13649 12494 10905 11207 9984 8254 8608 7164 5522 5943 4545 2793 3318 1484 711 906 985 2717 2631 3816 5415 5118 6354 8108 7734 9179 10810 10400 11765 13457 12962 14771 15499 15350 15277 13549 13662 12505 10903 11238 10016 8252 8643 7196 5520 5976 4579 2791 3349 1503 709 910 979 2715 2616 3803 5413 5095 6323 8106 7699 9149 10808 10370 11734 13455 12931 14740 15497 15348 15284 13547 13673 12517 10901 11262 10047 8250 8679 7227 5518 6008 4618 2789 3382 1544 707 914 969 2713 2606 3793 5411 5075 6291 8104 7668 9118 10806 10339 11703 13453 12901 14698 15495 15344 15295 13545 13683 12525 10899 11282 10080 8248 8709 7260 5516 6041 4650 2787 3413 1593 705 916 959 2711 2596 3785 5409 5057 6271 8102 7635 9087 10804 10307 11671 13451 12873 14658 15493 15340 15307 13543 13695 12531 10897 11300 10097 8246 8741 7291 5514 6071 4682 2785 3441 1623 703 920 946 2709 2586 3777 5407 5041 6258 8100 7604 9052 10802 10276 11636 13449 12846 14636 15491 15338 15324 13541 13707 12539 10895 11314 10109 8244 8772 7327 5512 6101 4716 2783 3471 1644 701 924 922 2707 2576 3771 5405 5029 6248 8098 7572 9020 10801 10247 11603 13447 12820 14605 15489 15327 15341 13539 13724 12544 10893 11325 10117 8242 8809 7359 5511 6129 4751 2781 3500 1688 699 937 912 2705 2559 3765 5403 5017 6242 8096 7532 8988 10800 10221 11569 13446 12793 14553 13740 13748 13746 13746 13748 13898 13746 13898 15169 15169 13898 14989 15169 14989 15352 4406 2981 4318 4318 2981 2852 4318 2852 4204 11366 12491 12454 12454 12491 12497 12454 12497 13595 13595 12497 13664 13595 13664 14820 14820 13664 15169 14820 15169 15317 15317 15169 15352 15317 15352 15487 15230 14746 14394 14394 14746 13292 14394 13292 13135 13135 13292 11987 13135 11987 11901 11901 11987 10716 11901 10716 10666 10666 10716 9469 10666 9469 9446 9446 9469 8073 9446 8073 8075 8075 8073 6846 8075 6846 6871 6871 6846 5578 6871 5578 5632 5632 5578 4283 5632 4283 4377 4377 4283 2954 4377 2954 3108 3108 2954 1487 3108 1487 1848 1848 1487 886 1848 886 1029 1029 886 1502 1029 1502 1876 1876 1502 2981 1876 2981 3138 3138 2981 4406 3138 4406 4490 14279 15230 14934 14934 15230 14394 14934 14394 14243 14243 14394 13135 14243 13135 13004 13004 13135 11901 13004 11901 11822 11822 11901 10666 11822 10666 10622 10622 10666 9446 10622 9446 9430 9430 9446 8075 9430 8075 8077 8077 8075 6871 8077 6871 6891 6891 6871 5632 6891 5632 5677 5677 5632 4377 5677 4377 4459 4459 4377 3108 4459 3108 3247 3247 3108 1848 3247 1848 2011 2011 1848 1029 2011 1029 1331 1331 1029 1876 1331 1876 2028 2028 1876 3138 2028 3138 3275 3275 3138 4490 3275 4490 4551 12951 14279 14110 14110 14279 14934 14110 14934 14760 14760 14934 14243 14760 14243 14078 14078 14243 13004 14078 13004 12906 12906 13004 11822 12906 11822 11763 11763 11822 10622 11763 10622 10589 10589 10622 9430 10589 9430 9417 9417 9430 8077 9417 8077 8079 8079 8077 6891 8079 6891 6909 6909 6891 5677 6909 5677 5714 5714 5677 4459 5714 4459 4527 4527 4459 3247 4527 3247 3359 3359 3247 2011 3359 2011 2184 2184 2011 1331 2184 1331 1510 1510 1331 2028 1510 2028 2200 2200 2028 3275 2200 3275 3380 3380 3275 4551 3380 4551 4591 11235 11258 12372 12372 11258 12407 12372 12407 13380 13380 12407 13595 13380 13595 14615 14615 13595 14820 14615 14820 15160 15160 14820 15317 15160 15317 14271 14271 15317 15416 14271 15416 15083 11775 12951 12885 12885 12951 14110 12885 14110 14015 14015 14110 14760 14015 14760 14620 14620 14760 14078 14620 14078 13989 13989 14078 12906 13989 12906 12852 12852 12906 11763 12852 11763 11727 11727 11763 10589 11727 10589 10570 10570 10589 9417 10570 9417 9409 9409 9417 8079 9409 8079 8081 8081 8079 6909 8081 6909 6922 6922 6909 5714 6922 5714 5739 5739 5714 4527 5739 4527 4570 4570 4527 3359 4570 3359 3427 3427 3359 2184 3427 2184 2283 2283 2184 1510 2283 1510 1653 1653 1510 2200 1653 2200 2295 2295 2200 3380 2295 3380 3439 3439 3380 4591 3439 4591 4611 10600 11775 11749 11749 11775 12885 11749 12885 12856 12856 12885 14015 12856 14015 13969 13969 14015 14620 13969 14620 14513 14513 14620 13989 14513 13989 13951 13951 13989 12852 13951 12852 12824 12824 12852 11727 12824 11727 11712 11712 11727 10570 11712 10570 10558 10558 10570 9409 10558 9409 9402 9402 9409 8081 9402 8081 8083 8083 8081 6922 8083 6922 6931 6931 6922 5739 6931 5739 5754 5754 5739 4570 5754 4570 4600 4600 4570 3427 4600 3427 3459 3459 3427 2283 3459 2283 2331 2331 2283 1653 2331 1653 1763 1763 1653 2295 1763 2295 2339 2339 2295 3439 2339 3439 3470 3470 3439 4611 3470 4611 4613 7426 7428 8802 8802 7428 8806 8802 8806 10061 10061 8806 8822 10061 8822 10065 10065 8822 8933 10065 8933 9476 6217 6491 6219 6219 6491 6216 6219 6216 5555 9436 10600 10593 10593 10600 11749 10593 11749 11742 11742 11749 12856 11742 12856 12848 12848 12856 13969 12848 13969 13961 13961 13969 14513 13961 14513 14489 14489 14513 13951 14489 13951 13945 13945 13951 12824 13945 12824 12823 12823 12824 11712 12823 11712 11710 11710 11712 10558 11710 10558 10560 10560 10558 9402 10560 9402 9407 9407 9402 8083 9407 8083 8085 8085 8083 6931 8085 6931 6936 6936 6931 5754 6936 5754 5761 5761 5754 4600 5761 4600 4607 4607 4600 3459 4607 3459 3468 3468 3459 2331 3468 2331 2341 2341 2331 1763 2341 1763 1789 1789 1763 2339 1789 2339 2346 2346 2339 3470 2346 3470 3473 3473 3470 4613 3473 4613 4590 8305 9436 9440 9440 9436 10593 9440 10593 10601 10601 10593 11742 10601 11742 11756 11756 11742 12848 11756 12848 12868 12868 12848 13961 12868 13961 13993 13993 13961 14489 13993 14489 14584 14584 14489 13945 14584 13945 13980 13980 13945 12823 13980 12823 12847 12847 12823 11710 12847 11710 11728 11728 11710 10560 11728 10560 10571 10571 10560 9407 10571 9407 9415 9415 9407 8085 9415 8085 8087 8087 8085 6936 8087 6936 6934 6934 6936 5761 6934 5761 5753 5753 5761 4607 5753 4607 4592 4592 4607 3468 4592 3468 3445 3445 3468 2341 3445 2341 2306 2306 2341 1789 2306 1789 1690 1690 1789 2346 1690 2346 2305 2305 2346 3473 2305 3473 3444 3444 3473 4590 3444 4590 4549 3681 3724 4972 4972 3724 4984 4972 4984 6214 6214 4984 4986 6214 4986 6216 6216 4986 4993 6216 4993 5555 6952 8305 8303 8303 8305 9440 8303 9440 9448 9448 9440 10601 9448 10601 10619 10619 10601 11756 10619 11756 11786 11786 11756 12868 11786 12868 12920 12920 12868 13993 12920 13993 14075 14075 13993 14584 14075 14584 14716 14716 14584 13980 14716 13980 14061 14061 13980 12847 14061 12847 12903 12903 12847 11728 12903 11728 11767 11767 11728 10571 11767 10571 10598 10598 10571 9415 10598 9415 9423 9423 9415 8087 9423 8087 8089 8089 8087 6934 8089 6934 6926 6926 6934 5753 6926 5753 5735 5735 5753 4592 5735 4592 4558 4558 4592 3445 4558 3445 3391 3391 3445 2306 3391 2306 2223 2223 2306 1690 2223 1690 1553 1553 1690 2305 1553 2305 2218 2218 2305 3444 2218 3444 3383 3383 3444 4549 3383 4549 4480 1643 1793 1448 1448 1793 1636 5720 6952 6929 6929 6952 8303 6929 8303 8301 8301 8303 9448 8301 9448 9458 9458 9448 10619 9458 10619 10654 10654 10619 11786 10654 11786 11850 11850 11786 12920 11850 12920 13020 13020 12920 14075 13020 14075 14239 14239 14075 14716 14239 14716 14893 14893 14716 14061 14893 14061 14229 14229 14061 12903 14229 12903 13002 13002 12903 11767 13002 11767 11832 11832 11767 10598 11832 10598 10635 10635 10598 9423 10635 9423 9445 9445 9423 8089 9445 8089 8092 8092 8089 6926 8092 6926 6915 6915 6926 5735 6915 5735 5702 5702 5735 4558 5702 4558 4492 4492 4558 3391 4492 3391 3290 3290 3391 2223 3290 2223 2052 2052 2223 1553 2052 1553 1370 1370 1553 2218 1370 2218 2046 2046 2218 3383 2046 3383 3277 3277 3383 4480 3277 4480 4399 1473 1643 1133 1133 1643 1448 1133 1448 2411 2411 1448 1636 2411 1636 2514 2514 1636 2075 2514 2075 2563 2563 2075 2403 2563 2403 2526 4434 5720 5678 5678 5720 6929 5678 6929 6910 6910 6929 8301 6910 8301 8299 8299 8301 9458 8299 9458 9480 9480 9458 10654 9480 10654 10695 10695 10654 11850 10695 11850 11924 11924 11850 13020 11924 13020 13146 13146 13020 14239 13146 14239 14387 14387 14239 14893 14387 14893 15192 15192 14893 14229 15192 14229 14382 14382 14229 13002 14382 13002 13131 13131 13002 11832 13131 11832 11907 11907 11832 10635 11907 10635 10678 10678 10635 9445 10678 9445 9464 9464 9445 8092 9464 8092 8094 8094 8092 6915 8094 6915 6896 6896 6915 5702 6896 5702 5661 5661 5702 4492 5661 4492 4413 4413 4492 3290 4413 3290 3160 3160 3290 2052 3160 2052 1899 1899 2052 1370 1899 1370 1069 1069 1370 2046 1069 2046 1892 1892 2046 3277 1892 3277 3144 3144 3277 4399 3144 4399 4309 3017 4434 4342 4342 4434 5678 4342 5678 5629 5629 5678 6910 5629 6910 6889 6889 6910 8299 6889 8299 8297 8297 8299 9480 8297 9480 9502 9502 9480 10695 9502 10695 10745 10745 10695 11924 10745 11924 12012 12012 11924 13146 12012 13146 13302 13302 13146 14387 13302 14387 14721 14721 14387 15192 14721 15192 15336 15336 15192 14382 15336 14382 14697 14697 14382 13131 14697 13131 13286 13286 13131 11907 13286 11907 11997 11997 11907 10678 11997 10678 10730 10730 10678 9464 10730 9464 9485 9485 9464 8094 9485 8094 8285 8285 8094 6896 8285 6896 6872 6872 6896 5661 6872 5661 5613 5613 5661 4413 5613 4413 4326 4326 4413 3160 4326 3160 3003 3003 3160 1899 3003 1899 1573 1573 1899 1069 1573 1069 925 925 1069 1892 925 1892 1547 1547 1892 3144 1547 3144 2990 2990 3144 4309 2990 4309 4206 4206 2868 2990 2990 2868 1306 2990 1306 1547 1547 1306 842 1547 842 925 925 842 1310 925 1310 1573 1573 1310 2882 1573 2882 3003 3003 2882 4226 3003 4226 4326 4326 4226 5564 4326 5564 5613 5613 5564 6851 5613 6851 6872 6872 6851 8289 6872 8289 8285 8285 8289 9511 8285 9511 9485 9485 9511 10785 9485 10785 10730 10730 10785 12091 10730 12091 11997 11997 12091 13409 11997 13409 13286 13286 13409 14950 13286 14950 14697 14697 14950 15415 14697 15415 15336 15336 15415 14956 15336 14956 14721 14721 14956 13416 14721 13416 13302 13302 13416 12105 13302 12105 12012 12012 12105 10794 12012 10794 10745 10745 10794 9660 10745 9660 9502 9502 9660 8293 9502 8293 8297 8297 8293 6863 8297 6863 6889 6889 6863 5575 6889 5575 5629 5629 5575 4242 5629 4242 4342 4342 4242 2891 4342 2891 3017 3017 2891 1318 15519 15372 14783 14783 15372 14447 14783 14447 13197 13197 14447 13060 13197 13060 11880 11880 13060 11815 11880 11815 10642 10642 11815 10615 10642 10615 9451 9451 10615 9443 9451 9443 8309 8309 9443 8307 8309 8307 6967 6967 8307 6960 6967 6960 5782 5782 6960 5756 5782 5756 4576 4576 5756 4507 4576 4507 3309 3309 4507 3175 3309 3175 1906 1906 3175 1590 1906 1590 927 927 1590 844 927 844 1297 13529 13347 12052 12052 13347 11959 12052 11959 10725 10725 11959 10679 10725 10679 9482 9482 10679 9463 9482 9463 8313 8313 9463 8311 8313 8311 6965 6965 8311 6971 6965 6971 5795 5795 6971 5793 5795 5793 4642 4642 5793 4623 4642 4623 3469 3469 4623 3410 3469 3410 2239 2239 3410 2065 2239 2065 1372 1372 2065 1071 1372 1071 1886 1886 1071 1534 1886 1534 2972 2972 1534 2860 2972 2860 4193 10861 10781 9665 9665 10781 9503 9665 9503 8321 8321 9503 8315 8321 8315 6945 6945 8315 6957 6945 6957 5765 5765 6957 5784 5765 5784 4626 4626 5784 4640 4626 4640 3493 3493 4640 3495 3493 3495 2359 2359 3495 2322 2359 2322 1692 1692 2322 1555 1692 1555 2203 2203 1555 2032 2203 2032 3259 3259 2032 3127 3259 3127 4383 4383 3127 4291 4383 4291 5583 5583 4291 5392 5583 5392 6685 8160 8323 6904 6904 8323 6928 6904 6928 5691 5691 6928 5734 5691 5734 4518 4518 5734 4583 4518 4583 3406 3406 4583 3462 3406 3462 2314 2314 3462 2355 2314 2355 1765 1765 2355 1791 1765 1791 2325 2325 1791 2292 2325 2292 3420 3420 2292 3360 3420 3360 4525 4525 3360 4460 4525 4460 5671 5671 4460 5631 5671 5631 6864 6864 5631 6844 6864 6844 8068 8068 6844 8067 8068 8067 9481 5469 5643 4349 4349 5643 4440 4349 4440 3171 3171 4440 3307 3171 3307 2047 2047 3307 2222 2047 2222 1514 1514 2222 1655 1514 1655 2268 2268 1655 2317 2268 2317 3433 3433 2317 3442 3433 3442 4574 4574 3442 4560 4574 4560 5723 5723 4560 5706 5723 5706 6898 6898 5706 6885 6898 6885 8061 8061 6885 8063 8061 8063 9435 9435 8063 9454 9435 9454 10697 10697 9454 10751 10697 10751 12058 2737 3011 1536 1536 3011 1890 1536 1890 1031 1031 1890 1333 1031 1333 1992 1992 1333 2161 1992 2161 3331 3331 2161 3402 3331 3402 4539 4539 3402 4567 4539 4567 5725 5725 4567 5732 5725 5732 6907 6907 5732 6902 6907 6902 8037 8037 6902 8059 8037 8059 9392 9392 8059 9418 9392 9418 10605 10605 9418 10649 10605 10649 11875 11875 10649 11964 11875 11964 13255 13255 11964 13387 13255 13387 14939 729 888 1474 1474 888 1807 1474 1807 3074 3074 1807 3217 3074 3217 4429 4429 3217 4497 4429 4497 5685 5685 4497 5711 5685 5711 6894 6894 5711 6900 6894 6900 8033 8033 6900 8035 8033 8035 9377 9377 8035 9384 9377 9384 10543 10543 9384 10568 10543 10568 11741 11741 10568 11804 11741 11804 12971 12971 11804 13099 12971 13099 14369 14369 13099 14665 14369 14665 15334 15334 14665 15413 15334 15413 14969 2736 2930 4251 4251 2930 4347 4251 4347 5602 5602 4347 5648 5602 5648 6862 6862 5648 6883 6862 6883 8029 8029 6883 8031 8029 8031 9378 9378 8031 9373 9378 9373 10529 10529 9373 10532 10529 10532 11682 11682 10532 11700 11682 11700 12825 12825 11700 12877 12825 12877 14043 14043 12877 14206 14043 14206 14891 14891 14206 15189 14891 15189 14402 14402 15189 14750 14402 14750 13328 13328 14750 13440 13328 13440 12273 5457 5548 6679 6679 5548 6704 6679 6704 8025 8025 6704 8027 8025 8027 9399 9399 8027 9387 9399 9387 10561 10561 9387 10540 10561 10540 11699 11699 10540 11684 11699 11684 12801 12801 11684 12800 12801 12800 13931 13931 12800 13965 13931 13965 14582 14582 13965 14714 14582 14714 14095 14095 14714 14259 14095 14259 13048 13048 14259 13176 13048 13176 11953 11953 13176 12043 11953 12043 10776 10776 12043 10965 10776 10965 9690 8149 8023 9438 9438 8023 9420 9438 9420 10634 10634 9420 10592 10634 10592 11793 11793 10592 11733 11793 11733 12881 12881 11733 12829 12881 12829 13974 13974 12829 13937 13974 13937 14511 14511 13937 14487 14511 14487 13976 13976 14487 14007 13976 14007 12892 12892 14007 12948 12892 12948 11817 11817 12948 11879 11817 11879 10685 10685 11879 10727 10685 10727 9510 9510 10727 9667 9510 9667 8328 8328 9667 8329 8328 8329 6893 10858 10683 11956 11956 10683 11869 11956 11869 13101 13101 11869 12972 13101 12972 14225 14225 12972 14055 14225 14055 14758 14758 14055 14618 14758 14618 14030 14030 14618 13985 14030 13985 12879 12879 13985 12869 12879 12869 11771 11771 12869 11784 11771 11784 10632 10632 11784 10650 10632 10650 9475 9475 10650 9489 9475 9489 8336 8336 9489 8332 8336 8332 6940 6940 8332 6920 6940 6920 5660 5660 6920 5607 5660 5607 4276 13506 13259 14717 14717 13259 14381 14717 14381 15228 15228 14381 14932 15228 14932 14295 14295 14932 14132 14295 14132 12979 12979 14132 12910 12979 12910 11803 11803 12910 11778 11803 11778 10630 10630 11778 10621 10630 10621 9466 9466 10621 9471 9466 9471 8340 8340 9471 8338 8340 8338 6982 6982 8338 6958 6982 6958 5749 5749 6958 5707 5749 5707 4464 4464 5707 4372 4464 4372 3051 3051 4372 2912 3051 2912 1329 15517 15370 14799 14799 15370 14499 14799 14499 13230 13230 14499 13089 13230 13089 11913 11913 13089 11844 11913 11844 10669 10669 11844 10645 10669 10645 9478 9478 10645 9473 9478 9473 8344 8344 9473 8342 8344 8342 6997 6997 8342 6991 6997 6991 5809 5809 6991 5785 5809 5785 4609 4609 5785 4538 4609 4538 3340 3340 4538 3207 3340 3207 1919 1919 3207 1618 1919 1618 929 929 1618 846 929 846 1288 13527 13371 12083 12083 13371 11990 12083 11990 10757 10757 11990 10710 10757 10710 9512 9512 10710 9491 9512 9491 8348 8348 9491 8346 8348 8346 6996 6996 8346 7001 6996 7001 5824 5824 7001 5822 5824 5822 4670 4670 5822 4652 4670 4652 3492 3492 4652 3434 3492 3434 2258 2258 3434 2090 2258 2090 1374 1374 2090 1073 1374 1073 1865 1865 1073 1501 1865 1501 2950 2950 1501 2699 2950 2699 4022 10885 10949 9695 9695 10949 9672 9695 9672 8352 8352 9672 8350 8352 8350 6977 6977 8350 6988 6977 6988 5794 5794 6988 5814 5794 5814 4653 4653 5814 4669 4653 4669 3517 3517 4669 3519 3517 3519 2376 2376 3519 2338 2376 2338 1694 1694 2338 1557 1694 1557 2179 2179 1557 2013 2179 2013 3228 3228 2013 3095 3228 3095 4353 4353 3095 4260 4353 4260 5551 5551 4260 5360 5551 5360 6654 8232 8354 6938 6938 8354 6955 6938 6955 5722 5722 6955 5762 5722 5762 4550 4550 5762 4616 4550 4616 3432 3432 4616 3489 3432 3489 2328 2328 3489 2369 2328 2369 1767 1767 2369 1795 1767 1795 2313 2313 1795 2275 2313 2275 3394 3394 2275 3333 3394 3333 4495 4495 3333 4430 4495 4430 5642 5642 4430 5601 5642 5601 6698 6698 5601 6677 6698 6677 8018 8018 6677 8014 8018 8014 9452 5467 5674 4380 4380 5674 4472 4380 4472 3206 3206 4472 3337 3206 3337 2069 2069 3337 2244 2069 2244 1516 1516 2244 1657 1516 1657 2251 2251 1657 2300 2251 2300 3409 3409 2300 3418 3409 3418 4548 4548 3418 4529 4548 4529 5695 5695 4529 5676 5695 5676 6868 6868 5676 6857 6868 6857 8010 8010 6857 8015 8010 8015 9408 9408 8015 9428 9408 9428 10667 10667 9428 10721 10667 10721 12026 2809 3045 1577 1577 3045 1907 1577 1907 1033 1033 1907 1335 1033 1335 1977 1977 1335 2139 1977 2139 3300 3300 2139 3374 3300 3374 4512 4512 3374 4536 4512 4536 5696 5696 4536 5704 5696 5704 6879 6879 5704 6876 6879 6876 8006 8006 6876 8008 8006 8008 9364 9364 8008 9386 9364 9386 10577 10577 9386 10618 10577 10618 11846 11846 10618 11934 11846 11934 13219 13219 11934 13366 13219 13366 14912 1079 890 1458 1458 890 1755 1458 1755 3044 3044 1755 3188 3044 3188 4395 4395 3188 4467 4395 4467 5658 5658 4467 5682 5658 5682 6866 6866 5682 6874 6866 6874 8002 8002 6874 8004 8002 8004 9347 9347 8004 9354 9347 9354 10514 10514 9354 10539 10514 10539 11714 11714 10539 11774 11714 11774 12941 12941 11774 13068 12941 13068 14354 14354 13068 14641 14354 14641 15330 15330 14641 15411 15330 15411 14977 3969 2908 4217 4217 2908 4314 4217 4314 5570 5570 4314 5620 5570 5620 6697 6697 5620 6856 6697 6856 7998 7998 6856 8000 7998 8000 9349 9349 8000 9343 9349 9343 10499 10499 9343 10501 10499 10501 11652 11652 10501 11670 11652 11670 12802 12802 11670 12854 12802 12854 14022 14022 12854 14181 14022 14181 14885 14885 14181 15187 14885 15187 14432 14432 15187 14770 14432 14770 13353 13353 14770 13599 13353 13599 12309 6616 5377 6648 6648 5377 6672 6648 6672 7994 7994 6672 7996 7994 7996 9367 9367 7996 9356 9367 9356 10531 10531 9356 10509 10531 10509 11669 11669 10509 11653 11669 11653 12777 12777 11653 12775 12777 12775 13916 13916 12775 13950 13916 13950 14579 14579 13950 14712 14579 14712 14114 14114 14712 14275 14114 14275 13078 13078 14275 13210 13078 13210 11984 11984 13210 12073 11984 12073 10946 10946 12073 11000 10946 11000 9723 9432 7992 9411 9411 7992 9389 9411 9389 10603 10603 9389 10564 10603 10564 11764 11764 10564 11709 11764 11709 12857 12857 11709 12805 12857 12805 13959 13959 12805 13923 13959 13923 14507 14507 13923 14483 14507 14483 13988 13988 14483 14023 13988 14023 12916 12916 14023 12976 12916 12976 11847 11847 12976 11912 11847 11912 10715 10715 11912 10758 10715 10758 9677 9677 10758 9697 9677 9697 8359 8359 9697 8363 8359 8363 6923 12027 10651 11927 11927 10651 11838 11927 11838 13070 13070 11838 12944 13070 12944 14201 14201 12944 14037 14201 14037 14754 14754 14037 14616 14754 14616 14047 14047 14616 13999 14047 13999 12902 12902 13999 12893 12902 12893 11794 11794 12893 11811 11794 11811 10661 10661 11811 10680 10661 10680 9505 9505 10680 9653 9505 9653 8364 8364 9653 8360 8364 8360 6966 6966 8360 6947 6966 6947 5689 5689 6947 5638 5689 5638 4311 14954 13225 14676 14676 13225 14368 14676 14368 15225 15225 14368 14930 15225 14930 14313 14313 14930 14153 14313 14153 13009 13009 14153 12935 13009 12935 11828 11828 12935 11806 11828 11806 10660 10660 11806 10652 10660 10652 9495 9495 10652 9498 9495 9498 8370 8370 9498 8368 8370 8368 7011 7011 8368 6989 7011 6989 5779 5779 6989 5737 5779 5737 4496 4496 5737 4405 4496 4405 3086 3086 4405 2935 3086 2935 1362 15195 15368 14813 14813 15368 14536 14813 14536 13258 13258 14536 13119 13258 13119 11942 11942 13119 11873 11942 11873 10700 10700 11873 10674 10700 10674 9508 9508 10674 9500 9508 9500 8374 8374 9500 8372 8374 8372 7028 7028 8372 7021 7028 7021 5840 5840 7021 5815 5840 5815 4638 4638 5815 4572 4638 4572 3372 3372 4572 3239 3372 3239 1934 1934 3239 1638 1934 1638 932 932 1638 848 932 848 1278 12359 13391 12115 12115 13391 12022 12115 12022 10788 10788 12022 10739 10788 10739 9678 9678 10739 9654 9678 9654 8378 8378 9654 8376 8378 8376 7026 7026 8376 7032 7026 7032 5855 5855 7032 5853 5855 5853 4702 4702 5853 4680 4702 4680 3516 3516 4680 3460 3516 3460 2277 2277 3460 2112 2277 2112 1377 1377 2112 1075 1377 1075 1830 1830 1075 1488 1830 1488 2924 2924 1488 2681 2924 2681 3989 9755 10980 9727 9727 10980 9702 9727 9702 8382 8382 9702 8380 8382 8380 7008 7008 8380 7019 7008 7019 5823 5823 7019 5845 5823 5845 4681 4681 5845 4701 4681 4701 3539 3539 4701 3541 3539 3541 2390 2390 3541 2356 2390 2356 1697 1697 2356 1559 1697 1559 2155 2155 1559 1997 2155 1997 3196 3196 1997 3063 3196 3063 4321 4321 3063 4228 4321 4228 5382 5382 4228 5324 5382 5324 6618 6942 8384 6963 6963 8384 6986 6963 6986 5752 5752 6986 5790 5752 5790 4581 4581 5790 4644 4581 4644 3457 3457 4644 3512 3457 3512 2345 2345 3512 2384 2345 2384 1770 1770 2384 1801 1770 1801 2297 2297 1801 2259 2297 2259 3369 3369 2259 3306 3369 3306 4462 4462 3306 4396 4462 4396 5612 5612 4396 5569 5612 5569 6667 6667 5569 6647 6667 6647 7986 7986 6647 7982 7986 7982 9422 4307 5705 4412 4412 5705 4502 4412 4502 3237 3237 4502 3367 3237 3367 2094 2094 3367 2261 2094 2261 1519 1519 2261 1659 1519 1659 2234 2234 1659 2284 2234 2284 3385 3385 2284 3393 3385 3393 4517 4517 3393 4501 4517 4501 5666 5666 4501 5647 5666 5647 6703 6703 5647 6693 6703 6693 7983 7983 6693 7987 7983 7987 9375 9375 7987 9397 9375 9397 10637 10637 9397 10689 10637 10689 11992 1312 3079 1607 1607 3079 1920 1607 1920 1037 1037 1920 1338 1037 1338 1962 1962 1338 2120 1962 2120 3272 3272 2120 3345 3272 3345 4483 4483 3345 4505 4483 4505 5667 5667 4505 5675 5667 5675 6854 6854 5675 6849 6854 6849 7975 7975 6849 7977 7975 7977 9335 9335 7977 9355 9335 9355 10547 10547 9355 10588 10547 10588 11816 11816 10588 11903 11816 11903 13182 13182 11903 13342 13182 13342 14889 1055 892 1443 1443 892 1722 1443 1722 3014 3014 1722 3158 3014 3158 4363 4363 3158 4436 4363 4436 5628 5628 4436 5653 5628 5653 6700 6700 5653 6847 6700 6847 7971 7971 6847 7973 7971 7973 9317 9317 7973 9323 9317 9323 10484 10484 9323 10508 10484 10508 11685 11685 10508 11743 11685 11743 12911 12911 11743 13037 12911 13037 14337 14337 13037 14626 14337 14626 15328 15328 14626 15409 15328 15409 14987 3943 2889 4046 4046 2889 4284 4046 4284 5400 5400 4284 5589 5400 5589 6666 6666 5589 6691 6666 6691 7967 7967 6691 7969 7967 7969 9318 9318 7969 9313 9318 9313 10470 10470 9313 10471 10470 10471 11620 11620 10471 11640 11620 11640 12778 12778 11640 12830 12778 12830 14006 14006 12830 14158 14006 14158 14882 14882 14158 15183 14882 15183 14471 14471 15183 14781 14471 14781 13375 13375 14781 13615 13375 13615 12341 6584 5346 6614 6614 5346 6641 6614 6641 7963 7963 6641 7965 7963 7965 9336 9336 7965 9325 9336 9325 10500 10500 9325 10479 10500 10479 11639 11639 10479 11621 11639 11621 12757 12757 11621 12754 12757 12754 13902 13902 12754 13935 13902 13935 14576 14576 13935 14709 14576 14709 14137 14137 14709 14292 14137 14292 13111 13111 14292 13242 13111 13242 12016 12016 13242 12104 12016 12104 10975 10975 12104 11031 10975 11031 9754 9403 7961 9380 9380 7961 9358 9380 9358 10572 10572 9358 10533 10572 10533 11736 11736 10533 11679 11736 11679 12833 12833 11679 12783 12833 12783 13946 13946 12783 13908 13946 13908 14502 14502 13908 14481 14502 14481 14003 14003 14481 14039 14003 14039 12940 12940 14039 13005 12940 13005 11878 11878 13005 11941 11878 11941 10746 10746 11941 10789 10746 10789 9707 9707 10789 9728 9707 9728 8391 8391 9728 8395 8391 8395 6953 11995 10620 11894 11894 10620 11809 11894 11809 13040 13040 11809 12918 13040 12918 14177 14177 12918 14021 14177 14021 14752 14752 14021 14613 14752 14613 14064 14064 14613 14012 14064 14012 12927 12927 14012 12917 12927 12917 11825 11825 12917 11842 11825 11842 10690 10690 11842 10711 10690 10711 9671 9671 10711 9681 9671 9681 8392 8392 9681 8388 8392 8388 6999 6999 8388 6978 6999 6978 5719 5719 6978 5669 5719 5669 4345 14944 13191 14650 14650 13191 14352 14650 14352 15223 15223 14352 14928 15223 14928 14328 14328 14928 14172 14328 14172 13036 13036 14172 12964 13036 12964 11856 11856 12964 11836 11856 11836 10688 10688 11836 10681 10688 10681 9657 9657 10681 9662 9657 9662 8400 8400 9662 8396 8400 8396 7040 7040 8396 7020 7040 7020 5807 5807 7020 5768 5807 5768 4526 4526 5768 4439 4526 4439 3121 3121 4439 2960 3121 2960 1397 15211 15366 14830 14830 15366 14575 14830 14575 13290 13290 14575 13147 13290 13147 11974 11974 13147 11904 11974 11904 10731 10731 11904 10704 10731 10704 9675 9675 10704 9664 9675 9664 8404 8404 9664 8402 8404 8402 7060 7060 8402 7052 7060 7052 5871 5871 7052 5846 5871 5846 4668 4668 5846 4605 4668 4605 3398 3398 4605 3271 3398 3271 1952 1952 3271 1661 1952 1661 934 934 1661 850 934 850 1128 12386 13412 12285 12285 13412 12050 12285 12050 10957 10957 12050 10770 10957 10770 9709 9709 10770 9683 9709 9683 8408 8408 9683 8406 8408 8406 7058 7058 8406 7064 7058 7064 5887 5887 7064 5886 5887 5886 4734 4734 5886 4711 4734 4711 3538 3538 4711 3488 3538 3488 2293 2293 3488 2135 2293 2135 1380 1380 2135 1077 1380 1077 1777 1777 1077 1475 1777 1475 2904 2904 1475 2664 2904 2664 3958 9787 11014 9759 9759 11014 9733 9759 9733 8412 8412 9733 8410 8412 8410 7039 7039 8410 7050 7039 7050 5854 5854 7050 5874 5854 5874 4713 4713 5874 4733 4713 4733 3557 3557 4733 3561 3557 3561 2405 2405 3561 2371 2405 2371 1701 1701 2371 1563 1701 1563 2137 2137 1563 1980 2137 1980 3165 3165 1980 3029 3165 3029 4287 4287 3029 4194 4287 4194 5351 5351 4194 5291 5351 5291 6587 6973 8414 6995 6995 8414 7018 6995 7018 5783 5783 7018 5821 5783 5821 4615 4615 5821 4673 4615 4673 3485 3485 4673 3535 3485 3535 2360 2360 3535 2398 2360 2398 1772 1772 2398 1805 1772 1805 2280 2280 1805 2243 2280 2243 3341 3341 2243 3274 3341 3274 4431 4431 3274 4365 4431 4365 5582 5582 4365 5399 5582 5399 6636 6636 5399 6612 6636 6612 7951 7951 6612 7947 7951 7947 9391 4343 5736 4445 4445 5736 4533 4445 4533 3270 3270 4533 3395 3270 3395 2116 2116 3395 2279 2116 2279 1521 1521 2279 1663 1521 1663 2215 2215 1663 2271 2215 2271 3357 3357 2271 3370 3357 3370 4488 4488 3370 4468 4488 4468 5637 5637 4468 5621 5637 5621 6673 6673 5621 6663 6673 6663 7952 7952 6663 7955 7952 7955 9345 9345 7955 9366 9345 9366 10604 10604 9366 10656 10604 10656 11961 1322 3113 1631 1631 3113 1936 1631 1936 1039 1039 1936 1340 1039 1340 1945 1945 1340 2099 1945 2099 3241 3241 2099 3317 3241 3317 4453 4453 3317 4477 4453 4477 5639 5639 4477 5646 5639 5646 6689 6689 5646 6684 6689 6684 7943 7943 6684 7948 7943 7948 9303 9303 7948 9324 9303 9324 10516 10516 9324 10556 10516 10556 11785 11785 10556 11870 11785 11870 13152 13152 11870 13316 13152 13316 14842 1034 894 1425 1425 894 1680 1425 1680 2984 2984 1680 3124 2984 3124 4333 4333 3124 4404 4333 4404 5598 5598 4404 5626 5598 5626 6670 6670 5626 6680 6670 6680 7938 7938 6680 7941 7938 7941 9285 9285 7941 9292 9285 9292 10456 10456 9292 10478 10456 10478 11655 11655 10478 11717 11655 11717 12888 12888 11717 13008 12888 13008 14321 14321 13008 14594 14321 14594 15323 15323 14594 15407 15323 15407 15140 3918 2867 4013 4013 2867 4252 4013 4252 5369 5369 4252 5558 5369 5558 6635 6635 5558 6662 6635 6662 7934 7934 6662 7936 7934 7936 9287 9287 7936 9281 9287 9281 10441 10441 9281 10442 10441 10442 11588 11588 10442 11610 11588 11610 12758 12758 11610 12807 12758 12807 13991 13991 12807 14138 13991 14138 14880 14880 14138 15181 14880 15181 14522 14522 15181 14796 14522 14796 13396 13396 14796 13631 13396 13631 12371 6551 5311 6581 6581 5311 6610 6581 6610 7930 7930 6610 7932 7930 7932 9308 9308 7932 9294 9308 9294 10469 10469 9294 10452 10469 10452 11609 11609 10452 11590 11609 11590 12738 12738 11590 12736 12738 12736 13886 13886 12736 13921 13886 13921 14572 14572 13921 14706 14572 14706 14157 14157 14706 14309 14157 14309 13141 13141 14309 13275 13141 13275 12046 12046 13275 12272 12046 12272 11007 11007 12272 11066 11007 11066 9784 9370 7928 9348 9348 7928 9326 9348 9326 10541 10541 9326 10502 10541 10502 11708 11708 10502 11649 11708 11649 12809 12809 11649 12760 12809 12760 13930 13930 12760 13892 13930 13892 14496 14496 13892 14475 14496 14475 14018 14018 14475 14056 14018 14056 12969 12969 14056 13034 12969 13034 11911 11911 13034 11971 11911 11971 10775 10775 11971 10958 10775 10958 9738 9738 10958 9760 9738 9760 8422 8422 9760 8426 8422 8426 6984 11962 10590 11863 11863 10590 11779 11863 11779 13010 13010 11779 12890 13010 12890 14155 14155 12890 14002 14155 14002 14749 14749 14002 14610 14749 14610 14082 14082 14610 14027 14082 14027 12953 12953 14027 12939 12953 12939 11852 11852 12939 11872 11852 11872 10720 10720 11872 10738 10720 10738 9701 9701 10738 9712 9701 9712 8421 8421 9712 8418 8421 8418 7030 7030 8418 7009 7030 7009 5750 5750 7009 5700 5750 5700 4376 14923 13158 14630 14630 13158 14335 14630 14335 15221 15221 14335 14925 15221 14925 14344 14344 14925 14193 14344 14193 13066 13066 14193 12993 13066 12993 11886 11886 12993 11861 11886 11861 10718 10718 11861 10712 10718 10712 9685 9685 10712 9689 9685 9689 8428 8428 9689 8425 8428 8425 7072 7072 8425 7051 7072 7051 5838 5838 7051 5799 5838 5799 4559 4559 5799 4470 4559 4470 3153 3153 4470 2989 3153 2989 1433 15234 15364 14848 14848 15364 14609 14848 14609 13317 13317 14609 13178 13317 13178 12004 12004 13178 11933 12004 11933 10761 10761 11933 10733 10761 10733 9703 9703 10733 9692 9703 9692 8435 8435 9692 8432 8435 8432 7089 7089 8432 7083 7089 7083 5916 5916 7083 5878 5916 5878 4700 4700 5878 4636 4700 4636 3424 3424 4636 3305 3424 3305 1971 1971 3305 1703 1971 1703 936 936 1703 852 936 852 1110 12410 13432 12318 12318 13432 12081 12318 12081 10989 10989 12081 10940 10989 10940 9740 9740 10940 9713 9740 9713 8440 8440 9713 8438 8440 8438 7088 7088 8438 7093 7088 7093 5935 5935 7093 5933 5935 5933 4764 4764 5933 4742 4764 4742 3558 3558 4742 3511 3558 3511 2311 2311 3511 2158 2311 2158 1383 1383 2158 1082 1383 1082 1740 1740 1082 1460 1740 1460 2885 2885 1460 2647 2885 2647 3935 9820 11044 9790 9790 11044 9763 9790 9763 8444 8444 9763 8442 8444 8442 7069 7069 8442 7081 7069 7081 5888 5888 7081 5921 5888 5921 4743 4743 5921 4761 4743 4761 3578 3578 4761 3580 3578 3580 2420 2420 3580 2386 2420 2386 1705 1705 2386 1567 1705 1567 2117 2117 1567 1964 2117 1964 3133 3133 1964 2997 3133 2997 4257 4257 2997 4026 4257 4026 5318 5318 4026 5257 5318 5257 6555 7005 8446 7027 7027 8446 7049 7027 7049 5812 5812 7049 5852 5812 5852 4645 4645 5852 4706 4645 4706 3509 3509 4706 3554 3509 3554 2378 2378 3554 2417 2378 2417 1776 1776 2417 1810 1776 1810 2264 2264 1810 2224 2264 2224 3311 3311 2224 3242 3311 3242 4398 4398 3242 4335 4398 4335 5554 5554 4335 5368 5554 5368 6603 6603 5368 6579 6603 6579 7918 7918 6579 7914 7918 7914 9360 4374 5764 4479 4479 5764 4566 4479 4566 3302 3302 4566 3422 3302 3422 2140 2140 3422 2298 2140 2298 1523 1523 2298 1666 1523 1666 2196 2196 1666 2254 2196 2254 3329 3329 2254 3342 3329 3342 4458 4458 3342 4438 4458 4438 5608 5608 4438 5590 5608 5590 6644 6644 5590 6631 6644 6631 7923 7923 6631 7922 7923 7922 9312 9312 7922 9333 9312 9333 10573 10573 9333 10624 10573 10624 11930 1353 3149 1648 1648 3149 1956 1648 1956 1041 1041 1956 1343 1041 1343 1928 1928 1343 2079 1928 2079 3211 3211 2079 3291 3211 3291 4422 4422 3291 4448 4422 4448 5610 5610 4448 5617 5610 5617 6660 6660 5617 6656 6660 6656 7915 7915 6656 7919 7915 7919 9272 9272 7919 9291 9272 9291 10486 10486 9291 10525 10486 10525 11755 11755 10525 11839 11755 11839 13120 13120 11839 13284 13120 13284 14822 1020 896 1394 1394 896 1646 1394 1646 2959 2959 1646 3094 2959 3094 4299 4299 3094 4373 4299 4373 5568 5568 4373 5597 5568 5597 6640 6640 5597 6652 6640 6652 7908 7908 6652 7910 7908 7910 9254 9254 7910 9260 9254 9260 10426 10426 9260 10448 10426 10448 11622 11622 10448 11687 11622 11687 12863 12863 11687 12975 12863 12975 14301 14301 12975 14548 14301 14548 15320 15320 14548 15405 15320 15405 15158 3899 2843 3980 3980 2843 4220 3980 4220 5337 5337 4220 5387 5337 5387 6602 6602 5387 6630 6602 6630 7904 7904 6630 7906 7904 7906 9255 9255 7906 9250 9255 9250 10407 10407 9250 10410 10407 10410 11561 11561 10410 11581 11561 11581 12737 12737 11581 12784 12737 12784 13973 13973 12784 14111 13973 14111 14877 14877 14111 15178 14877 15178 14549 14549 15178 14811 14549 14811 13414 13414 14811 13646 13414 13646 12396 6520 5277 6549 6549 5277 6576 6549 6576 7900 7900 6576 7902 7900 7902 9276 9276 7902 9263 9276 9263 10439 10439 9263 10420 10439 10420 11580 11580 10420 11564 11580 11564 12718 12718 11564 12716 12718 12716 13872 13872 12716 13906 13872 13906 14567 14567 13906 14702 14567 14702 14175 14175 14702 14326 14175 14326 13169 13169 14326 13305 13169 13305 12076 12076 13305 12303 12076 12303 11037 11037 12303 11099 11037 11099 9816 9338 7898 9315 9315 7898 9293 9315 9293 10511 10511 9293 10473 10511 10473 11677 11677 10473 11614 11677 11614 12786 12786 11614 12741 12786 12741 13913 13913 12741 13877 13913 13877 14494 14494 13877 14469 14494 14469 14033 14033 14469 14073 14033 14073 12999 12999 14073 13064 12999 13064 11938 11938 13064 12001 11938 12001 10944 10944 12001 10988 10944 10988 9769 9769 10988 9791 9769 9791 8456 8456 9791 8460 8456 8460 7015 11931 10559 11831 11831 10559 11748 11831 11748 12977 12977 11748 12864 12977 12864 14130 14130 12864 13986 14130 13986 14743 14743 13986 14607 14743 14607 14102 14102 14607 14044 14102 14044 12980 12980 14044 12968 12980 12968 11881 11881 12968 11902 11881 11902 10750 10750 11902 10768 10750 10768 9730 9730 10768 9743 9730 9743 8451 8451 9743 8452 8451 8452 7065 7065 8452 7042 7065 7042 5781 5781 7042 5733 5781 5733 4411 14898 13126 14601 14601 13126 14315 14601 14315 15218 15218 14315 14920 15218 14920 14357 14357 14920 14211 14357 14211 13092 13092 14211 13018 13092 13018 11917 11917 13018 11888 11917 11888 10748 10748 11888 10740 10748 10740 9715 9715 10740 9719 9715 9719 8459 8459 9719 8455 8459 8455 7100 7100 8455 7084 7100 7084 5872 5872 7084 5829 5872 5829 4594 4594 5829 4503 4594 4503 3190 3190 4503 3020 3190 3020 1453 15240 15362 14890 14890 15362 14631 14890 14631 13341 13341 14631 13209 13341 13209 12035 12035 13209 11960 12035 11960 10790 10790 11960 10762 10790 10762 9734 9734 10762 9721 9734 9721 8466 8466 9721 8464 8466 8464 7120 7120 8464 7112 7120 7112 5947 5947 7112 5924 5947 5924 4732 4732 5924 4666 4732 4666 3451 3451 4666 3336 3451 3336 1990 1990 3336 1743 1990 1743 939 939 1743 854 939 854 1090 12429 13590 12349 12349 13590 12112 12349 12112 11020 11020 12112 10969 11020 10969 9770 9770 10969 9744 9770 9744 8470 8470 9744 8468 8470 8468 7119 7119 8468 7124 7119 7124 5964 5964 7124 5961 5964 5961 4787 4787 5961 4772 4787 4772 3579 3579 4772 3534 3579 3534 2329 2329 3534 2186 2329 2186 1386 1386 2186 1085 1386 1085 1709 1709 1085 1446 1709 1446 2865 2865 1446 2633 2865 2633 3912 9852 11078 9822 9822 11078 9794 9822 9794 8474 8474 9794 8472 8474 8472 7098 7098 8472 7111 7098 7111 5936 5936 7111 5953 5936 5953 4773 4773 5953 4786 4773 4786 3597 3597 4786 3600 3597 3600 2434 2434 3600 2399 2434 2399 1711 1711 2399 1569 1711 1569 2097 2097 1569 1949 2097 1949 3102 3102 1949 2970 3102 2970 4225 4225 2970 3994 4225 3994 5285 5285 3994 5225 5285 5225 6524 7037 8476 7062 7062 8476 7082 7062 7082 5841 5841 7082 5884 5841 5884 4676 4676 5884 4738 4676 4738 3532 3532 4738 3574 3532 3574 2394 2394 3574 2429 2394 2429 1783 1783 2429 1814 1783 1814 2250 2250 1814 2206 2250 2206 3282 3282 2206 3216 3282 3216 4368 4368 3216 4302 4368 4302 5384 5384 4302 5338 5384 5338 6571 6571 5338 6548 6571 6548 7887 7887 6548 7883 7887 7883 9328 4408 5796 4513 4513 5796 4601 4513 4601 3335 3335 4601 3450 3335 3450 2167 2167 3450 2316 2167 2316 1525 1525 2316 1668 1525 1668 2174 2174 1668 2238 2174 2238 3301 3301 2238 3313 3301 3313 4428 4428 3313 4407 4428 4407 5577 5577 4407 5560 5577 5560 6611 6611 5560 6599 6611 6599 7894 7894 6599 7891 7894 7891 9280 9280 7891 9301 9280 9301 10542 10542 9301 10591 10542 10591 11895 1390 3180 1687 1687 3180 1974 1687 1974 1043 1043 1974 1345 1043 1345 1916 1916 1345 2060 1916 2060 3185 3185 2060 3262 3185 3262 4390 4390 3262 4419 4390 4419 5580 5580 4419 5588 5580 5588 6627 6627 5588 6622 6627 6622 7886 7886 6622 7890 7886 7890 9243 9243 7890 9259 9243 9259 10454 10454 9259 10494 10454 10494 11724 11724 10494 11808 11724 11808 13086 13086 11808 13250 13086 13250 14805 1014 898 1364 1364 898 1634 1364 1634 2936 2936 1634 3064 2936 3064 4268 4268 3064 4346 4268 4346 5398 5398 4346 5567 5398 5567 6609 6609 5567 6621 6609 6621 7878 7878 6621 7882 7878 7882 9224 9224 7882 9232 9224 9232 10395 10395 9232 10417 10395 10417 11589 11589 10417 11656 11589 11656 12839 12839 11656 12943 12839 12943 14282 14282 12943 14515 14282 14515 15318 15318 14515 15403 15318 15403 15186 3881 2689 3952 3952 2689 4049 3952 4049 5305 5305 4049 5356 5305 5356 6570 6570 5356 6598 6570 6598 7873 7873 6598 7875 7873 7875 9225 9225 7875 9220 9225 9220 10379 10379 9220 10381 10379 10381 11538 11538 10381 11552 11538 11552 12717 12717 11552 12762 12717 12762 13957 13957 12762 14088 13957 14088 14873 14873 14088 15174 14873 15174 14589 14589 15174 14826 14589 14826 13434 13434 14826 13660 13434 13660 12419 6483 5246 6518 6518 5246 6545 6518 6545 7869 7869 6545 7871 7869 7871 9245 9245 7871 9233 9245 9233 10406 10406 9233 10391 10406 10391 11551 11551 10391 11539 11551 11539 12698 12698 11539 12694 12698 12694 13860 13860 12694 13891 13860 13891 14564 14564 13891 14695 14564 14695 14195 14195 14695 14339 14195 14339 13201 13201 14339 13332 13201 13332 12106 12106 13332 12335 12106 12335 11071 11071 12335 11132 11071 11132 9848 9306 7867 9282 9282 7867 9261 9282 9261 10483 10483 9261 10444 10483 10444 11646 11646 10444 11585 11646 11585 12763 12763 11585 12723 12763 12723 13897 13897 12723 13864 13897 13864 14491 14491 13864 14465 14491 14465 14050 14050 14465 14092 14050 14092 13027 13027 14092 13090 13027 13090 11967 11967 13090 12031 11967 12031 10973 10973 12031 11019 10973 11019 9799 9799 11019 9824 9799 9824 8488 8488 9824 8492 8488 8492 7047 11896 10527 11796 11796 10527 11719 11796 11719 12945 12945 11719 12841 12945 12841 14105 14105 12841 13970 14105 13970 14738 14738 13970 14603 14738 14603 14118 14118 14603 14060 14118 14060 13007 13007 14060 12997 13007 12997 11914 11914 12997 11929 11914 11929 10780 10780 11929 10798 10780 10798 9761 9761 10798 9773 9761 9773 8480 8480 9773 8484 8480 8484 7095 7095 8484 7074 7095 7074 5813 5813 7074 5763 5813 5763 4444 14846 13091 14558 14558 13091 14299 14558 14299 15214 15214 14299 14917 15214 14917 14370 14370 14917 14232 14370 14232 13121 13121 14232 13045 13121 13045 11947 11947 13045 11920 11947 11920 10777 10777 11920 10769 10777 10769 9745 9745 10769 9750 9745 9750 8487 8487 9750 8483 8487 8483 7130 7130 8483 7114 7130 7114 5918 5918 7114 5861 5918 5861 4630 4630 5861 4534 4630 4534 3220 3220 4534 3055 3220 3055 1468 15248 15360 14909 14909 15360 14645 14909 14645 13363 13363 14645 13241 13363 13241 12065 12065 13241 11991 12065 11991 10959 10959 11991 10791 10959 10791 9762 9762 10791 9751 9762 9751 8496 8496 9751 8491 8496 8491 7151 7151 8491 7143 7151 7143 5981 5981 7143 5955 5981 5955 4763 4763 5955 4699 4763 4699 3480 3480 4699 3368 3480 3368 2010 2010 3368 1800 2010 1800 944 944 1800 856 944 856 1061 12450 13605 12377 12377 13605 12282 12377 12282 11052 11052 12282 11001 11052 11001 9800 9800 11001 9774 9800 9774 8500 8500 9774 8498 8500 8498 7150 7150 8498 7154 7150 7154 5997 5997 7154 5996 5997 5996 4815 4815 5996 4797 4815 4797 3599 3599 4797 3553 3599 3553 2347 2347 3553 2209 2347 2209 1392 1392 2209 1088 1392 1088 1670 1670 1088 1431 1670 1431 2842 2842 1431 2618 2842 2618 3892 9889 11108 9854 9854 11108 9826 9854 9826 8504 8504 9826 8502 8504 8502 7129 7129 8502 7142 7129 7142 5971 5971 7142 5985 5971 5985 4799 4799 5985 4810 4799 4810 3617 3617 4810 3621 3617 3621 2447 2447 3621 2418 2447 2418 1715 1715 2418 1574 1715 1574 2077 2077 1574 1932 2077 1932 3072 3072 1932 2947 3072 2947 4122 4122 2947 3963 4122 3963 5252 5252 3963 5194 5252 5194 6488 7070 8506 7094 7094 8506 7113 7094 7113 5873 5873 7113 5932 5873 5932 4708 4708 5932 4768 4708 4768 3550 3550 4768 3593 3550 3593 2410 2410 3593 2443 2410 2443 1787 1787 2443 1821 1787 1821 2231 2231 1821 2185 2231 2185 3253 3253 2185 3189 3253 3189 4339 4339 3189 4271 4339 4271 5353 5353 4271 5306 5353 5306 6540 6540 5306 6516 6540 6516 7855 7855 6516 7851 7855 7851 9295 4442 5827 4547 4547 5827 4634 4547 4634 3366 3366 4634 3478 3366 3478 2192 2192 3478 2332 2192 2332 1528 1528 2332 1674 1528 1674 2154 2154 1674 2220 2154 2220 3273 3273 2220 3283 3273 3283 4394 4394 3283 4378 4394 4378 5550 5550 4378 5390 5550 5390 6580 6580 5390 6566 6580 6566 7863 7863 6566 7859 7863 7859 9248 9248 7859 9270 9248 9270 10510 10510 9270 10562 10510 10562 11865 1429 3215 1738 1738 3215 1993 1738 1993 1046 1046 1993 1347 1046 1347 1905 1905 1347 2042 1905 2042 3155 3155 2042 3232 3155 3232 4360 4360 3232 4388 4360 4388 5553 5553 4388 5559 5553 5559 6597 6597 5559 6591 6597 6591 7856 7856 6591 7860 7856 7860 9214 9214 7860 9230 9214 9230 10423 10423 9230 10463 10423 10463 11693 11693 10463 11777 11693 11777 13055 13055 11777 13212 13055 13212 14790 1006 900 1342 1342 900 1617 1342 1617 2915 2915 1617 3032 2915 3032 4239 4239 3032 4315 4239 4315 5367 5367 4315 5397 5367 5397 6578 6578 5397 6590 6578 6590 7847 7847 6590 7852 7847 7852 9193 9193 7852 9201 9193 9201 10366 10366 9201 10387 10366 10387 11560 11560 10387 11623 11560 11623 12814 12814 11623 12913 12814 12913 14261 14261 12913 14448 14261 14448 15315 15315 14448 15401 15315 15401 15205 3863 2673 3929 3929 2673 4016 3929 4016 5271 5271 4016 5325 5271 5325 6539 6539 5325 6565 6539 6565 7842 7842 6565 7844 7842 7844 9194 9194 7844 9190 9194 9190 10350 10350 9190 10353 10350 10353 11508 11508 10353 11528 11508 11528 12697 12697 11528 12742 12697 12742 13942 13942 12742 14070 13942 14070 14870 14870 14070 15170 14870 15170 14624 14624 15170 14840 14624 14840 13593 13593 14840 13671 13593 13671 12438 6450 5217 6485 6485 5217 6515 6485 6515 7838 7838 6515 7840 7838 7840 9215 9215 7840 9202 9215 9202 10375 10375 9202 10361 10375 10361 11527 11527 10361 11509 11527 11509 12680 12680 11509 12678 12680 12678 13844 13844 12678 13874 13844 13874 14559 14559 13874 14691 14559 14691 14215 14215 14691 14353 14215 14353 13233 13233 14353 13352 13233 13352 12274 12274 13352 12367 12274 12367 11103 11103 12367 11164 11103 11164 9886 9273 7836 9249 9249 7836 9231 9249 9231 10453 10453 9231 10409 10453 10409 11613 11613 10409 11556 11613 11556 12745 12745 11556 12701 12745 12701 13883 13883 12701 13848 13883 13848 14484 14484 13848 14453 14484 14453 14066 14066 14453 14108 14066 14108 13053 13053 14108 13118 13053 13118 11998 11998 13118 12060 11998 12060 11005 11005 12060 11051 11005 11051 9831 9831 11051 9856 9831 9856 8520 8520 9856 8524 8520 8524 7080 11866 10496 11768 11768 10496 11689 11768 11689 12915 12915 11689 12815 12915 12815 14084 14084 12815 13955 14084 13955 14734 14734 13955 14598 14734 14598 14139 14139 14598 14079 14139 14079 13035 13035 14079 13024 13035 13024 11943 11943 13024 11957 11943 11957 10947 10947 11957 10966 10947 10966 9789 9789 10966 9804 9789 9804 8508 8508 9804 8514 8508 8514 7126 7126 8514 7104 7126 7104 5844 5844 7104 5792 5844 5792 4473 14824 13057 14520 14520 13057 14277 14520 14277 15210 15210 14277 14911 15210 14911 14380 14380 14911 14247 14380 14247 13149 13149 14247 13073 13149 13073 11977 11977 13073 11949 11977 11949 10943 10943 11949 10799 10943 10799 9775 9775 10799 9779 9775 9779 8517 8517 9779 8511 8517 8511 7161 7161 8511 7144 7161 7144 5950 5950 7144 5899 5950 5899 4660 4660 5899 4568 4660 4568 3254 3254 4568 3092 3254 3092 1483 15254 15358 14936 14936 15358 14662 14936 14662 13384 13384 14662 13271 13384 13271 12094 12094 13271 12019 12094 12019 10990 10990 12019 10960 10990 10960 9792 9792 10960 9781 9792 9781 8525 8525 9781 8522 8525 8522 7183 7183 8522 7173 7183 7173 6012 6012 7173 5988 6012 5988 4788 4788 5988 4731 4788 4731 3504 3504 4731 3400 3504 3400 2030 2030 3400 1850 2030 1850 948 948 1850 858 948 858 1045 12465 13621 12402 12402 13621 12314 12402 12314 11082 11082 12314 11030 11082 11030 9832 9832 11030 9805 9832 9805 8531 8531 9805 8529 8531 8529 7182 7182 8529 7186 7182 7186 6026 6026 7186 6025 6026 6025 4842 4842 6025 4824 4842 4824 3618 3618 4824 3573 3618 3573 2364 2364 3573 2232 2364 2232 1396 1396 2232 1092 1396 1092 1641 1641 1092 1411 1641 1411 2686 2686 1411 2608 2686 2608 3872 9920 11139 9888 9888 11139 9859 9888 9859 8535 8535 9859 8533 8535 8533 7160 7160 8533 7172 7160 7172 6001 6001 7172 6017 6001 6017 4826 4826 6017 4841 4826 4841 3636 3636 4841 3640 3636 3640 2465 2465 3640 2432 2465 2432 1721 1721 2432 1579 1721 1579 2058 2058 1579 1921 2058 1921 3042 3042 1921 2925 3042 2925 4023 4023 2925 3938 4023 3938 5220 5220 3938 5160 5220 5160 6455 7101 8537 7125 7125 8537 7145 7125 7145 5922 5922 7145 5963 5922 5963 4739 4739 5963 4794 4739 4794 3571 3571 4794 3615 3571 3615 2425 2425 3615 2459 2425 2459 1804 1804 2459 1826 1804 1826 2214 2214 1826 2165 2214 2165 3225 3225 2165 3159 3225 3159 4310 4310 3159 4243 4310 4243 5320 5320 4243 5272 5320 5272 6510 6510 5272 6482 6510 6482 7822 7822 6482 7819 7822 7819 9262 4474 5860 4577 4577 5860 4664 4577 4664 3397 3397 4664 3502 3397 3502 2216 2216 3502 2351 2216 2351 1532 1532 2351 1677 1532 1677 2136 2136 1677 2205 2136 2205 3243 3243 2205 3255 3243 3255 4364 4364 3255 4352 4364 4352 5381 5381 4352 5361 5381 5361 6550 6550 5361 6536 6550 6536 7834 7834 6536 7829 7834 7829 9218 9218 7829 9239 9218 9239 10482 10482 9239 10530 10482 10530 11835 1451 3249 1785 1785 3249 2014 1785 2014 1048 1048 2014 1350 1048 1350 1894 1894 1350 2024 1894 2024 3125 3125 2024 3203 3125 3203 4330 4330 3203 4357 4330 4357 5385 5385 4357 5391 5385 5391 6564 6564 5391 6560 6564 6560 7828 7828 6560 7833 7828 7833 9183 9183 7833 9200 9183 9200 10392 10392 9200 10434 10392 10434 11662 11662 10434 11747 11662 11747 13022 13022 11747 13179 13022 13179 14773 999 902 1321 1321 902 1597 1321 1597 2896 2896 1597 3002 2896 3002 4210 4210 3002 4285 4210 4285 5336 5336 4285 5366 5336 5366 6547 6547 5366 6558 6547 6558 7818 7818 6558 7823 7818 7823 9163 9163 7823 9172 9163 9172 10336 10336 9172 10358 10336 10358 11537 11537 10358 11592 11537 11592 12791 12791 11592 12886 12791 12886 14238 14238 12886 14411 14238 14411 15313 15313 14411 15399 15313 15399 15226 3846 2659 3908 3908 2659 3984 3908 3984 5242 5242 3984 5294 5242 5294 6509 6509 5294 6535 6509 6535 7812 7812 6535 7814 7812 7814 9164 9164 7814 9160 9164 9160 10322 10322 9160 10323 10322 10323 11485 11485 10323 11500 11485 11500 12679 12679 11500 12722 12679 12722 13927 13927 12722 14046 13927 14046 14866 14866 14046 15166 14866 15166 14634 14634 15166 14876 14634 14876 13608 13608 14876 13682 13608 13682 12457 6416 5184 6452 6452 5184 6481 6452 6481 7808 7808 6481 7810 7808 7810 9185 9185 7810 9171 9185 9171 10346 10346 9171 10332 10346 10332 11498 11498 10332 11486 11498 11486 12661 12661 11486 12659 12661 12659 13828 13828 12659 13862 13828 13862 14552 14552 13862 14685 14552 14685 14233 14233 14685 14366 14233 14366 13260 13260 14366 13374 13260 13374 12307 12307 13374 12393 12307 12393 11137 11137 12393 11201 11137 11201 9917 9240 7806 9219 9219 7806 9198 9219 9198 10418 10418 9198 10378 10418 10378 11583 11583 10378 11531 11583 11531 12725 12725 11531 12682 12725 12682 13867 13867 12682 13834 13867 13834 14473 14473 13834 14446 14473 14446 14081 14081 14446 14129 14081 14129 13080 13080 14129 13145 13080 13145 12025 12025 13145 12089 12025 12089 11035 11035 12089 11081 11035 11081 9863 9863 11081 9891 9863 9891 8552 8552 9891 8556 8552 8556 7115 11833 10465 11739 11739 10465 11658 11739 11658 12887 12887 11658 12792 12887 12792 14062 14062 12792 13938 14062 13938 14730 14730 13938 14592 14730 14592 14156 14156 14592 14093 14156 14093 13062 13062 14093 13049 13062 13049 11972 11972 13049 11985 11972 11985 10976 10976 11985 10997 10976 10997 9819 9819 10997 9836 9819 9836 8540 8540 9836 8545 8540 8545 7156 7156 8545 7135 7156 7135 5875 5875 7135 5825 5875 5825 4508 14806 13029 14451 14451 13029 14256 14451 14256 15208 15208 14256 14908 15208 14908 14391 14391 14908 14265 14391 14265 13177 13177 14265 13103 13177 13103 12006 12006 13103 11980 12006 11980 10971 10971 11980 10964 10971 10964 9806 9806 10964 9810 9806 9810 8544 8544 9810 8539 8544 8539 7193 7193 8539 7175 7193 7175 5983 5983 7175 5941 5983 5941 4688 4688 5941 4603 4688 4603 3289 3289 4603 3128 3289 3128 1500 15261 15356 14946 14946 15356 14686 14946 14686 13403 13403 14686 13301 13403 13301 12124 12124 13301 12048 12124 12048 11018 11018 12048 10991 11018 10991 9823 9823 10991 9811 9823 9811 8555 8555 9811 8550 8555 8550 7213 7213 8550 7201 7213 7201 6043 6043 7201 6018 6043 6018 4816 4816 6018 4760 4816 4760 3527 3527 4760 3426 3527 3426 2055 2055 3426 1882 2055 1882 950 950 1882 860 950 860 1022 12480 13634 12421 12421 13634 12345 12421 12345 11114 11114 12345 11063 11114 11063 9865 9865 11063 9835 9865 9835 8562 8562 9835 8560 8562 8560 7212 7212 8560 7216 7212 7216 6057 6057 7216 6055 6057 6055 4864 4864 6055 4850 4864 4850 3637 3637 4850 3594 3637 3594 2380 2380 3594 2255 2380 2255 1410 1410 2255 1095 1410 1095 1630 1630 1095 1368 1630 1368 2670 2670 1368 2597 2670 2597 3858 9952 11172 9918 9918 11172 9892 9918 9892 8566 8566 9892 8564 8566 8564 7191 7191 8564 7202 7191 7202 6032 6032 7202 6047 6032 6047 4852 4852 6047 4863 4852 4863 3654 3654 4863 3656 3654 3656 2479 2479 3656 2446 2479 2446 1725 1725 2446 1585 1725 1585 2041 2041 1585 1909 2041 1909 3016 3016 1909 2907 3016 2907 3990 3990 2907 3915 3990 3915 5187 5187 3915 5125 5187 5125 6423 7133 8568 7157 7157 8568 7176 7157 7176 5954 5954 7176 5999 5954 5999 4770 4770 5999 4822 4770 4822 3591 3591 4822 3634 3591 3634 2441 2441 3634 2474 2441 2474 1813 1813 2474 1831 1813 1831 2197 2197 1831 2145 2197 2145 3197 3197 2145 3129 3197 3129 4278 4278 3129 4212 4278 4212 5287 5287 4212 5243 5287 5243 6477 6477 5243 6449 6477 6449 7792 7792 6449 7788 7792 7788 9228 4509 5898 4614 4614 5898 4698 4614 4698 3425 3425 4698 3526 3425 3526 2241 2241 3526 2367 2241 2367 1537 1537 2367 1682 1537 1682 2118 2118 1682 2183 2118 2183 3218 3218 2183 3229 3218 3229 4336 4336 3229 4320 4336 4320 5352 5352 4320 5329 5352 5329 6522 6522 5329 6504 6522 6504 7803 7803 6504 7798 7803 7798 9188 9188 7798 9209 9188 9209 10451 10451 9209 10497 10451 10497 11800 1465 3284 1846 1846 3284 2036 1846 2036 1053 1053 2036 1355 1053 1355 1884 1884 1355 2007 1884 2007 3096 3096 2007 3172 3096 3172 4297 4297 3172 4328 4297 4328 5355 5355 4328 5362 5355 5362 6534 6534 5362 6530 6534 6530 7800 7800 6530 7804 7800 7804 9154 9154 7804 9169 9154 9169 10363 10363 9169 10401 10363 10401 11630 11630 10401 11718 11630 11718 12989 12989 11718 13144 12989 13144 14745 993 904 1311 1311 904 1565 1311 1565 2878 2878 1565 2976 2878 2976 4040 4040 2976 4255 4040 4255 5307 5307 4255 5335 5307 5335 6519 6519 5335 6529 6519 6529 7789 7789 6529 7793 7789 7793 9134 9134 7793 9145 9134 9145 10305 10305 9145 10330 10305 10330 11507 11507 10330 11562 11507 11562 12767 12767 11562 12861 12767 12861 14214 14214 12861 14388 14214 14388 15309 15309 14388 15397 15309 15397 15239 3829 2645 3890 3890 2645 3956 3890 3956 5211 5211 3956 5262 5211 5262 6473 6473 5262 6506 6473 6506 7782 7782 6506 7784 7782 7784 9135 9135 7784 9130 9135 9130 10290 10290 9130 10292 10290 10292 11464 11464 10292 11477 11464 11477 12660 12660 11477 12700 12660 12700 13911 13911 12700 14025 13911 14025 14854 14854 14025 15161 14854 15161 14649 14649 15161 14904 14649 14904 13622 13622 14904 13694 13622 13694 12471 6385 5153 6421 6421 5153 6448 6421 6448 7778 7778 6448 7780 7778 7780 9155 9155 7780 9144 9155 9144 10317 10317 9144 10301 10317 10301 11475 11475 10301 11465 11475 11465 12645 12645 11465 12643 12645 12643 13815 13815 12643 13845 13815 13845 14545 14545 13845 14681 14545 14681 14246 14246 14681 14377 14246 14377 13287 13287 14377 13392 13287 13392 12338 12338 13392 12413 12338 12413 11169 11169 12413 11232 11169 11232 9947 9210 7776 9187 9187 7776 9168 9187 9168 10388 10388 9168 10349 10388 10349 11554 11554 10349 11501 11554 11501 12703 12703 11501 12663 12703 12663 13852 13852 12663 13818 13852 13818 14466 14466 13818 14441 14466 14441 14099 14099 14441 14148 14099 14148 13109 13109 14148 13174 13109 13174 12055 12055 13174 12121 12055 12121 11068 11068 12121 11113 11068 11113 9894 9894 11113 9919 9894 9919 8582 8582 9919 8587 8582 8587 7147 11798 10433 11707 11707 10433 11624 11707 11624 12862 12862 11624 12768 12862 12768 14038 14038 12768 13922 14038 13922 14727 14727 13922 14588 14727 14588 14174 14174 14588 14109 14174 14109 13088 13088 14109 13076 13088 13076 11999 11999 13076 12017 11999 12017 11006 11006 12017 11027 11006 11027 9849 9849 11027 9871 9849 9871 8571 8571 9871 8576 8571 8576 7188 7188 8576 7166 7188 7166 5923 5923 7166 5858 5923 5858 4543 14788 12996 14414 14414 12996 14234 14414 14234 15206 15206 14234 14906 15206 14906 14404 14404 14906 14281 14404 14281 13208 13208 14281 13132 13208 13132 12037 12037 13132 12008 12037 12008 11003 11003 12008 10996 11003 10996 9837 9837 10996 9841 9837 9841 8574 8574 9841 8570 8574 8570 7222 7222 8570 7207 7222 7207 6015 6015 7207 5975 6015 5975 4724 4724 5975 4635 4724 4635 3320 3320 4635 3163 3320 3163 1539 15268 15354 14953 14953 15354 14724 14953 14724 13420 13420 14724 13325 13420 13325 12289 12289 13325 12078 12289 12078 11046 11046 12078 11022 11046 11022 9851 9851 11022 9843 9851 9843 8586 8586 9843 8579 8586 8579 7242 7242 8579 7232 7242 7232 6073 6073 7232 6049 6073 6049 4843 4843 6049 4789 4843 4789 3548 3548 4789 3454 3548 3454 2082 2082 3454 1898 2082 1898 952 952 1898 862 952 862 1016 12494 13649 12440 12440 13649 12373 12440 12373 11145 11145 12373 11094 11145 11094 9898 9898 11094 9869 9898 9869 8593 8593 9869 8589 8593 8589 7241 7241 8589 7247 7241 7247 6086 6086 7247 6083 6086 6083 4886 4886 6083 4872 4886 4872 3655 3655 4872 3616 3655 3616 2396 2396 3616 2276 2396 2276 1416 1416 2276 1100 1416 1100 1611 1611 1100 1349 1611 1349 2658 2658 1349 2587 2658 2587 3841 9984 11207 9948 9948 11207 9923 9948 9923 8597 8597 9923 8595 8597 8595 7221 7221 8595 7233 7221 7233 6060 6060 7233 6076 6060 6076 4873 4873 6076 4885 4873 4885 3670 3670 4885 3672 3670 3672 2493 2493 3672 2464 2493 2464 1731 1731 2464 1591 1731 1591 2025 2025 1591 1900 2025 1900 2985 2985 1900 2888 2985 2888 3962 3962 2888 3898 3962 3898 5156 5156 3898 5100 5156 5100 6391 7164 8608 7189 7189 8608 7208 7189 7208 5989 5989 7208 6030 5989 6030 4796 4796 6030 4848 4796 4848 3613 3613 4848 3652 3613 3652 2454 2454 3652 2491 2454 2491 1822 1822 2491 1838 1822 1838 2177 2177 1838 2129 2177 2129 3168 3168 2129 3098 3168 3098 4250 4250 3098 4044 4250 4044 5255 5255 4044 5212 5255 5212 6446 6446 5212 6420 6446 6420 7760 7760 6420 7756 7760 7756 9197 4545 5943 4647 4647 5943 4730 4647 4730 3453 3453 4730 3547 3453 3547 2262 2262 3547 2385 2262 2385 1543 1543 2385 1685 1543 1685 2100 2100 1685 2166 2100 2166 3193 3193 2166 3202 3193 3202 4305 4305 3202 4288 4305 4288 5319 5319 4288 5298 5319 5298 6490 6490 5298 6467 6490 6467 7772 7772 6467 7768 7772 7768 9158 9158 7768 9178 9158 9178 10416 10416 9178 10466 10416 10466 11769 1484 3318 1878 1878 3318 2061 1878 2061 1057 1057 2061 1359 1057 1359 1864 1864 1359 1994 1864 1994 3065 3065 1994 3146 3065 3146 4267 4267 3146 4295 4267 4295 5322 5322 4295 5330 5322 5330 6505 6505 5330 6499 6505 6499 7771 7771 6499 7774 7771 7774 9124 9124 7774 9139 9124 9139 10333 10333 9139 10371 10333 10371 11597 11597 10371 11686 11597 11686 12960 12960 11686 13112 12960 13112 14707 985 906 1303 1303 906 1533 1303 1533 2856 2856 1533 2952 2856 2952 4010 4010 2952 4223 4010 4223 5276 5276 4223 5303 5276 5303 6487 6487 5303 6496 6487 6496 7759 7759 6496 7767 7759 7767 9106 9106 7767 9116 9106 9116 10275 10275 9116 10298 10275 10298 11484 11484 10298 11536 11484 11536 12747 12747 11536 12836 12747 12836 14188 14188 12836 14375 14188 14375 15305 15305 14375 15395 15305 15395 15245 3816 2631 3870 3870 2631 3934 3870 3934 5180 5180 3934 5230 5180 5230 6445 6445 5230 6469 6445 6469 7751 7751 6469 7755 7751 7755 9105 9105 7755 9100 9105 9100 10263 10263 9100 10264 10263 10264 11440 11440 10264 11456 11440 11456 12644 12644 11456 12681 12644 12681 13894 13894 12681 14005 13894 14005 14845 14845 14005 15157 14845 15157 14666 14666 15157 14927 14666 14927 13637 13637 14927 13705 13637 13705 12486 6354 5118 6389 6389 5118 6418 6389 6418 7740 7740 6418 7742 7740 7742 9125 9125 7742 9114 9125 9114 10288 10288 9114 10271 10288 10271 11455 11455 10271 11441 11455 11441 12630 12630 11441 12627 12630 12627 13799 13799 12627 13829 13799 13829 14539 14539 13829 14677 14539 14677 14263 14263 14677 14385 14263 14385 13314 13314 14385 13410 13314 13410 12366 12366 13410 12431 12366 12431 11204 11204 12431 11260 11204 11260 9979 9179 7734 9157 9157 7734 9138 9157 9138 10357 10357 9138 10320 10357 10320 11530 11530 10320 11480 11530 11480 12684 12684 11480 12648 12684 12648 13838 13838 12648 13800 13838 13800 14449 14449 13800 14435 14449 14435 14115 14115 14435 14163 14115 14163 13138 13138 14163 13206 13138 13206 12082 12082 13206 12287 12082 12287 11098 11098 12287 11144 11098 11144 9924 9924 11144 9950 9924 9950 8622 8622 9950 8627 8622 8627 7179 11765 10400 11675 11675 10400 11591 11675 11591 12837 12837 11591 12748 12837 12748 14019 14019 12748 13905 14019 13905 14723 14723 13905 14581 14723 14581 14190 14190 14581 14128 14190 14128 13114 13114 14128 13104 13114 13104 12029 12029 13104 12045 12029 12045 11036 11036 12045 11060 11036 11060 9882 9882 11060 9904 9882 9904 8611 8611 9904 8615 8611 8615 7218 7218 8615 7198 7218 7198 5956 5956 7198 5894 5956 5894 4578 14771 12962 14389 14389 12962 14207 14389 14207 15203 15203 14207 14903 15203 14903 14428 14428 14903 14293 14428 14293 13240 13240 14293 13157 13240 13157 12066 12066 13157 12039 12066 12039 11033 11033 12039 11025 11033 11025 9868 9868 11025 9873 9868 9873 8610 8610 9873 8606 8610 8606 7253 7253 8606 7238 7253 7238 6045 6045 7238 6007 6045 6007 4755 4755 6007 4667 4755 4667 3350 3350 4667 3199 3350 3199 1586 15277 15350 14960 14960 15350 14747 14960 14747 13441 13441 14747 13346 13441 13346 12319 12319 13346 12108 12319 12108 11079 11079 12108 11053 11079 11053 9885 9885 11053 9875 9885 9875 8621 8621 9875 8614 8621 8614 7272 7272 8614 7262 7272 7262 6102 6102 7262 6079 6102 6079 4867 4867 6079 4818 4867 4818 3569 3569 4818 3482 3569 3482 2107 2107 3482 1912 2107 1912 954 954 1912 864 954 864 1008 12505 13662 12459 12459 13662 12397 12459 12397 11176 11176 12397 11127 11176 11127 9925 9925 11127 9903 9925 9903 8632 8632 9903 8626 8632 8626 7273 7273 8626 7277 7273 7277 6114 6114 7277 6113 6114 6113 4909 4909 6113 4893 4909 4893 3671 3671 4893 3635 3671 3635 2416 2416 3635 2296 2416 2296 1421 1421 2296 1105 1421 1105 1592 1592 1105 1324 1592 1324 2642 2642 1324 2577 2642 2577 3825 10016 11238 9981 9981 11238 9951 9981 9951 8636 8636 9951 8634 8636 8634 7254 7254 8634 7264 7254 7264 6089 6089 7264 6106 6089 6106 4896 4896 6106 4908 4896 4908 3684 3684 4908 3687 3684 3687 2509 2509 3687 2476 2509 2476 1737 1737 2476 1598 1737 1598 2008 2008 1598 1887 2008 1887 2963 2963 1887 2869 2963 2869 3940 3940 2869 3880 3940 3880 5122 5122 3880 5077 5122 5077 6359 7196 8643 7220 7220 8643 7239 7220 7239 6022 6022 7239 6059 6022 6059 4823 4823 6059 4870 4823 4870 3633 3633 4870 3667 3633 3667 2470 2470 3667 2506 2470 2506 1829 1829 2506 1845 1829 1845 2157 2157 1845 2111 2157 2111 3137 3137 2111 3068 3137 3068 4219 4219 3068 4011 4219 4011 5226 5226 4011 5181 5226 5181 6415 6415 5181 6388 6415 6388 7722 7722 6388 7718 7722 7718 9166 4579 5976 4677 4677 5976 4762 4677 4762 3483 3483 4762 3568 3483 3568 2281 2281 3568 2402 2281 2402 1548 1548 2402 1700 1548 1700 2084 2084 1700 2146 2084 2146 3162 3162 2146 3170 3162 3170 4277 4277 3170 4258 4277 4258 5286 5286 4258 5266 5286 5266 6458 6458 5266 6436 6458 6436 7733 7733 6436 7729 7733 7729 9128 9128 7729 9148 9128 9148 10385 10385 9148 10435 10385 10435 11738 1503 3349 1897 1897 3349 2087 1897 2087 1059 1059 2087 1365 1059 1365 1834 1834 1365 1981 1834 1981 3036 3036 1981 3118 3036 3118 4238 4238 3118 4265 4238 4265 5293 5293 4265 5300 5293 5300 6470 6470 5300 6465 6470 6465 7735 7735 6465 7738 7735 7738 9095 9095 7738 9111 9095 9111 10303 10303 9111 10341 10303 10341 11566 11566 10341 11654 11566 11654 12929 12929 11654 13074 12929 13074 14664 979 910 1295 1295 910 1505 1295 1505 2700 2700 1505 2932 2700 2932 3979 3979 2932 4054 3979 4054 5245 5245 4054 5275 5245 5275 6456 6456 5275 6463 6456 6463 7725 7725 6463 7730 7725 7730 9076 9076 7730 9086 9076 9086 10248 10248 9086 10269 10248 10269 11461 11461 10269 11504 11461 11504 12727 12727 11504 12812 12727 12812 14160 14160 12812 14360 14160 14360 15303 15303 14360 15393 15303 15393 15253 3803 2616 3855 3855 2616 3911 3855 3911 5146 5146 3911 5200 5146 5200 6414 6414 5200 6437 6414 6437 7714 7714 6437 7719 7714 7719 9075 9075 7719 9071 9075 9071 10234 10234 9071 10237 10234 10237 11421 11421 10237 11432 11421 11432 12628 12628 11432 12662 12628 12662 13878 13878 12662 13987 13878 13987 14841 14841 13987 15153 14841 15153 14692 14692 15153 14942 14692 14942 13652 13652 14942 13725 13652 13725 12500 6323 5095 6358 6358 5095 6387 6358 6387 7710 7710 6387 7712 7710 7712 9094 9094 7712 9085 9094 9085 10258 10258 9085 10245 10258 10245 11431 11431 10245 11422 11431 11422 12617 12617 11422 12614 12617 12614 13785 13785 12614 13816 13785 13816 14534 14534 13816 14671 14534 14671 14278 14278 14671 14398 14278 14398 13339 13339 14398 13429 13339 13429 12391 12391 13429 12449 12391 12449 11236 11236 12449 11280 11236 11280 10012 9149 7699 9126 9126 7699 9108 9126 9108 10328 10328 9108 10287 10328 10287 11499 11499 10287 11459 11499 11459 12664 12664 11459 12632 12664 12632 13822 13822 12632 13789 13822 13789 14443 14443 13789 14430 14443 14430 14133 14133 14430 14180 14133 14180 13164 13164 14180 13235 13164 13235 12111 12111 13235 12317 12111 12317 11130 11130 12317 11175 11130 11175 9954 9954 11175 9983 9954 9983 8654 8654 9983 8658 8654 8658 7211 11734 10370 11642 11642 10370 11559 11642 11559 12811 12811 11559 12728 12811 12728 14000 14000 12728 13889 14000 13889 14718 14718 13889 14569 14718 14569 14209 14209 14569 14145 14209 14145 13142 13142 14145 13136 13142 13136 12056 12056 13136 12075 12056 12075 11069 11069 12075 11089 11069 11089 9913 9913 11089 9934 9913 9934 8642 8642 9934 8647 8642 8647 7249 7249 8647 7229 7249 7229 5992 5992 7229 5942 5992 5942 4617 14740 12931 14376 14376 12931 14179 14376 14179 15198 15198 14179 14900 15198 14900 14461 14461 14900 14308 14461 14308 13267 13267 14308 13183 13267 13183 12090 12090 13183 12067 12090 12067 11064 11064 12067 11057 11064 11057 9901 9901 11057 9906 9901 9906 8641 8641 9906 8637 8641 8637 7283 7283 8637 7266 7283 7266 6075 6075 7266 6037 6075 6037 4784 4784 6037 4703 4784 4703 3386 3386 4703 3234 3386 3234 1620 15284 15348 14970 14970 15348 14764 14970 14764 13597 13597 14764 13367 13597 13367 12350 12350 13367 12276 12350 12276 11111 11111 12276 11080 11111 11080 9914 9914 11080 9907 9914 9907 8651 8651 9907 8646 8651 8646 7304 7304 8646 7290 7304 7290 6128 6128 7290 6108 6128 6108 4889 4889 6108 4846 4889 4846 3589 3589 4846 3507 3589 3507 2134 2134 3507 1930 2134 1930 958 958 1930 866 958 866 1002 12517 13673 12473 12473 13673 12417 12473 12417 11212 11212 12417 11157 11212 11157 9955 9955 11157 9933 9955 9933 8662 8662 9933 8657 8662 8657 7305 7305 8657 7309 7305 7309 6140 6140 7309 6138 6140 6138 4926 4926 6138 4916 4926 4916 3686 3686 4916 3653 3686 3653 2428 2428 3653 2315 2428 2315 1424 1424 2315 1109 1424 1109 1561 1561 1109 1317 1561 1317 2630 2630 1317 2557 2630 2557 3812 10047 11262 10013 10013 11262 9982 10013 9982 8669 8669 9982 8667 8669 8667 7284 7284 8667 7293 7284 7293 6117 6117 7293 6131 6117 6131 4917 4917 6131 4925 4917 4925 3695 3695 4925 3699 3695 3699 2520 2520 3699 2492 2520 2492 1745 1745 2492 1604 1745 1604 1996 1996 1604 1872 1996 1872 2938 2938 1872 2849 2938 2849 3917 3917 2849 3865 3917 3865 5097 5097 3865 5060 5097 5060 6329 7227 8679 7251 7251 8679 7271 7251 7271 6051 6051 7271 6090 6051 6090 4851 4851 6090 4891 4851 4891 3651 3651 4891 3682 3651 3682 2487 2487 3682 2517 2487 2517 1836 1836 2517 1853 1836 1853 2142 2142 1853 2093 2142 2093 3109 3109 2093 3039 3109 3039 4051 4051 3039 3981 4051 3981 5196 5196 3981 5147 5196 5147 6382 6382 5147 6356 6382 6356 7692 7692 6356 7686 7692 7686 9133 4618 6008 4710 4710 6008 4792 4710 4792 3508 3508 4792 3588 3508 3588 2302 2302 3588 2421 2302 2421 1560 1560 2421 1713 1560 1713 2063 2063 1713 2131 2063 2131 3132 3132 2131 3140 3132 3140 4247 4247 3140 4227 4247 4227 5256 5256 4227 5235 5256 5235 6427 6427 5235 6404 6427 6404 7704 7704 6404 7697 7704 7697 9097 9097 7697 9120 9097 9120 10354 10354 9120 10399 10354 10399 11705 1544 3382 1913 1913 3382 2115 1913 2115 1062 1062 2115 1367 1062 1367 1797 1797 1367 1966 1797 1966 3009 3009 1966 3091 3009 3091 4211 4211 3091 4235 4211 4235 5261 5261 4235 5268 5261 5268 6439 6439 5268 6434 6439 6434 7706 7706 6434 7709 7706 7709 9065 9065 7709 9082 9065 9082 10272 10272 9082 10310 10272 10310 11541 11541 10310 11618 11541 11618 12898 12898 11618 13042 12898 13042 14638 969 914 1285 1285 914 1494 1285 1494 2683 2683 1494 2913 2683 2913 3954 3954 2913 4024 3954 4024 5214 5214 4024 5244 5214 5244 6426 6426 5244 6433 6426 6433 7694 7694 6433 7698 7694 7698 9045 9045 7698 9055 9045 9055 10222 10222 9055 10242 10222 10242 11436 11436 10242 11481 11436 11481 12708 12708 11481 12788 12708 12788 14136 14136 12788 14340 14136 14340 15301 15301 14340 15391 15301 15391 15257 3793 2606 3838 3838 2606 3893 3838 3893 5114 5114 3893 5169 5114 5169 6383 6383 5169 6405 6383 6405 7682 7682 6405 7687 7682 7687 9044 9044 7687 9039 9044 9039 10211 10211 9039 10213 10211 10213 11405 11405 10213 11415 11405 11415 12615 12615 11415 12646 12615 12646 13863 13863 12646 13971 13863 13971 14835 14835 13971 15150 14835 15150 14725 14725 15150 14949 14725 14949 13663 13663 14949 13747 13663 13747 12512 6291 5075 6327 6327 5075 6357 6327 6357 7678 7678 6357 7680 7678 7680 9063 9063 7680 9054 9063 9054 10231 10231 9054 10219 10231 10219 11414 11414 10219 11406 11414 11406 12606 12606 11406 12602 12606 12602 13774 13774 12602 13798 13774 13798 14528 14528 13798 14663 14528 14663 14291 14291 14663 14418 14291 14418 13361 13361 14418 13588 13361 13588 12412 12412 13588 12464 12412 12464 11261 11261 12464 11297 11261 11297 10043 9118 7668 9096 9096 7668 9077 9096 9077 10295 10295 9077 10257 10295 10257 11476 11476 10257 11434 11476 11434 12647 12647 11434 12619 12647 12619 13806 13806 12619 13776 13806 13776 14436 14436 13776 14425 14436 14425 14149 14149 14425 14198 14149 14198 13190 13190 14198 13262 13190 13262 12280 12280 13262 12348 12280 12348 11161 11161 12348 11210 11161 11210 9988 9988 11210 10015 9988 10015 8685 8685 10015 8691 8685 8691 7245 11703 10339 11607 11607 10339 11532 11607 11532 12787 12787 11532 12707 12787 12707 13982 13982 12707 13870 13982 13870 14704 14704 13870 14562 14704 14562 14226 14226 14562 14161 14226 14161 13171 13171 14161 13160 13171 13160 12084 12084 13160 12103 12084 12103 11097 11097 12103 11123 11097 11123 9942 9942 11123 9965 9942 9965 8676 8676 9965 8680 8676 8680 7281 7281 8680 7259 7281 7259 6024 6024 7259 5977 6024 5977 4648 14698 12901 14359 14359 12901 14154 14359 14154 15194 15194 14154 14894 15194 14894 14500 14500 14894 14322 14500 14322 13293 13293 14322 13211 13293 13211 12122 12122 13211 12095 12122 12095 11093 11093 12095 11087 11093 11087 9931 9931 11087 9936 9931 9936 8673 8673 9936 8670 8673 8670 7316 7316 8670 7296 7316 7296 6105 6105 7296 6069 6105 6069 4807 4807 6069 4737 4807 4737 3415 3415 4737 3267 3415 3267 1640 15295 15344 14980 14980 15344 14778 14980 14778 13613 13613 14778 13385 13613 13385 12375 12375 13385 12304 12375 12304 11140 11140 12304 11112 11140 11112 9944 9944 11112 9937 9944 9937 8683 8683 9937 8678 8683 8678 7333 7333 8678 7323 7333 7323 6152 6152 7323 6134 6152 6134 4913 4913 6134 4869 4913 4869 3610 3610 4869 3530 3610 3530 2162 2162 3530 1951 2162 1951 962 962 1951 868 962 868 998 12525 13683 12488 12488 13683 12436 12488 12436 11241 11241 12436 11188 11241 11188 9987 9987 11188 9963 9987 9963 8693 8693 9963 8690 8693 8690 7334 7334 8690 7341 7334 7341 6160 6160 7341 6159 6160 6159 4944 4944 6159 4934 4944 4934 3698 3698 4934 3669 3698 3669 2445 2445 3669 2333 2445 2333 1428 1428 2333 1113 1428 1113 1530 1530 1113 1307 1530 1307 2615 2615 1307 2539 2615 2539 3799 10080 11282 10044 10044 11282 10014 10044 10014 8699 8699 10014 8697 8699 8697 7317 7317 8697 7325 7317 7325 6142 6142 7325 6154 6142 6154 4935 4935 6154 4943 4935 4943 3707 3707 4943 3711 3707 3711 2536 2536 3711 2510 2536 2510 1756 1756 2510 1606 1756 1606 1982 1982 1606 1851 1982 1851 2919 2919 1851 2693 2919 2693 3901 3901 2693 3848 3901 3848 5076 5076 3848 5043 5076 5043 6297 7260 8709 7282 7282 8709 7301 7282 7301 6082 6082 7301 6118 6082 6118 4874 4874 6118 4915 4874 4915 3668 3668 4915 3694 3668 3694 2500 2500 3694 2535 2500 2535 1844 1844 2535 1859 1844 1859 2125 2125 1859 2074 2125 2074 3083 3083 2074 3012 3083 3012 4018 4018 3012 3955 4018 3955 5165 5165 3955 5117 5165 5117 6352 6352 5117 6326 6352 6326 7660 7660 6326 7654 7660 7654 9102 4650 6041 4745 4745 6041 4820 4745 4820 3531 3531 4820 3611 3531 3611 2321 2321 3611 2439 2321 2439 1570 1570 2439 1719 1570 1719 2048 2048 1719 2113 2048 2113 3103 3103 2113 3116 3103 3116 4218 4218 3116 4198 4218 4198 5228 5228 4198 5203 5228 5203 6396 6396 5203 6372 6396 6372 7672 7672 6372 7666 7672 7666 9066 9066 7666 9089 9066 9089 10324 10324 9089 10369 10324 10369 11673 1593 3413 1931 1931 3413 2144 1931 2144 1065 1065 2144 1379 1065 1379 1758 1758 1379 1954 1758 1954 2983 2983 1954 3060 2983 3060 4045 4045 3060 4208 4045 4208 5231 5231 4208 5237 5231 5237 6407 6407 5237 6402 6407 6402 7674 7674 6402 7677 7674 7677 9033 9033 7677 9049 9033 9049 10244 10244 9049 10278 10244 10278 11514 11514 10278 11584 11514 11584 12871 12871 11584 13011 12871 13011 14622 959 916 1274 1274 916 1480 1274 1480 2668 2668 1480 2895 2668 2895 3931 3931 2895 3997 3931 3997 5186 5186 3997 5213 5186 5213 6394 6394 5213 6401 6394 6401 7663 7663 6401 7669 7663 7669 9017 9017 7669 9026 9017 9026 10199 10199 9026 10216 10199 10216 11418 11418 10216 11460 11418 11460 12687 12687 11460 12765 12687 12765 14107 14107 12765 14320 14107 14320 15297 15297 14320 15389 15297 15389 15263 3785 2596 3822 3822 2596 3878 3822 3878 5090 5090 3878 5135 5090 5135 6353 6353 5135 6374 6353 6374 7653 7653 6374 7659 7653 7659 9016 9016 7659 9011 9016 9011 10191 10191 9011 10192 10191 10192 11390 11390 10192 11399 11390 11399 12603 12603 11399 12629 12603 12629 13846 13846 12629 13954 13846 13954 14833 14833 13954 15146 14833 15146 14748 14748 15146 14959 14748 14959 13674 13674 14959 13775 13674 13775 12522 6271 5057 6298 6298 5057 6328 6298 6328 7646 7646 6328 7648 7646 7648 9032 9032 7648 9024 9032 9024 10209 10209 9024 10197 10209 10197 11398 11398 10197 11391 11398 11391 12594 12594 11391 12591 12594 12591 13757 13757 12591 13784 13757 13784 14521 14521 13784 14657 14521 14657 14306 14306 14657 14439 14306 14439 13381 13381 14439 13601 13381 13601 12428 12428 13601 12479 12428 12479 11281 11281 12479 11312 11281 11312 10075 9087 7635 9064 9064 7635 9046 9064 9046 10265 10265 9046 10230 10265 10230 11454 11454 10230 11416 11454 11416 12631 12631 11416 12607 12631 12607 13792 13792 12607 13760 13792 13760 14429 14429 13760 14417 14429 14417 14165 14165 14417 14217 14165 14217 13218 13218 14217 13289 13218 13289 12311 12311 13289 12374 12311 12374 11195 11195 12374 11239 11195 11239 10019 10019 11239 10045 10019 10045 8716 8716 10045 8724 8716 8724 7278 11671 10307 11576 11576 10307 11503 11576 11503 12764 12764 11503 12686 12764 12686 13964 13964 12686 13854 13964 13854 14693 14693 13854 14551 14693 14551 14242 14242 14551 14178 14242 14178 13199 13199 14178 13186 13199 13186 12113 12113 13186 12268 12113 12268 11129 11129 12268 11153 11129 11153 9971 9971 11153 9998 9971 9998 8705 8705 9998 8711 8705 8711 7314 7314 8711 7289 7314 7289 6056 6056 7289 6010 6056 6010 4679 14658 12873 14338 14338 12873 14127 14338 14127 15191 15191 14127 14878 15191 14878 14533 14533 14878 14332 14533 14332 13318 13318 14332 13244 13318 13244 12286 12286 13244 12123 12286 12123 11125 11125 12123 11120 11125 11120 9961 9961 11120 9966 9961 9966 8702 8702 9966 8701 8702 8701 7347 7347 8701 7331 7347 7331 6132 6132 7331 6099 6132 6099 4839 4839 6099 4769 4839 4769 3446 3446 4769 3303 3446 3303 1676 15307 15340 15129 15129 15340 14791 15129 14791 13626 13626 14791 13404 13626 13404 12400 12400 13404 12331 12400 12331 11170 11170 12331 11141 11170 11141 9973 9973 11141 9967 9973 9967 8712 8712 9967 8706 8712 8706 7363 7363 8706 7354 7363 7354 6172 6172 7354 6157 6172 6157 4931 4931 6157 4890 4931 4890 3630 3630 4890 3551 3630 3551 2191 2191 3551 1972 2191 1972 964 964 1972 870 964 870 992 12531 13695 12501 12501 13695 12453 12501 12453 11265 11265 12453 11222 11265 11222 10018 10018 11222 9996 10018 9996 8723 8723 9996 8717 8723 8717 7364 7364 8717 7368 7364 7368 6182 6182 7368 6181 6182 6181 4957 4957 6181 4950 4957 4950 3709 3709 4950 3685 3709 3685 2463 2463 3685 2354 2463 2354 1434 1434 2354 1117 1434 1117 1506 1506 1117 1296 1506 1296 2605 2605 1296 2518 2605 2518 3789 10097 11300 10074 10074 11300 10042 10074 10042 8730 8730 10042 8728 8730 8728 7348 7348 8728 7355 7348 7355 6163 6163 7355 6175 6163 6175 4951 4951 6175 4956 4951 4956 3721 3721 4956 3723 3721 3723 2550 2550 3723 2522 2550 2522 1760 1760 2522 1614 1760 1614 1968 1968 1614 1824 1968 1824 2902 2902 1824 2679 2902 2679 3883 3883 2679 3832 3883 3832 5059 5059 3832 5031 5059 5031 6275 7291 8741 7318 7318 8741 7335 7318 7335 6112 6112 7335 6144 6112 6144 4897 4897 6144 4933 4897 4933 3683 3683 4933 3706 3683 3706 2515 2515 3706 2547 2515 2547 1856 1856 2547 1866 1856 1866 2109 2109 1866 2059 2109 2059 3054 3054 2059 2986 3054 2986 3987 3987 2986 3933 3987 3933 5132 5132 3933 5094 5132 5094 6322 6322 5094 6296 6322 6296 7628 7628 6296 7622 7628 7622 9070 4682 6071 4777 4777 6071 4847 4777 4847 3552 3552 4847 3631 3552 3631 2342 2342 3631 2452 2342 2452 1580 1580 2452 1728 1580 1728 2033 2033 1728 2096 2033 2096 3075 3075 2096 3090 3075 3090 4050 4050 3090 4031 4050 4031 5197 5197 4031 5172 5197 5172 6366 6366 5172 6342 6366 6342 7639 7639 6342 7633 7639 7633 9034 9034 7633 9056 9034 9056 10291 10291 9056 10337 10291 10337 11638 1623 3441 1953 1953 3441 2170 1953 2170 1078 1078 2170 1387 1078 1387 1729 1729 1387 1942 1729 1942 2961 2961 1942 3030 2961 3030 4014 4014 3030 4041 4014 4041 5201 5201 4041 5206 5201 5206 6376 6376 5206 6371 6376 6371 7643 7643 6371 7644 7643 7644 9003 9003 7644 9019 9003 9019 10218 10218 9019 10250 10218 10250 11487 11487 10250 11555 11487 11555 12844 12844 11555 12973 12844 12973 14568 946 920 1127 1127 920 1470 1127 1470 2653 2653 1470 2877 2653 2877 3909 3909 2877 3967 3909 3967 5154 5154 3967 5185 5154 5185 6365 6365 5185 6370 6365 6370 7634 7634 6370 7640 7634 7640 8986 8986 7640 8995 8986 8995 10182 10182 8995 10194 10182 10194 11402 11402 10194 11435 11402 11435 12667 12667 11435 12744 12667 12744 14083 14083 12744 14296 14083 14296 15293 15293 14296 15387 15293 15387 15267 3777 2586 3811 3811 2586 3861 3811 3861 5072 5072 3861 5107 5072 5107 6325 6325 5107 6344 6325 6344 7623 7623 6344 7630 7623 7630 8985 8985 7630 8981 8985 8981 10173 10173 8981 10174 10173 10174 11377 11377 10174 11385 11377 11385 12592 12592 11385 12616 12592 12616 13830 13830 12616 13933 13830 13933 14829 14829 13933 15141 14829 15141 14763 14763 15141 14966 14763 14966 13684 13684 14966 13793 13684 13793 12530 6258 5041 6277 6277 5041 6299 6277 6299 7616 7616 6299 7618 7616 7618 9001 9001 7618 8994 9001 8994 10188 10188 8994 10179 10188 10179 11384 11384 10179 11378 11384 11378 12579 12579 11378 12577 12579 12577 13736 13736 12577 13770 13736 13770 14508 14508 13770 14653 14508 14653 14318 14318 14653 14479 14318 14479 13398 13398 14479 13617 13398 13617 12448 12448 13617 12493 12448 12493 11298 11298 12493 11323 11298 11323 10095 9052 7604 9031 9031 7604 9015 9031 9015 10238 10238 9015 10208 10238 10208 11430 11430 10208 11400 11430 11400 12618 12618 11400 12595 12618 12595 13778 13778 12595 13743 13778 13743 14421 14421 13743 14409 14421 14409 14182 14182 14409 14231 14182 14231 13247 13247 14231 13313 13247 13313 12340 12340 13313 12398 12340 12398 11225 11225 12398 11263 11225 11263 10049 10049 11263 10076 10049 10076 8748 8748 10076 8754 8748 8754 7310 11636 10276 11547 11547 10276 11479 11547 11479 12743 12743 11479 12666 12743 12666 13944 13944 12666 13839 13944 13839 14684 14684 13839 14541 14684 14541 14253 14253 14541 14194 14253 14194 13224 13224 14194 13213 13224 13213 12281 12281 13213 12298 12281 12298 11160 11160 12298 11184 11160 11184 10004 10004 11184 10029 10004 10029 8737 8737 10029 8743 8737 8743 7346 7346 8743 7324 7346 7324 6087 6087 7324 6042 6087 6042 4714 14636 12846 14316 14316 12846 14100 14316 14100 15177 15177 14100 14869 15177 14869 14561 14561 14869 14346 14561 14346 13340 13340 14346 13270 13340 13270 12315 12315 13270 12288 12315 12288 11155 11155 12288 11148 11155 11148 9993 9993 11148 9999 9993 9999 8732 8732 9999 8733 8732 8733 7378 7378 8733 7362 7378 7362 6155 6155 7362 6124 6155 6124 4862 4862 6124 4795 4862 4795 3476 3476 4795 3339 3476 3339 1730 15324 15338 15139 15139 15338 14800 15139 14800 13641 13641 14800 13419 13641 13419 12420 12420 13419 12362 12420 12362 11206 11206 12362 11171 11206 11171 10005 10005 11171 10000 10005 10000 8742 8742 10000 8736 8742 8736 7392 7392 8736 7385 7392 7385 6189 6189 7385 6178 6189 6178 4947 4947 6178 4914 4947 4914 3648 3648 4914 3572 3648 3572 2219 2219 3572 1995 2219 1995 968 968 1995 872 968 872 987 12539 13707 12513 12513 13707 12468 12513 12468 11284 11284 12468 11249 11284 11249 10046 10046 11249 10027 10046 10027 8753 8753 10027 8746 8753 8746 7393 7393 8746 7396 7393 7396 6198 6198 7396 6197 6198 6197 4969 4969 6197 4962 4969 4962 3722 3722 4962 3697 3722 3697 2478 2478 3697 2374 2478 2374 1439 1439 2374 1121 1439 1121 1495 1495 1121 1289 1495 1289 2595 2595 1289 2497 2595 2497 3781 10109 11314 10093 10093 11314 10073 10093 10073 8760 8760 10073 8758 8760 8758 7379 7379 8758 7386 7379 7386 6184 6184 7386 6192 6184 6192 4963 4963 6192 4968 4963 4968 3734 3734 4968 3735 3734 3735 2560 2560 3735 2538 2560 2538 1773 1773 2538 1621 1773 1621 1958 1958 1621 1778 1958 1778 2884 2884 1778 2663 2884 2663 3866 3866 2663 3818 3866 3818 5042 5042 3818 5018 5042 5018 6260 7327 8772 7349 7349 8772 7366 7349 7366 6139 6139 7366 6164 6139 6164 4918 4918 6164 4949 4918 4949 3696 3696 4949 3720 3696 3720 2533 2533 3720 2558 2533 2558 1863 1863 2558 1873 1863 1873 2092 2092 1873 2044 2092 2044 3026 3026 2044 2964 3026 2964 3959 3959 2964 3910 3959 3910 5105 5105 3910 5074 5105 5074 6294 6294 5074 6276 6294 6276 7599 7599 6276 7592 7599 7592 9037 4716 6101 4802 4802 6101 4871 4802 4871 3576 3576 4871 3649 3576 3649 2363 2363 3649 2471 2363 2471 1589 1589 2471 1736 1589 1736 2019 2019 1736 2080 2019 2080 3048 3048 2080 3059 3048 3059 4019 4019 3059 4004 4019 4004 5167 5167 4004 5140 5167 5140 6336 6336 5140 6311 6336 6311 7609 7609 6311 7603 7609 7603 9004 9004 7603 9025 9004 9025 10259 10259 9025 10306 10259 10306 11605 1644 3471 1975 1975 3471 2202 1975 2202 1087 1087 2202 1400 1087 1400 1699 1699 1400 1927 1699 1927 2937 2937 1927 3004 2937 3004 3983 3983 3004 4012 3983 4012 5171 5171 4012 5178 5171 5178 6349 6349 5178 6341 6349 6341 7614 7614 6341 7613 7614 7613 8976 8976 7613 8987 8976 8987 10196 10196 8987 10224 10196 10224 11466 11466 10224 11529 11466 11529 12817 12817 11529 12938 12817 12938 14524 922 924 1115 1115 924 1459 1115 1459 2640 2640 1459 2859 2640 2859 3891 3891 2859 3945 3891 3945 5120 5120 3945 5155 5120 5155 6335 6335 5155 6340 6335 6340 7605 7605 6340 7610 7605 7610 8962 8962 7610 8968 8962 8968 10165 10165 8968 10176 10165 10176 11387 11387 10176 11417 11387 11417 12651 12651 11417 12721 12651 12721 14058 14058 12721 14274 14058 14274 15290 15290 14274 15385 15290 15385 15276 3771 2576 3798 3798 2576 3845 3798 3845 5054 5054 3845 5084 5054 5084 6295 6295 5084 6316 6295 6316 7593 7593 6316 7600 7593 7600 8961 8961 7600 8958 8961 8958 10158 10158 8958 10159 10158 10159 11364 11364 10159 11372 11364 11372 12578 12578 11372 12604 12578 12604 13813 13813 12604 13917 13813 13917 14823 14823 13917 15136 14823 15136 14777 14777 15136 14973 14777 14973 13696 13696 14973 13817 13696 13817 12534 6248 5029 6262 6262 5029 6278 6262 6278 7585 7585 6278 7588 7585 7588 8974 8974 7588 8967 8974 8967 10171 10171 8967 10163 10171 10163 11371 11371 10163 11365 11371 11365 12571 12571 11365 12570 12571 12570 13722 13722 12570 13754 13722 13754 14493 14493 13754 14648 14493 14648 14330 14330 14648 14517 14330 14517 13413 13413 14517 13630 13413 13630 12463 12463 13630 12504 12463 12504 11313 11313 12504 11334 11313 11334 10108 9020 7572 9000 9000 7572 8983 9000 8983 10212 10212 8983 10187 10212 10187 11413 11413 10187 11386 11413 11386 12605 12605 11386 12580 12605 12580 13763 13763 12580 13727 13763 13727 14412 14412 13727 14401 14412 14401 14197 14197 14401 14245 14197 14245 13277 13277 14245 13338 13277 13338 12368 12368 13338 12418 12368 12418 11251 11251 12418 11283 11251 11283 10079 10079 11283 10094 10079 10094 8778 8778 10094 8785 8778 8785 7343 11603 10247 11518 11518 10247 11458 11518 11458 12720 12720 11458 12650 12720 12650 13926 13926 12650 13820 13926 13820 14678 14678 13820 14532 14678 14532 14268 14268 14532 14210 14268 14210 13254 13254 14210 13243 13254 13243 12310 12310 13243 12324 12310 12324 11190 11190 12324 11216 11190 11216 10035 10035 11216 10060 10035 10060 8767 8767 10060 8773 8767 8773 7377 7377 8773 7356 7377 7356 6116 6116 7356 6072 6116 6072 4747 14605 12820 14294 14294 12820 14071 14294 14071 15168 15168 14071 14855 15168 14855 14591 14591 14855 14356 14591 14356 13362 13362 14356 13297 13362 13297 12346 12346 13297 12316 12346 12316 11186 11186 12316 11178 11186 11178 10022 10022 11178 10030 10022 10030 8762 8762 10030 8763 8762 8763 7401 7401 8763 7391 7401 7391 6176 6176 7391 6150 6176 6150 4884 4884 6150 4825 4884 4825 3503 3503 4825 3373 3503 3373 1782 15341 15327 15152 15152 15327 14810 15152 14810 13653 13653 14810 13439 13653 13439 12437 12437 13439 12384 12437 12384 11237 11237 12384 11205 11237 11205 10036 10036 11205 10031 10036 10031 8771 8771 10031 8766 8771 8766 7413 7413 8766 7406 7413 7406 6203 6203 7406 6195 6203 6195 4960 4960 6195 4932 4960 4932 3664 3664 4932 3595 3664 3595 2245 2245 3595 2018 2245 2018 973 973 2018 874 973 874 981 12544 13724 12523 12523 13724 12482 12523 12482 11302 11302 12482 11271 11302 11271 10077 10077 11271 10054 10077 10054 8784 8784 10054 8777 8784 8777 7414 7414 8777 7417 7414 7417 6211 6211 7417 6210 6211 6210 4981 4981 6210 4974 4981 4974 3736 3736 4974 3710 3736 3710 2495 2495 3710 2393 2495 2393 1442 1442 2393 1126 1442 1126 1481 1481 1126 1282 1481 1282 2585 2585 1282 2473 2585 2473 3776 10117 11325 10106 10106 11325 10092 10106 10092 8796 8796 10092 8790 8796 8790 7403 7403 8790 7407 7403 7407 6200 6200 7407 6206 6200 6206 4975 4975 6206 4980 4975 4980 3740 3740 4980 3741 3740 3741 2573 2573 3741 2552 2573 2552 1788 1788 2552 1625 1788 1625 1944 1944 1625 1750 1944 1750 2866 2866 1750 2648 2866 2648 3851 3851 2648 3805 3851 3805 5030 5030 3805 5009 5030 5009 6250 7359 8809 7380 7380 8809 7397 7380 7397 6161 6161 7397 6185 6161 6185 4936 4936 6185 4961 4936 4961 3708 3708 4961 3733 3708 3733 2544 2544 3733 2569 2544 2569 1870 1870 2569 1879 1870 1879 2076 2076 1879 2029 2076 2029 3000 3000 2029 2939 3000 2939 3939 3939 2939 3894 3939 3894 5082 5082 3894 5058 5082 5058 6273 6273 5058 6261 6273 6261 7568 7568 6261 7540 7568 7540 9007 4751 6129 4834 4834 6129 4892 4834 4892 3596 3596 4892 3666 3596 3666 2381 2381 3666 2489 2381 2489 1600 1600 2489 1751 1600 1751 2006 2006 1751 2062 2006 2062 3023 3023 2062 3031 3023 3031 3988 3988 3031 3974 3988 3974 5134 5134 3974 5112 5134 5112 6306 6306 5112 6287 6306 6287 7578 7578 6287 7573 7578 7573 8975 8975 7573 8993 8975 8993 10232 10232 8993 10274 10232 10274 11574 1688 3500 1998 1998 3500 2229 1998 2229 1096 1096 2229 1418 1096 1418 1672 1672 1418 1918 1672 1918 2918 2918 1918 2978 2918 2978 3957 3957 2978 3982 3957 3982 5137 5137 3982 5145 5137 5145 6320 6320 5145 6312 6320 6312 7583 7583 6312 7582 7583 7582 8953 8953 7582 8963 8953 8963 10178 10178 8963 10201 10178 10201 11439 11439 10201 11497 11439 11497 12790 12790 11497 12909 12790 12909 14454 912 937 1101 1101 937 1449 1101 1449 2627 2627 1449 2701 2627 2701 3873 3873 2701 3921 3873 3921 5098 5098 3921 5121 5098 5121 6305 6305 5121 6310 6305 6310 7575 7575 6310 7579 7575 7579 8939 8939 7579 8947 8939 8947 10150 10150 8947 10161 10150 10161 11374 11374 10161 11401 11374 11401 12634 12634 11401 12699 12634 12699 14035 14035 12699 14249 14035 14249 15286 15286 14249 15383 15286 15383 15283 3765 2559 3788 3788 2559 3831 3788 3831 5040 5040 3831 5068 5040 5068 6274 6274 5068 6289 6274 6289 7542 7542 6289 7569 7542 7569 8938 8938 7569 8935 8938 8935 10145 10145 8935 10146 10145 10146 11355 11355 10146 11360 11355 11360 12569 12569 11360 12590 12569 12590 13796 13796 12590 13896 13796 13896 14816 14816 13896 15134 14816 15134 14786 14786 15134 14983 14786 14983 13708 13708 14983 13837 13708 13837 12541 6242 5017 6251 6251 5017 6263 6251 6263 7534 7534 6263 7536 7534 7536 8950 8950 7536 8942 8950 8942 10154 10154 8942 10149 10154 10149 11359 11359 10149 11356 11359 11356 12565 12565 11356 12564 12565 12564 13711 13711 12564 13734 13711 13734 14478 14478 13734 14640 14478 14640 14343 14343 14640 14538 14343 14538 13433 13433 14538 13645 13433 13645 12477 12477 13645 12516 12477 12516 11324 11324 12516 11341 11324 11341 10116 8988 7532 8972 8972 7532 8957 8972 8957 10189 10189 8957 10170 10189 10170 11397 11397 10170 11373 11397 11373 12593 12593 11373 12572 12593 12572 13744 13744 12572 13712 13744 13712 14403 14403 13712 14397 14403 14397 14213 14213 14397 14260 14213 14260 13303 13303 14260 13358 13303 13358 12390 12390 13358 12433 12390 12433 11275 11275 12433 11299 11275 11299 10096 10096 11299 10107 10096 10107 8813 8813 10107 8818 8813 8818 7374 11569 10221 11491 11491 10221 11433 11491 11433 12695 12695 11433 12633 12695 12633 13909 13909 12633 13804 13909 13804 14667 14667 13804 14525 14667 14525 14283 14283 14525 14227 14283 14227 13280 13280 14227 13269 13280 13269 12339 12339 13269 12355 12339 12355 11223 11223 12355 11244 11223 11244 10066 10066 11244 10084 10066 10084 8803 8803 10084 8808 8803 8808 7402 7402 8808 7389 7402 7389 6143 6143 7389 6103 6143 6103 4781 14553 12793 14271 14271 12793 14049 14271 14049 15160 15160 14049 14844 15160 14844 14615 14615 14844 14367 14615 14367 13380 13380 14367 13319 13380 13319 12372 12372 13319 12347 12372 12347 11218 11218 12347 11211 11218 11211 10051 10051 11211 10059 10051 10059 8798 8798 10059 8799 8798 8799 7423 7423 8799 7412 7423 7412 6193 6193 7412 6170 6193 6170 4910 4910 6170 4853 4910 4853 3528 3528 4853 3404 3528 3404 1849 6939 7432 6491 6491 7432 7428 6491 7428 6216 6216 7428 7426 6216 7426 6214 6214 7426 6209 6214 6209 4972 4972 6209 4948 4972 4948 3681 3681 4948 3619 3681 3619 2267 2267 3619 2045 2267 2045 976 976 2045 878 976 878 972 1678 1636 1632 1632 1636 1793 1632 1793 2176 2176 1793 1643 2176 1643 2651 2651 1643 1473 2651 1473 2622 2622 1473 1271 2622 1271 2575 2575 1271 2450 2575 2450 3770 4206 4042 2868 2868 4042 2696 2868 2696 1306 1306 2696 1129 1306 1129 842 842 1129 768 842 768 1310 1310 768 1272 1310 1272 2882 2882 1272 2844 2882 2844 4226 4226 2844 4196 4226 4196 5564 5564 4196 5545 5564 5545 6851 6851 5545 6842 6851 6842 8289 8289 6842 8287 8289 8287 9511 9511 8287 9515 9511 9515 10785 10785 9515 10795 10785 10795 12091 12091 10795 12119 12091 12119 13409 13409 12119 13442 13409 13442 14950 14950 13442 14985 14950 14985 15415 15415 14985 15484 15415 15484 14956 14956 15484 15132 14956 15132 13416 13416 15132 13591 13416 13591 12105 12105 13591 12270 12105 12270 10794 10794 12270 10953 10794 10953 9660 9660 10953 9668 9660 9668 8293 8293 9668 8295 8293 8295 6863 6863 8295 6858 6863 6858 5575 5575 6858 5562 5575 5562 4242 4242 5562 4213 4242 4213 2891 2891 4213 2857 2891 2857 1318 1318 2857 1279 1318 1279 1175 1175 844 1318 1318 844 1590 1318 1590 3017 3017 1590 3175 3017 3175 4434 4434 3175 4507 4434 4507 5720 5720 4507 5756 5720 5756 6952 6952 5756 6960 6952 6960 8305 8305 6960 8307 8305 8307 9436 9436 8307 9443 9436 9443 10600 10600 9443 10615 10600 10615 11775 11775 10615 11815 11775 11815 12951 12951 11815 13060 12951 13060 14279 14279 13060 14447 14279 14447 15230 15230 14447 15372 15230 15372 14746 14746 15372 15056 14746 15056 14978 1175 772 844 844 772 730 844 730 1297 1297 730 1119 1297 1119 1174 1174 2860 1297 1297 2860 1534 1297 1534 927 927 1534 1071 927 1071 1906 1906 1071 2065 1906 2065 3309 3309 2065 3410 3309 3410 4576 4576 3410 4623 4576 4623 5782 5782 4623 5793 5782 5793 6967 6967 5793 6971 6967 6971 8309 8309 6971 8311 8309 8311 9451 9451 8311 9463 9451 9463 10642 10642 9463 10679 10642 10679 11880 11880 10679 11959 11880 11959 13197 13197 11959 13347 13197 13347 14783 14783 13347 15055 14783 15055 15144 1174 2687 2860 2860 2687 2738 2860 2738 4193 4193 2738 4027 4193 4027 4125 4125 5392 4193 4193 5392 4291 4193 4291 2972 2972 4291 3127 2972 3127 1886 1886 3127 2032 1886 2032 1372 1372 2032 1555 1372 1555 2239 2239 1555 2322 2239 2322 3469 3469 2322 3495 3469 3495 4642 4642 3495 4640 4642 4640 5795 5795 4640 5784 5795 5784 6965 6965 5784 6957 6965 6957 8313 8313 6957 8315 8313 8315 9482 9482 8315 9503 9482 9503 10725 10725 9503 10781 10725 10781 12052 12052 10781 12186 12052 12186 12295 4125 5372 5392 5392 5372 5470 5392 5470 6685 6685 5470 6675 6685 6675 6770 6770 8067 6685 6685 8067 6844 6685 6844 5583 5583 6844 5631 5583 5631 4383 4383 5631 4460 4383 4460 3259 3259 4460 3360 3259 3360 2203 2203 3360 2292 2203 2292 1692 1692 2292 1791 1692 1791 2359 2359 1791 2355 2359 2355 3493 3493 2355 3462 3493 3462 4626 4626 3462 4583 4626 4583 5765 5765 4583 5734 5765 5734 6945 6945 5734 6928 6945 6928 8321 8321 6928 8323 8321 8323 9665 9665 8323 9576 9665 9576 9693 6770 8065 8067 8067 8065 8161 8067 8161 9481 9481 8161 9486 9481 9486 9588 9588 10751 9481 9481 10751 9454 9481 9454 8068 8068 9454 8063 8068 8063 6864 6864 8063 6885 6864 6885 5671 5671 6885 5706 5671 5706 4525 4525 5706 4560 4525 4560 3420 3420 4560 3442 3420 3442 2325 2325 3442 2317 2325 2317 1765 1765 2317 1655 1765 1655 2314 2314 1655 2222 2314 2222 3406 3406 2222 3307 3406 3307 4518 4518 3307 4440 4518 4440 5691 5691 4440 5643 5691 5643 6904 6904 5643 6766 6904 6766 6881 9588 10765 10751 10751 10765 10860 10751 10860 12058 12058 10860 12085 12058 12085 12200 12200 13387 12058 12058 13387 11964 12058 11964 10697 10697 11964 10649 10697 10649 9435 9435 10649 9418 9435 9418 8061 8061 9418 8059 8061 8059 6898 6898 8059 6902 6898 6902 5723 5723 6902 5732 5723 5732 4574 4574 5732 4567 4574 4567 3433 3433 4567 3402 3433 3402 2268 2268 3402 2161 2268 2161 1514 1514 2161 1333 1514 1333 2047 2047 1333 1890 2047 1890 3171 3171 1890 3011 3171 3011 4349 4349 3011 4087 4349 4087 4236 12200 13417 13387 13387 13417 13507 13387 13507 14939 14939 13507 14975 14939 14975 15054 15054 15413 14939 14939 15413 14665 14939 14665 13255 13255 14665 13099 13255 13099 11875 11875 13099 11804 11875 11804 10605 10605 11804 10568 10605 10568 9392 9392 10568 9384 9392 9384 8037 8037 9384 8035 8037 8035 6907 6907 8035 6900 6907 6900 5725 5725 6900 5711 5725 5711 4539 4539 5711 4497 4539 4497 3331 3331 4497 3217 3331 3217 1992 1992 3217 1807 1992 1807 1031 1031 1807 888 1031 888 1536 1536 888 1173 1536 1173 1286 15054 15480 15413 15413 15480 15518 15413 15518 14969 14969 15518 15148 14969 15148 15053 15053 13440 14969 14969 13440 14750 14969 14750 15334 15334 14750 15189 15334 15189 14369 14369 15189 14206 14369 14206 12971 12971 14206 12877 12971 12877 11741 11741 12877 11700 11741 11700 10543 10543 11700 10532 10543 10532 9377 9377 10532 9373 9377 9373 8033 8033 9373 8031 8033 8031 6894 6894 8031 6883 6894 6883 5685 5685 6883 5648 5685 5648 4429 4429 5648 4347 4429 4347 3074 3074 4347 2930 3074 2930 1474 1474 2930 1172 1474 1172 1106 15053 13606 13440 13440 13606 13528 13440 13528 12273 12273 13528 12301 12273 12301 12185 12185 10965 12273 12273 10965 12043 12273 12043 13328 13328 12043 13176 13328 13176 14402 14402 13176 14259 14402 14259 14891 14891 14259 14714 14891 14714 14043 14043 14714 13965 14043 13965 12825 12825 13965 12800 12825 12800 11682 11682 12800 11684 11682 11684 10529 10529 11684 10540 10529 10540 9378 9378 10540 9387 9378 9387 8029 8029 9387 8027 8029 8027 6862 6862 8027 6704 6862 6704 5602 5602 6704 5548 5602 5548 4251 4251 5548 4124 4251 4124 4000 12185 10984 10965 10965 10984 10859 10965 10859 9690 9690 10859 9699 9690 9699 9575 9575 8329 9690 9690 8329 9667 9690 9667 10776 10776 9667 10727 10776 10727 11953 11953 10727 11879 11953 11879 13048 13048 11879 12948 13048 12948 14095 14095 12948 14007 14095 14007 14582 14582 14007 14487 14582 14487 13931 13931 14487 13937 13931 13937 12801 12801 13937 12829 12801 12829 11699 11699 12829 11733 11699 11733 10561 10561 11733 10592 10561 10592 9399 9399 10592 9420 9399 9420 8025 8025 9420 8023 8025 8023 6679 6679 8023 6780 6679 6780 6650 9575 8333 8329 8329 8333 8159 8329 8159 6893 6893 8159 6887 6893 6887 6765 6765 5607 6893 6893 5607 6920 6893 6920 8328 8328 6920 8332 8328 8332 9510 9510 8332 9489 9510 9489 10685 10685 9489 10650 10685 10650 11817 11817 10650 11784 11817 11784 12892 12892 11784 12869 12892 12869 13976 13976 12869 13985 13976 13985 14511 14511 13985 14618 14511 14618 13974 13974 14618 14055 13974 14055 12881 12881 14055 12972 12881 12972 11793 11793 12972 11869 11793 11869 10634 10634 11869 10683 10634 10683 9438 9438 10683 9587 9438 9587 9461 6765 5592 5607 5607 5592 5468 5607 5468 4276 4276 5468 4248 4276 4248 4086 4086 2912 4276 4276 2912 4372 4276 4372 5660 5660 4372 5707 5660 5707 6940 6940 5707 6958 6940 6958 8336 8336 6958 8338 8336 8338 9475 9475 8338 9471 9475 9471 10632 10632 9471 10621 10632 10621 11771 11771 10621 11778 11771 11778 12879 12879 11778 12910 12879 12910 14030 14030 12910 14132 14030 14132 14758 14758 14132 14932 14758 14932 14225 14225 14932 14381 14225 14381 13101 13101 14381 13259 13101 13259 11956 11956 13259 12199 11956 12199 12062 4086 2880 2912 2912 2880 2735 2912 2735 1329 1329 2735 1290 1329 1290 1171 1171 846 1329 1329 846 1618 1329 1618 3051 3051 1618 3207 3051 3207 4464 4464 3207 4538 4464 4538 5749 5749 4538 5785 5749 5785 6982 6982 5785 6991 6982 6991 8340 8340 6991 8342 8340 8342 9466 9466 8342 9473 9466 9473 10630 10630 9473 10645 10630 10645 11803 11803 10645 11844 11803 11844 12979 12979 11844 13089 12979 13089 14295 14295 13089 14499 14295 14499 15228 15228 14499 15370 15228 15370 14717 14717 15370 15074 14717 15074 14967 1171 776 846 846 776 728 846 728 1288 1288 728 1102 1288 1102 1170 1170 2699 1288 1288 2699 1501 1288 1501 929 929 1501 1073 929 1073 1919 1919 1073 2090 1919 2090 3340 3340 2090 3434 3340 3434 4609 4609 3434 4652 4609 4652 5809 5809 4652 5822 5809 5822 6997 6997 5822 7001 6997 7001 8344 8344 7001 8346 8344 8346 9478 9478 8346 9491 9478 9491 10669 10669 9491 10710 10669 10710 11913 11913 10710 11990 11913 11990 13230 13230 11990 13371 13230 13371 14799 14799 13371 15043 14799 15043 15163 1170 2671 2699 2699 2671 2734 2699 2734 4022 4022 2734 3995 4022 3995 4123 4123 5360 4022 4022 5360 4260 4022 4260 2950 2950 4260 3095 2950 3095 1865 1865 3095 2013 1865 2013 1374 1374 2013 1557 1374 1557 2258 2258 1557 2338 2258 2338 3492 3492 2338 3519 3492 3519 4670 4670 3519 4669 4670 4669 5824 5824 4669 5814 5824 5814 6996 6996 5814 6988 6996 6988 8348 8348 6988 8350 8348 8350 9512 9512 8350 9672 9512 9672 10757 10757 9672 10949 10757 10949 12083 12083 10949 12184 12083 12184 12328 4123 5341 5360 5360 5341 5456 5360 5456 6654 6654 5456 6642 6654 6642 6779 6779 8014 6654 6654 8014 6677 6654 6677 5551 5551 6677 5601 5551 5601 4353 4353 5601 4430 4353 4430 3228 3228 4430 3333 3228 3333 2179 2179 3333 2275 2179 2275 1694 1694 2275 1795 1694 1795 2376 2376 1795 2369 2376 2369 3517 3517 2369 3489 3517 3489 4653 4653 3489 4616 4653 4616 5794 5794 4616 5762 5794 5762 6977 6977 5762 6955 6977 6955 8352 8352 6955 8354 8352 8354 9695 9695 8354 9574 9695 9574 9724 6779 8012 8014 8014 8012 8148 8014 8148 9452 9452 8148 9455 9452 9455 9597 9597 10721 9452 9452 10721 9428 9452 9428 8018 8018 9428 8015 8018 8015 6698 6698 8015 6857 6698 6857 5642 5642 6857 5676 5642 5676 4495 4495 5676 4529 4495 4529 3394 3394 4529 3418 3394 3418 2313 2313 3418 2300 2313 2300 1767 1767 2300 1657 1767 1657 2328 2328 1657 2244 2328 2244 3432 3432 2244 3337 3432 3337 4550 4550 3337 4472 4550 4472 5722 5722 4472 5674 5722 5674 6938 6938 5674 6760 6938 6760 6912 9597 10735 10721 10721 10735 10857 10721 10857 12026 12026 10857 12053 12026 12053 12198 12198 13366 12026 12026 13366 11934 12026 11934 10667 10667 11934 10618 10667 10618 9408 9408 10618 9386 9408 9386 8010 8010 9386 8008 8010 8008 6868 6868 8008 6876 6868 6876 5695 5695 6876 5704 5695 5704 4548 4548 5704 4536 4548 4536 3409 3409 4536 3374 3409 3374 2251 2251 3374 2139 2251 2139 1516 1516 2139 1335 1516 1335 2069 2069 1335 1907 2069 1907 3206 3206 1907 3045 3206 3045 4380 4380 3045 4085 4380 4085 4273 12198 13399 13366 13366 13399 13505 13366 13505 14912 14912 13505 14961 14912 14961 15073 15073 15411 14912 14912 15411 14641 14912 14641 13219 13219 14641 13068 13219 13068 11846 11846 13068 11774 11846 11774 10577 10577 11774 10539 10577 10539 9364 9364 10539 9354 9364 9354 8006 8006 9354 8004 8006 8004 6879 6879 8004 6874 6879 6874 5696 5696 6874 5682 5696 5682 4512 4512 5682 4467 4512 4467 3300 3300 4467 3188 3300 3188 1977 1977 3188 1755 1977 1755 1033 1033 1755 890 1033 890 1577 1577 890 1169 1577 1169 1298 15073 15476 15411 15411 15476 15516 15411 15516 14977 14977 15516 15171 14977 15171 15042 15042 13599 14977 14977 13599 14770 14977 14770 15330 15330 14770 15187 15330 15187 14354 14354 15187 14181 14354 14181 12941 12941 14181 12854 12941 12854 11714 11714 12854 11670 11714 11670 10514 10514 11670 10501 10514 10501 9347 9347 10501 9343 9347 9343 8002 8002 9343 8000 8002 8000 6866 6866 8000 6856 6866 6856 5658 5658 6856 5620 5658 5620 4395 4395 5620 4314 4395 4314 3044 3044 4314 2908 3044 2908 1458 1458 2908 2660 1458 2660 1168 15042 13623 13599 13599 13623 13526 13599 13526 12309 12309 13526 12336 12309 12336 12180 12180 11000 12309 12309 11000 12073 12309 12073 13353 13353 12073 13210 13353 13210 14432 14432 13210 14275 14432 14275 14885 14885 14275 14712 14885 14712 14022 14022 14712 13950 14022 13950 12802 12802 13950 12775 12802 12775 11652 11652 12775 11653 11652 11653 10499 10499 11653 10509 10499 10509 9349 9349 10509 9356 9349 9356 7998 7998 9356 7996 7998 7996 6697 6697 7996 6672 6697 6672 5570 5570 6672 5377 5570 5377 4217 4217 5377 5314 4217 5314 4162 12180 11016 11000 11000 11016 10884 11000 10884 9723 9723 10884 9731 9723 9731 9573 9573 8363 9723 9723 8363 9697 9723 9697 10946 10946 9697 10758 10946 10758 11984 11984 10758 11912 11984 11912 13078 13078 11912 12976 13078 12976 14114 14114 12976 14023 14114 14023 14579 14579 14023 14483 14579 14483 13916 13916 14483 13923 13916 13923 12777 12777 13923 12805 12777 12805 11669 11669 12805 11709 11669 11709 10531 10531 11709 10564 10531 10564 9367 9367 10564 9389 9367 9389 7994 7994 9389 7992 7994 7992 6648 6648 7992 7989 6648 7989 6788 9573 8365 8363 8363 8365 8231 8363 8231 6923 6923 8231 6918 6923 6918 6759 6759 5638 6923 6923 5638 6947 6923 6947 8359 8359 6947 8360 8359 8360 9677 9677 8360 9653 9677 9653 10715 10715 9653 10680 10715 10680 11847 11847 10680 11811 11847 11811 12916 12916 11811 12893 12916 12893 13988 13988 12893 13999 13988 13999 14507 14507 13999 14616 14507 14616 13959 13959 14616 14037 13959 14037 12857 12857 14037 12944 12857 12944 11764 11764 12944 11838 11764 11838 10603 10603 11838 10651 10603 10651 9411 9411 10651 10708 9411 10708 9596 6759 5623 5638 5638 5623 5466 5638 5466 4311 4311 5466 4281 4311 4281 4084 4084 2935 4311 4311 2935 4405 4311 4405 5689 5689 4405 5737 5689 5737 6966 6966 5737 6989 6966 6989 8364 8364 6989 8368 8364 8368 9505 9505 8368 9498 9505 9498 10661 10661 9498 10652 10661 10652 11794 11794 10652 11806 11794 11806 12902 12902 11806 12935 12902 12935 14047 14047 12935 14153 14047 14153 14754 14754 14153 14930 14754 14930 14201 14201 14930 14368 14201 14368 13070 13070 14368 13225 13070 13225 11927 11927 13225 13382 11927 13382 12205 4084 2900 2935 2935 2900 2808 2935 2808 1362 1362 2808 1304 1362 1304 1167 1167 848 1362 1362 848 1638 1362 1638 3086 3086 1638 3239 3086 3239 4496 4496 3239 4572 4496 4572 5779 5779 4572 5815 5779 5815 7011 7011 5815 7021 7011 7021 8370 8370 7021 8372 8370 8372 9495 9495 8372 9500 9495 9500 10660 10660 9500 10674 10660 10674 11828 11828 10674 11873 11828 11873 13009 13009 11873 13119 13009 13119 14313 14313 13119 14536 14313 14536 15225 15225 14536 15368 15225 15368 14676 14676 15368 15474 14676 15474 15072 1167 780 848 848 780 726 848 726 1278 1278 726 1067 1278 1067 1166 1166 2681 1278 1278 2681 1488 1278 1488 932 932 1488 1075 932 1075 1934 1934 1075 2112 1934 2112 3372 3372 2112 3460 3372 3460 4638 4638 3460 4680 4638 4680 5840 5840 4680 5853 5840 5853 7028 7028 5853 7032 7028 7032 8374 8374 7032 8376 8374 8376 9508 9508 8376 9654 9508 9654 10700 10700 9654 10739 10700 10739 11942 11942 10739 12022 11942 12022 13258 13258 12022 13391 13258 13391 14813 14813 13391 13635 14813 13635 15041 1166 2655 2681 2681 2655 2732 2681 2732 3989 3989 2732 3960 3989 3960 4161 4161 5324 3989 3989 5324 4228 3989 4228 2924 2924 4228 3063 2924 3063 1830 1830 3063 1997 1830 1997 1377 1377 1997 1559 1377 1559 2277 2277 1559 2356 2277 2356 3516 3516 2356 3541 3516 3541 4702 4702 3541 4701 4702 4701 5855 5855 4701 5845 5855 5845 7026 7026 5845 7019 7026 7019 8378 8378 7019 8380 8378 8380 9678 9678 8380 9702 9678 9702 10788 10788 9702 10980 10788 10980 12115 12115 10980 11041 12115 11041 12179 4161 5308 5324 5324 5308 5454 5324 5454 6618 6618 5454 6607 6618 6607 6787 6787 7982 6618 6618 7982 6647 6618 6647 5382 5382 6647 5569 5382 5569 4321 4321 5569 4396 4321 4396 3196 3196 4396 3306 3196 3306 2155 2155 3306 2259 2155 2259 1697 1697 2259 1801 1697 1801 2390 2390 1801 2384 2390 2384 3539 3539 2384 3512 3539 3512 4681 4681 3512 4644 4681 4644 5823 5823 4644 5790 5823 5790 7008 7008 5790 6986 7008 6986 8382 8382 6986 8384 8382 8384 9727 9727 8384 8386 9727 8386 9567 6787 7979 7982 7982 7979 8146 7982 8146 9422 9422 8146 9426 9422 9426 9595 9595 10689 9422 9422 10689 9397 9422 9397 7986 7986 9397 7987 7986 7987 6667 6667 7987 6693 6667 6693 5612 5612 6693 5647 5612 5647 4462 4462 5647 4501 4462 4501 3369 3369 4501 3393 3369 3393 2297 2297 3393 2284 2297 2284 1770 1770 2284 1659 1770 1659 2345 2345 1659 2261 2345 2261 3457 3457 2261 3367 3457 3367 4581 4581 3367 4502 4581 4502 5752 5752 4502 5705 5752 5705 6963 6963 5705 5649 6963 5649 6758 9595 10702 10689 10689 10702 10855 10689 10855 11992 11992 10855 12020 11992 12020 12204 12204 13342 11992 11992 13342 11903 11992 11903 10637 10637 11903 10588 10637 10588 9375 9375 10588 9355 9375 9355 7983 7983 9355 7977 7983 7977 6703 6703 7977 6849 6703 6849 5666 5666 6849 5675 5666 5675 4517 4517 5675 4505 4517 4505 3385 3385 4505 3345 3385 3345 2234 2234 3345 2120 2234 2120 1519 1519 2120 1338 1519 1338 2094 2094 1338 1920 2094 1920 3237 3237 1920 3079 3237 3079 4412 4412 3079 2916 4412 2916 4083 12204 13378 13342 13342 13378 13492 13342 13492 14889 14889 13492 14951 14889 14951 15071 15071 15409 14889 14889 15409 14626 14889 14626 13182 13182 14626 13037 13182 13037 11816 11816 13037 11743 11816 11743 10547 10547 11743 10508 10547 10508 9335 9335 10508 9323 9335 9323 7975 7975 9323 7973 7975 7973 6854 6854 7973 6847 6854 6847 5667 5667 6847 5653 5667 5653 4483 4483 5653 4436 4483 4436 3272 3272 4436 3158 3272 3158 1962 1962 3158 1722 1962 1722 1037 1037 1722 892 1037 892 1607 1607 892 782 1607 782 1165 15071 15472 15409 15409 15472 15514 15409 15514 14987 14987 15514 15199 14987 15199 15040 15040 13615 14987 14987 13615 14781 14987 14781 15328 15328 14781 15183 15328 15183 14337 14337 15183 14158 14337 14158 12911 12911 14158 12830 12911 12830 11685 11685 12830 11640 11685 11640 10484 10484 11640 10471 10484 10471 9317 9317 10471 9313 9317 9313 7971 7971 9313 7969 7971 7969 6700 6700 7969 6691 6700 6691 5628 5628 6691 5589 5628 5589 4363 4363 5589 4284 4363 4284 3014 3014 4284 2889 3014 2889 1443 1443 2889 2643 1443 2643 1164 15040 13639 13615 13615 13639 13524 13615 13524 12341 12341 13524 12369 12341 12369 12178 12178 11031 12341 12341 11031 12104 12341 12104 13375 13375 12104 13242 13375 13242 14471 14471 13242 14292 14471 14292 14882 14882 14292 14709 14882 14709 14006 14006 14709 13935 14006 13935 12778 12778 13935 12754 12778 12754 11620 11620 12754 11621 11620 11621 10470 10470 11621 10479 10470 10479 9318 9318 10479 9325 9318 9325 7967 7967 9325 7965 7967 7965 6666 6666 7965 6641 6666 6641 5400 5400 6641 5346 5400 5346 4046 4046 5346 5279 4046 5279 4160 12178 11047 11031 11031 11047 10882 11031 10882 9754 9754 10882 9765 9754 9765 9566 9566 8395 9754 9754 8395 9728 9754 9728 10975 10975 9728 10789 10975 10789 12016 12016 10789 11941 12016 11941 13111 13111 11941 13005 13111 13005 14137 14137 13005 14039 14137 14039 14576 14576 14039 14481 14576 14481 13902 13902 14481 13908 13902 13908 12757 12757 13908 12783 12757 12783 11639 11639 12783 11679 11639 11679 10500 10500 11679 10533 10500 10533 9336 9336 10533 9358 9336 9358 7963 7963 9358 7961 7963 7961 6614 6614 7961 7956 6614 7956 6786 9566 8397 8395 8395 8397 8229 8395 8229 6953 6953 8229 6948 6953 6948 6757 6757 5669 6953 6953 5669 6978 6953 6978 8391 8391 6978 8388 8391 8388 9707 9707 8388 9681 9707 9681 10746 10746 9681 10711 10746 10711 11878 11878 10711 11842 11878 11842 12940 12940 11842 12917 12940 12917 14003 14003 12917 14012 14003 14012 14502 14502 14012 14613 14502 14613 13946 13946 14613 14021 13946 14021 12833 12833 14021 12918 12833 12918 11736 11736 12918 11809 11736 11809 10572 10572 11809 10620 10572 10620 9380 9380 10620 10676 9380 10676 9594 6757 5656 5669 5669 5656 5497 5669 5497 4345 4345 5497 4316 4345 4316 4082 4082 2960 4345 4345 2960 4439 4345 4439 5719 5719 4439 5768 5719 5768 6999 6999 5768 7020 6999 7020 8392 8392 7020 8396 8392 8396 9671 9671 8396 9662 9671 9662 10690 10690 9662 10681 10690 10681 11825 11825 10681 11836 11825 11836 12927 12927 11836 12964 12927 12964 14064 14064 12964 14172 14064 14172 14752 14752 14172 14928 14752 14928 14177 14177 14928 14352 14177 14352 13040 13040 14352 13191 13040 13191 11894 11894 13191 13359 11894 13359 12210 4082 2920 2960 2960 2920 2806 2960 2806 1397 1397 2806 1315 1397 1315 1163 1163 850 1397 1397 850 1661 1397 1661 3121 3121 1661 3271 3121 3271 4526 4526 3271 4605 4526 4605 5807 5807 4605 5846 5807 5846 7040 7040 5846 7052 7040 7052 8400 8400 7052 8402 8400 8402 9657 9657 8402 9664 9657 9664 10688 10688 9664 10704 10688 10704 11856 11856 10704 11904 11856 11904 13036 13036 11904 13147 13036 13147 14328 14328 13147 14575 14328 14575 15223 15223 14575 15366 15223 15366 14650 14650 15366 15470 14650 15470 15070 1163 784 850 850 784 724 850 724 1128 1128 724 1051 1128 1051 1162 1162 2664 1128 1128 2664 1475 1128 1475 934 934 1475 1077 934 1077 1952 1952 1077 2135 1952 2135 3398 3398 2135 3488 3398 3488 4668 4668 3488 4711 4668 4711 5871 5871 4711 5886 5871 5886 7060 7060 5886 7064 7060 7064 8404 8404 7064 8406 8404 8406 9675 9675 8406 9683 9675 9683 10731 10731 9683 10770 10731 10770 11974 11974 10770 12050 11974 12050 13290 13290 12050 13412 13290 13412 14830 14830 13412 13650 14830 13650 15039 1162 2636 2664 2664 2636 2730 2664 2730 3958 3958 2730 3936 3958 3936 4159 4159 5291 3958 3958 5291 4194 3958 4194 2904 2904 4194 3029 2904 3029 1777 1777 3029 1980 1777 1980 1380 1380 1980 1563 1380 1563 2293 2293 1563 2371 2293 2371 3538 3538 2371 3561 3538 3561 4734 4734 3561 4733 4734 4733 5887 5887 4733 5874 5887 5874 7058 7058 5874 7050 7058 7050 8408 8408 7050 8410 8408 8410 9709 9709 8410 9733 9709 9733 10957 10957 9733 11014 10957 11014 12285 12285 11014 11076 12285 11076 12174 4159 5273 5291 5291 5273 5452 5291 5452 6587 6587 5452 6574 6587 6574 6785 6785 7947 6587 6587 7947 6612 6587 6612 5351 5351 6612 5399 5351 5399 4287 4287 5399 4365 4287 4365 3165 3165 4365 3274 3165 3274 2137 2137 3274 2243 2137 2243 1701 1701 2243 1805 1701 1805 2405 2405 1805 2398 2405 2398 3557 3557 2398 3535 3557 3535 4713 4713 3535 4673 4713 4673 5854 5854 4673 5821 5854 5821 7039 7039 5821 7018 7039 7018 8412 8412 7018 8414 8412 8414 9759 9759 8414 8416 9759 8416 9565 6785 7945 7947 7947 7945 8144 7947 8144 9391 9391 8144 9395 9391 9395 9593 9593 10656 9391 9391 10656 9366 9391 9366 7951 7951 9366 7955 7951 7955 6636 6636 7955 6663 6636 6663 5582 5582 6663 5621 5582 5621 4431 4431 5621 4468 4431 4468 3341 3341 4468 3370 3341 3370 2280 2280 3370 2271 2280 2271 1772 1772 2271 1663 1772 1663 2360 2360 1663 2279 2360 2279 3485 3485 2279 3395 3485 3395 4615 4615 3395 4533 4615 4533 5783 5783 4533 5736 5783 5736 6995 6995 5736 5679 6995 5679 6747 9593 10670 10656 10656 10670 10841 10656 10841 11961 11961 10841 11988 11961 11988 12209 12209 13316 11961 11961 13316 11870 11961 11870 10604 10604 11870 10556 10604 10556 9345 9345 10556 9324 9345 9324 7952 7952 9324 7948 7952 7948 6673 6673 7948 6684 6673 6684 5637 5637 6684 5646 5637 5646 4488 4488 5646 4477 4488 4477 3357 3357 4477 3317 3357 3317 2215 2215 3317 2099 2215 2099 1521 1521 2099 1340 1521 1340 2116 2116 1340 1936 2116 1936 3270 3270 1936 3113 3270 3113 4445 4445 3113 2940 4445 2940 4081 12209 13355 13316 13316 13355 13490 13316 13490 14842 14842 13490 14940 14842 14940 15069 15069 15407 14842 14842 15407 14594 14842 14594 13152 13152 14594 13008 13152 13008 11785 11785 13008 11717 11785 11717 10516 10516 11717 10478 10516 10478 9303 9303 10478 9292 9303 9292 7943 7943 9292 7941 7943 7941 6689 6689 7941 6680 6689 6680 5639 5639 6680 5626 5639 5626 4453 4453 5626 4404 4453 4404 3241 3241 4404 3124 3241 3124 1945 1945 3124 1680 1945 1680 1039 1039 1680 894 1039 894 1631 1631 894 786 1631 786 1161 15069 15468 15407 15407 15468 15512 15407 15512 15140 15140 15512 15216 15140 15216 15038 15038 13631 15140 15140 13631 14796 15140 14796 15323 15323 14796 15181 15323 15181 14321 14321 15181 14138 14321 14138 12888 12888 14138 12807 12888 12807 11655 11655 12807 11610 11655 11610 10456 10456 11610 10442 10456 10442 9285 9285 10442 9281 9285 9281 7938 7938 9281 7936 7938 7936 6670 6670 7936 6662 6670 6662 5598 5598 6662 5558 5598 5558 4333 4333 5558 4252 4333 4252 2984 2984 4252 2867 2984 2867 1425 1425 2867 2628 1425 2628 1160 15038 13656 13631 13631 13656 13522 13631 13522 12371 12371 13522 12394 12371 12394 12173 12173 11066 12371 12371 11066 12272 12371 12272 13396 13396 12272 13275 13396 13275 14522 14522 13275 14309 14522 14309 14880 14880 14309 14706 14880 14706 13991 13991 14706 13921 13991 13921 12758 12758 13921 12736 12758 12736 11588 11588 12736 11590 11588 11590 10441 10441 11590 10452 10441 10452 9287 9287 10452 9294 9287 9294 7934 7934 9294 7932 7934 7932 6635 6635 7932 6610 6635 6610 5369 5369 6610 5311 5369 5311 4013 4013 5311 5247 4013 5247 4158 12173 11083 11066 11066 11083 10880 11066 10880 9784 9784 10880 9796 9784 9796 9564 9564 8426 9784 9784 8426 9760 9784 9760 11007 11007 9760 10958 11007 10958 12046 12046 10958 11971 12046 11971 13141 13141 11971 13034 13141 13034 14157 14157 13034 14056 14157 14056 14572 14572 14056 14475 14572 14475 13886 13886 14475 13892 13886 13892 12738 12738 13892 12760 12738 12760 11609 11609 12760 11649 11609 11649 10469 10469 11649 10502 10469 10502 9308 9308 10502 9326 9308 9326 7930 7930 9326 7928 7930 7928 6581 6581 7928 7925 6581 7925 6784 9564 8429 8426 8426 8429 8227 8426 8227 6984 6984 8227 6979 6984 6979 6746 6746 5700 6984 6984 5700 7009 6984 7009 8422 8422 7009 8418 8422 8418 9738 9738 8418 9712 9738 9712 10775 10775 9712 10738 10775 10738 11911 11911 10738 11872 11911 11872 12969 12969 11872 12939 12969 12939 14018 14018 12939 14027 14018 14027 14496 14496 14027 14610 14496 14610 13930 13930 14610 14002 13930 14002 12809 12809 14002 12890 12809 12890 11708 11708 12890 11779 11708 11779 10541 10541 11779 10590 10541 10590 9348 9348 10590 10646 9348 10646 9608 6746 5686 5700 5700 5686 5495 5700 5495 4376 4376 5495 4350 4376 4350 4080 4080 2989 4376 4376 2989 4470 4376 4470 5750 5750 4470 5799 5750 5799 7030 7030 5799 7051 7030 7051 8421 8421 7051 8425 8421 8425 9701 9701 8425 9689 9701 9689 10720 10720 9689 10712 10720 10712 11852 11852 10712 11861 11852 11861 12953 12953 11861 12993 12953 12993 14082 14082 12993 14193 14082 14193 14749 14749 14193 14925 14749 14925 14155 14155 14925 14335 14155 14335 13010 13010 14335 13158 13010 13158 11863 11863 13158 13335 11863 13335 12221 4080 2943 2989 2989 2943 2804 2989 2804 1433 1433 2804 1326 1433 1326 1159 1159 852 1433 1433 852 1703 1433 1703 3153 3153 1703 3305 3153 3305 4559 4559 3305 4636 4559 4636 5838 5838 4636 5878 5838 5878 7072 7072 5878 7083 7072 7083 8428 8428 7083 8432 8428 8432 9685 9685 8432 9692 9685 9692 10718 10718 9692 10733 10718 10733 11886 11886 10733 11933 11886 11933 13066 13066 11933 13178 13066 13178 14344 14344 13178 14609 14344 14609 15221 15221 14609 15364 15221 15364 14630 14630 15364 15466 14630 15466 15068 1159 788 852 852 788 722 852 722 1110 1110 722 1024 1110 1024 1158 1158 2647 1110 1110 2647 1460 1110 1460 936 936 1460 1082 936 1082 1971 1971 1082 2158 1971 2158 3424 3424 2158 3511 3424 3511 4700 4700 3511 4742 4700 4742 5916 5916 4742 5933 5916 5933 7089 7089 5933 7093 7089 7093 8435 8435 7093 8438 8435 8438 9703 9703 8438 9713 9703 9713 10761 10761 9713 10940 10761 10940 12004 12004 10940 12081 12004 12081 13317 13317 12081 13432 13317 13432 14848 14848 13432 13665 14848 13665 15012 1158 2624 2647 2647 2624 2728 2647 2728 3935 3935 2728 3913 3935 3913 4157 4157 5257 3935 3935 5257 4026 3935 4026 2885 2885 4026 2997 2885 2997 1740 1740 2997 1964 1740 1964 1383 1383 1964 1567 1383 1567 2311 2311 1567 2386 2311 2386 3558 3558 2386 3580 3558 3580 4764 4764 3580 4761 4764 4761 5935 5935 4761 5921 5935 5921 7088 7088 5921 7081 7088 7081 8440 8440 7081 8442 8440 8442 9740 9740 8442 9763 9740 9763 10989 10989 9763 11044 10989 11044 12318 12318 11044 11109 12318 11109 12162 4157 5240 5257 5257 5240 5451 5257 5451 6555 6555 5451 6542 6555 6542 6783 6783 7914 6555 6555 7914 6579 6555 6579 5318 5318 6579 5368 5318 5368 4257 4257 5368 4335 4257 4335 3133 3133 4335 3242 3133 3242 2117 2117 3242 2224 2117 2224 1705 1705 2224 1810 1705 1810 2420 2420 1810 2417 2420 2417 3578 3578 2417 3554 3578 3554 4743 4743 3554 4706 4743 4706 5888 5888 4706 5852 5888 5852 7069 7069 5852 7049 7069 7049 8444 8444 7049 8446 8444 8446 9790 9790 8446 8448 9790 8448 9547 6783 7912 7914 7914 7912 8142 7914 8142 9360 9360 8142 9362 9360 9362 9607 9607 10624 9360 9360 10624 9333 9360 9333 7918 7918 9333 7922 7918 7922 6603 6603 7922 6631 6603 6631 5554 5554 6631 5590 5554 5590 4398 4398 5590 4438 4398 4438 3311 3311 4438 3342 3311 3342 2264 2264 3342 2254 2264 2254 1776 1776 2254 1666 1776 1666 2378 2378 1666 2298 2378 2298 3509 3509 2298 3422 3509 3422 4645 4645 3422 4566 4645 4566 5812 5812 4566 5764 5812 5764 7027 7027 5764 5709 7027 5709 6745 9607 10640 10624 10624 10640 10839 10624 10839 11930 11930 10839 11954 11930 11954 12208 12208 13284 11930 11930 13284 11839 11930 11839 10573 10573 11839 10525 10573 10525 9312 9312 10525 9291 9312 9291 7923 7923 9291 7919 7923 7919 6644 6644 7919 6656 6644 6656 5608 5608 6656 5617 5608 5617 4458 4458 5617 4448 4458 4448 3329 3329 4448 3291 3329 3291 2196 2196 3291 2079 2196 2079 1523 1523 2079 1343 1523 1343 2140 2140 1343 1956 2140 1956 3302 3302 1956 3149 3302 3149 4479 4479 3149 2966 4479 2966 4079 12208 13329 13284 13284 13329 13488 13284 13488 14822 14822 13488 14915 14822 14915 15067 15067 15405 14822 14822 15405 14548 14822 14548 13120 13120 14548 12975 13120 12975 11755 11755 12975 11687 11755 11687 10486 10486 11687 10448 10486 10448 9272 9272 10448 9260 9272 9260 7915 7915 9260 7910 7915 7910 6660 6660 7910 6652 6660 6652 5610 5610 6652 5597 5610 5597 4422 4422 5597 4373 4422 4373 3211 3211 4373 3094 3211 3094 1928 1928 3094 1646 1928 1646 1041 1041 1646 896 1041 896 1648 1648 896 790 1648 790 1157 15067 15464 15405 15405 15464 15510 15405 15510 15158 15158 15510 15236 15158 15236 15037 15037 13646 15158 15158 13646 14811 15158 14811 15320 15320 14811 15178 15320 15178 14301 14301 15178 14111 14301 14111 12863 12863 14111 12784 12863 12784 11622 11622 12784 11581 11622 11581 10426 10426 11581 10410 10426 10410 9254 9254 10410 9250 9254 9250 7908 7908 9250 7906 7908 7906 6640 6640 7906 6630 6640 6630 5568 5568 6630 5387 5568 5387 4299 4299 5387 4220 4299 4220 2959 2959 4220 2843 2959 2843 1394 1394 2843 2613 1394 2613 1245 15037 13668 13646 13646 13668 13560 13646 13560 12396 12396 13560 12415 12396 12415 12172 12172 11099 12396 12396 11099 12303 12396 12303 13414 13414 12303 13305 13414 13305 14549 14549 13305 14326 14549 14326 14877 14877 14326 14702 14877 14702 13973 13973 14702 13906 13973 13906 12737 12737 13906 12716 12737 12716 11561 11561 12716 11564 11561 11564 10407 10407 11564 10420 10407 10420 9255 9255 10420 9263 9255 9263 7904 7904 9263 7902 7904 7902 6602 6602 7902 6576 6602 6576 5337 5337 6576 5277 5337 5277 3980 3980 5277 5215 3980 5215 4156 12172 11116 11099 11099 11116 10914 11099 10914 9816 9816 10914 9828 9816 9828 9563 9563 8460 9816 9816 8460 9791 9816 9791 11037 11037 9791 10988 11037 10988 12076 12076 10988 12001 12076 12001 13169 13169 12001 13064 13169 13064 14175 14175 13064 14073 14175 14073 14567 14567 14073 14469 14567 14469 13872 13872 14469 13877 13872 13877 12718 12718 13877 12741 12718 12741 11580 11580 12741 11614 11580 11614 10439 10439 11614 10473 10439 10473 9276 9276 10473 9293 9276 9293 7900 7900 9293 7898 7900 7898 6549 6549 7898 7895 6549 7895 6809 9563 8462 8460 8460 8462 8225 8460 8225 7015 7015 8225 7012 7015 7012 6744 6744 5733 7015 7015 5733 7042 7015 7042 8456 8456 7042 8452 8456 8452 9769 9769 8452 9743 9769 9743 10944 10944 9743 10768 10944 10768 11938 11938 10768 11902 11938 11902 12999 12999 11902 12968 12999 12968 14033 14033 12968 14044 14033 14044 14494 14494 14044 14607 14494 14607 13913 13913 14607 13986 13913 13986 12786 12786 13986 12864 12786 12864 11677 11677 12864 11748 11677 11748 10511 10511 11748 10559 10511 10559 9315 9315 10559 10613 9315 10613 9606 6744 5716 5733 5733 5716 5493 5733 5493 4411 4411 5493 4381 4411 4381 4078 4078 3020 4411 4411 3020 4503 4411 4503 5781 5781 4503 5829 5781 5829 7065 7065 5829 7084 7065 7084 8451 8451 7084 8455 8451 8455 9730 9730 8455 9719 9730 9719 10750 10750 9719 10740 10750 10740 11881 11881 10740 11888 11881 11888 12980 12980 11888 13018 12980 13018 14102 14102 13018 14211 14102 14211 14743 14743 14211 14920 14743 14920 14130 14130 14920 14315 14130 14315 12977 12977 14315 13126 12977 13126 11831 11831 13126 13306 11831 13306 12220 4078 2973 3020 3020 2973 2802 3020 2802 1453 1453 2802 1360 1453 1360 1156 1156 854 1453 1453 854 1743 1453 1743 3190 3190 1743 3336 3190 3336 4594 4594 3336 4666 4594 4666 5872 5872 4666 5924 5872 5924 7100 7100 5924 7112 7100 7112 8459 8459 7112 8464 8459 8464 9715 9715 8464 9721 9715 9721 10748 10748 9721 10762 10748 10762 11917 11917 10762 11960 11917 11960 13092 13092 11960 13209 13092 13209 14357 14357 13209 14631 14357 14631 15218 15218 14631 15362 15218 15362 14601 14601 15362 15462 14601 15462 15105 1156 792 854 854 792 720 854 720 1090 1090 720 1018 1090 1018 1244 1244 2633 1090 1090 2633 1446 1090 1446 939 939 1446 1085 939 1085 1990 1990 1085 2186 1990 2186 3451 3451 2186 3534 3451 3534 4732 4732 3534 4772 4732 4772 5947 5947 4772 5961 5947 5961 7120 7120 5961 7124 7120 7124 8466 8466 7124 8468 8466 8468 9734 9734 8468 9744 9734 9744 10790 10790 9744 10969 10790 10969 12035 12035 10969 12112 12035 12112 13341 13341 12112 13590 13341 13590 14890 14890 13590 13676 14890 13676 15011 1244 2610 2633 2633 2610 2726 2633 2726 3912 3912 2726 3895 3912 3895 4155 4155 5225 3912 3912 5225 3994 3912 3994 2865 2865 3994 2970 2865 2970 1709 1709 2970 1949 1709 1949 1386 1386 1949 1569 1386 1569 2329 2329 1569 2399 2329 2399 3579 3579 2399 3600 3579 3600 4787 4787 3600 4786 4787 4786 5964 5964 4786 5953 5964 5953 7119 7119 5953 7111 7119 7111 8470 8470 7111 8472 8470 8472 9770 9770 8472 9794 9770 9794 11020 11020 9794 11078 11020 11078 12349 12349 11078 11142 12349 11142 12161 4155 5207 5225 5225 5207 5424 5225 5424 6524 6524 5424 6512 6524 6512 6808 6808 7883 6524 6524 7883 6548 6524 6548 5285 5285 6548 5338 5285 5338 4225 4225 5338 4302 4225 4302 3102 3102 4302 3216 3102 3216 2097 2097 3216 2206 2097 2206 1711 1711 2206 1814 1711 1814 2434 2434 1814 2429 2434 2429 3597 3597 2429 3574 3597 3574 4773 4773 3574 4738 4773 4738 5936 5936 4738 5884 5936 5884 7098 7098 5884 7082 7098 7082 8474 8474 7082 8476 8474 8476 9822 9822 8476 8478 9822 8478 9546 6808 7880 7883 7883 7880 8117 7883 8117 9328 9328 8117 9331 9328 9331 9605 9605 10591 9328 9328 10591 9301 9328 9301 7887 7887 9301 7891 7887 7891 6571 6571 7891 6599 6571 6599 5384 5384 6599 5560 5384 5560 4368 4368 5560 4407 4368 4407 3282 3282 4407 3313 3282 3313 2250 2250 3313 2238 2250 2238 1783 1783 2238 1668 1783 1668 2394 2394 1668 2316 2394 2316 3532 3532 2316 3450 3532 3450 4676 4676 3450 4601 4676 4601 5841 5841 4601 5796 5841 5796 7062 7062 5796 5741 7062 5741 6743 9605 10608 10591 10591 10608 10837 10591 10837 11895 11895 10837 11925 11895 11925 12219 12219 13250 11895 11895 13250 11808 11895 11808 10542 10542 11808 10494 10542 10494 9280 9280 10494 9259 9280 9259 7894 7894 9259 7890 7894 7890 6611 6611 7890 6622 6611 6622 5577 5577 6622 5588 5577 5588 4428 4428 5588 4419 4428 4419 3301 3301 4419 3262 3301 3262 2174 2174 3262 2060 2174 2060 1525 1525 2060 1345 1525 1345 2167 2167 1345 1974 2167 1974 3335 3335 1974 3180 3335 3180 4513 4513 3180 2998 4513 2998 4077 12219 13298 13250 13250 13298 13486 13250 13486 14805 14805 13486 14886 14805 14886 15104 15104 15403 14805 14805 15403 14515 14805 14515 13086 13086 14515 12943 13086 12943 11724 11724 12943 11656 11724 11656 10454 10454 11656 10417 10454 10417 9243 9243 10417 9232 9243 9232 7886 7886 9232 7882 7886 7882 6627 6627 7882 6621 6627 6621 5580 5580 6621 5567 5580 5567 4390 4390 5567 4346 4390 4346 3185 3185 4346 3064 3185 3064 1916 1916 3064 1634 1916 1634 1043 1043 1634 898 1043 898 1687 1687 898 794 1687 794 1155 15104 15460 15403 15403 15460 15508 15403 15508 15186 15186 15508 15243 15186 15243 15010 15010 13660 15186 15186 13660 14826 15186 14826 15318 15318 14826 15174 15318 15174 14282 14282 15174 14088 14282 14088 12839 12839 14088 12762 12839 12762 11589 11589 12762 11552 11589 11552 10395 10395 11552 10381 10395 10381 9224 9224 10381 9220 9224 9220 7878 7878 9220 7875 7878 7875 6609 6609 7875 6598 6609 6598 5398 5398 6598 5356 5398 5356 4268 4268 5356 4049 4268 4049 2936 2936 4049 2689 2936 2689 1364 1364 2689 2602 1364 2602 1243 15010 13678 13660 13660 13678 13558 13660 13558 12419 12419 13558 12434 12419 12434 12160 12160 11132 12419 12419 11132 12335 12419 12335 13434 13434 12335 13332 13434 13332 14589 14589 13332 14339 14589 14339 14873 14873 14339 14695 14873 14695 13957 13957 14695 13891 13957 13891 12717 12717 13891 12694 12717 12694 11538 11538 12694 11539 11538 11539 10379 10379 11539 10391 10379 10391 9225 9225 10391 9233 9225 9233 7873 7873 9233 7871 7873 7871 6570 6570 7871 6545 6570 6545 5305 5305 6545 5246 5305 5246 3952 3952 5246 5182 3952 5182 4154 12160 11149 11132 11132 11149 10912 11132 10912 9848 9848 10912 9861 9848 9861 9545 9545 8492 9848 9848 8492 9824 9848 9824 11071 11071 9824 11019 11071 11019 12106 12106 11019 12031 12106 12031 13201 13201 12031 13090 13201 13090 14195 14195 13090 14092 14195 14092 14564 14564 14092 14465 14564 14465 13860 13860 14465 13864 13860 13864 12698 12698 13864 12723 12698 12723 11551 11551 12723 11585 11551 11585 10406 10406 11585 10444 10406 10444 9245 9245 10444 9261 9245 9261 7869 7869 9261 7867 7869 7867 6518 6518 7867 7864 6518 7864 6807 9545 8493 8492 8492 8493 8261 8492 8261 7047 7047 8261 7043 7047 7043 6742 6742 5763 7047 7047 5763 7074 7047 7074 8488 8488 7074 8484 8488 8484 9799 9799 8484 9773 9799 9773 10973 10973 9773 10798 10973 10798 11967 11967 10798 11929 11967 11929 13027 13027 11929 12997 13027 12997 14050 14050 12997 14060 14050 14060 14491 14491 14060 14603 14491 14603 13897 13897 14603 13970 13897 13970 12763 12763 13970 12841 12763 12841 11646 11646 12841 11719 11646 11719 10483 10483 11719 10527 10483 10527 9282 9282 10527 10583 9282 10583 9633 6742 5746 5763 5763 5746 5491 5763 5491 4444 4444 5491 4414 4444 4414 4076 4076 3055 4444 4444 3055 4534 4444 4534 5813 5813 4534 5861 5813 5861 7095 7095 5861 7114 7095 7114 8480 8480 7114 8483 8480 8483 9761 9761 8483 9750 9761 9750 10780 10780 9750 10769 10780 10769 11914 11914 10769 11920 11914 11920 13007 13007 11920 13045 13007 13045 14118 14118 13045 14232 14118 14232 14738 14738 14232 14917 14738 14917 14105 14105 14917 14299 14105 14299 12945 12945 14299 13091 12945 13091 11796 11796 13091 13272 11796 13272 12218 4076 3006 3055 3055 3006 2800 3055 2800 1468 1468 2800 1398 1468 1398 1154 1154 856 1468 1468 856 1800 1468 1800 3220 3220 1800 3368 3220 3368 4630 4630 3368 4699 4630 4699 5918 5918 4699 5955 5918 5955 7130 7130 5955 7143 7130 7143 8487 8487 7143 8491 8487 8491 9745 9745 8491 9751 9745 9751 10777 10777 9751 10791 10777 10791 11947 11947 10791 11991 11947 11991 13121 13121 11991 13241 13121 13241 14370 14370 13241 14645 14370 14645 15214 15214 14645 15360 15214 15360 14558 14558 15360 15458 14558 15458 15103 1154 796 856 856 796 718 856 718 1061 1061 718 1011 1061 1011 1242 1242 2618 1061 1061 2618 1431 1061 1431 944 944 1431 1088 944 1088 2010 2010 1088 2209 2010 2209 3480 3480 2209 3553 3480 3553 4763 4763 3553 4797 4763 4797 5981 5981 4797 5996 5981 5996 7151 7151 5996 7154 7151 7154 8496 8496 7154 8498 8496 8498 9762 9762 8498 9774 9762 9774 10959 10959 9774 11001 10959 11001 12065 12065 11001 12282 12065 12282 13363 13363 12282 13605 13363 13605 14909 14909 13605 13688 14909 13688 15009 1242 2600 2618 2618 2600 2724 2618 2724 3892 3892 2724 3876 3892 3876 4153 4153 5194 3892 3892 5194 3963 3892 3963 2842 2842 3963 2947 2842 2947 1670 1670 2947 1932 1670 1932 1392 1392 1932 1574 1392 1574 2347 2347 1574 2418 2347 2418 3599 3599 2418 3621 3599 3621 4815 4815 3621 4810 4815 4810 5997 5997 4810 5985 5997 5985 7150 7150 5985 7142 7150 7142 8500 8500 7142 8502 8500 8502 9800 9800 8502 9826 9800 9826 11052 11052 9826 11108 11052 11108 12377 12377 11108 11173 12377 11173 12159 4153 5175 5194 5194 5175 5422 5194 5422 6488 6488 5422 6475 6488 6475 6806 6806 7851 6488 6488 7851 6516 6488 6516 5252 5252 6516 5306 5252 5306 4122 4122 5306 4271 4122 4271 3072 3072 4271 3189 3072 3189 2077 2077 3189 2185 2077 2185 1715 1715 2185 1821 1715 1821 2447 2447 1821 2443 2447 2443 3617 3617 2443 3593 3617 3593 4799 4799 3593 4768 4799 4768 5971 5971 4768 5932 5971 5932 7129 7129 5932 7113 7129 7113 8504 8504 7113 8506 8504 8506 9854 9854 8506 8512 9854 8512 9544 6806 7848 7851 7851 7848 8115 7851 8115 9295 9295 8115 9299 9295 9299 9604 9604 10562 9295 9295 10562 9270 9295 9270 7855 7855 9270 7859 7855 7859 6540 6540 7859 6566 6540 6566 5353 5353 6566 5390 5353 5390 4339 4339 5390 4378 4339 4378 3253 3253 4378 3283 3253 3283 2231 2231 3283 2220 2231 2220 1787 1787 2220 1674 1787 1674 2410 2410 1674 2332 2410 2332 3550 3550 2332 3478 3550 3478 4708 4708 3478 4634 4708 4634 5873 5873 4634 5827 5873 5827 7094 7094 5827 5773 7094 5773 6721 9604 10578 10562 10562 10578 10835 10562 10835 11865 11865 10835 11890 11865 11890 12217 12217 13212 11865 11865 13212 11777 11865 11777 10510 10510 11777 10463 10510 10463 9248 9248 10463 9230 9248 9230 7863 7863 9230 7860 7863 7860 6580 6580 7860 6591 6580 6591 5550 5550 6591 5559 5550 5559 4394 4394 5559 4388 4394 4388 3273 3273 4388 3232 3273 3232 2154 2154 3232 2042 2154 2042 1528 1528 2042 1347 1528 1347 2192 2192 1347 1993 2192 1993 3366 3366 1993 3215 3366 3215 4547 4547 3215 3033 4547 3033 4075 12217 13264 13212 13212 13264 13485 13212 13485 14790 14790 13485 14838 14790 14838 15102 15102 15401 14790 14790 15401 14448 14790 14448 13055 13055 14448 12913 13055 12913 11693 11693 12913 11623 11693 11623 10423 10423 11623 10387 10423 10387 9214 9214 10387 9201 9214 9201 7856 7856 9201 7852 7856 7852 6597 6597 7852 6590 6597 6590 5553 5553 6590 5397 5553 5397 4360 4360 5397 4315 4360 4315 3155 3155 4315 3032 3155 3032 1905 1905 3032 1617 1905 1617 1046 1046 1617 900 1046 900 1738 1738 900 798 1738 798 1153 15102 15456 15401 15401 15456 15506 15401 15506 15205 15205 15506 15251 15205 15251 15008 15008 13671 15205 15205 13671 14840 15205 14840 15315 15315 14840 15170 15315 15170 14261 14261 15170 14070 14261 14070 12814 12814 14070 12742 12814 12742 11560 11560 12742 11528 11560 11528 10366 10366 11528 10353 10366 10353 9193 9193 10353 9190 9193 9190 7847 7847 9190 7844 7847 7844 6578 6578 7844 6565 6578 6565 5367 5367 6565 5325 5367 5325 4239 4239 5325 4016 4239 4016 2915 2915 4016 2673 2915 2673 1342 1342 2673 2592 1342 2592 1241 15008 13690 13671 13671 13690 13556 13671 13556 12438 12438 13556 12455 12438 12455 12158 12158 11164 12438 12438 11164 12367 12438 12367 13593 13593 12367 13352 13593 13352 14624 14624 13352 14353 14624 14353 14870 14870 14353 14691 14870 14691 13942 13942 14691 13874 13942 13874 12697 12697 13874 12678 12697 12678 11508 11508 12678 11509 11508 11509 10350 10350 11509 10361 10350 10361 9194 9194 10361 9202 9194 9202 7842 7842 9202 7840 7842 7840 6539 6539 7840 6515 6539 6515 5271 5271 6515 5217 5271 5217 3929 3929 5217 5148 3929 5148 4152 12158 11182 11164 11164 11182 10910 11164 10910 9886 9886 10910 9896 9886 9896 9543 9543 8524 9886 9886 8524 9856 9886 9856 11103 11103 9856 11051 11103 11051 12274 12274 11051 12060 12274 12060 13233 13233 12060 13118 13233 13118 14215 14215 13118 14108 14215 14108 14559 14559 14108 14453 14559 14453 13844 13844 14453 13848 13844 13848 12680 12680 13848 12701 12680 12701 11527 11527 12701 11556 11527 11556 10375 10375 11556 10409 10375 10409 9215 9215 10409 9231 9215 9231 7838 7838 9231 7836 7838 7836 6485 6485 7836 7826 6485 7826 6805 9543 8526 8524 8524 8526 8259 8524 8259 7080 7080 8259 7075 7080 7075 6741 6741 5792 7080 7080 5792 7104 7080 7104 8520 8520 7104 8514 8520 8514 9831 9831 8514 9804 9831 9804 11005 11005 9804 10966 11005 10966 11998 11998 10966 11957 11998 11957 13053 13053 11957 13024 13053 13024 14066 14066 13024 14079 14066 14079 14484 14484 14079 14598 14484 14598 13883 13883 14598 13955 13883 13955 12745 12745 13955 12815 12745 12815 11613 11613 12815 11689 11613 11689 10453 10453 11689 10496 10453 10496 9249 9249 10496 10550 9249 10550 9632 6741 5777 5792 5792 5777 5489 5792 5489 4473 4473 5489 4450 4473 4450 4074 4074 3092 4473 4473 3092 4568 4473 4568 5844 5844 4568 5899 5844 5899 7126 7126 5899 7144 7126 7144 8508 8508 7144 8511 8508 8511 9789 9789 8511 9779 9789 9779 10947 10947 9779 10799 10947 10799 11943 11943 10799 11949 11943 11949 13035 13035 11949 13073 13035 13073 14139 14139 13073 14247 14139 14247 14734 14734 14247 14911 14734 14911 14084 14084 14911 14277 14084 14277 12915 12915 14277 13057 12915 13057 11768 11768 13057 13237 11768 13237 12245 4074 3040 3092 3092 3040 2798 3092 2798 1483 1483 2798 1435 1483 1435 1152 1152 858 1483 1483 858 1850 1483 1850 3254 3254 1850 3400 3254 3400 4660 4660 3400 4731 4660 4731 5950 5950 4731 5988 5950 5988 7161 7161 5988 7173 7161 7173 8517 8517 7173 8522 8517 8522 9775 9775 8522 9781 9775 9781 10943 10943 9781 10960 10943 10960 11977 11977 10960 12019 11977 12019 13149 13149 12019 13271 13149 13271 14380 14380 13271 14662 14380 14662 15210 15210 14662 15358 15210 15358 14520 14520 15358 15454 14520 15454 15101 1152 800 858 858 800 716 858 716 1045 1045 716 1003 1045 1003 1240 1240 2608 1045 1045 2608 1411 1045 1411 948 948 1411 1092 948 1092 2030 2030 1092 2232 2030 2232 3504 3504 2232 3573 3504 3573 4788 4788 3573 4824 4788 4824 6012 6012 4824 6025 6012 6025 7183 7183 6025 7186 7183 7186 8525 8525 7186 8529 8525 8529 9792 9792 8529 9805 9792 9805 10990 10990 9805 11030 10990 11030 12094 12094 11030 12314 12094 12314 13384 13384 12314 13621 13384 13621 14936 14936 13621 13699 14936 13699 15007 1240 2590 2608 2608 2590 2722 2608 2722 3872 3872 2722 3859 3872 3859 4151 4151 5160 3872 3872 5160 3938 3872 3938 2686 2686 3938 2925 2686 2925 1641 1641 2925 1921 1641 1921 1396 1396 1921 1579 1396 1579 2364 2364 1579 2432 2364 2432 3618 3618 2432 3640 3618 3640 4842 4842 3640 4841 4842 4841 6026 6026 4841 6017 6026 6017 7182 7182 6017 7172 7182 7172 8531 8531 7172 8533 8531 8533 9832 9832 8533 9859 9832 9859 11082 11082 9859 11139 11082 11139 12402 12402 11139 11208 12402 11208 12139 4151 5138 5160 5160 5138 5420 5160 5420 6455 6455 5420 6442 6455 6442 6804 6804 7819 6455 6455 7819 6482 6455 6482 5220 5220 6482 5272 5220 5272 4023 4023 5272 4243 4023 4243 3042 3042 4243 3159 3042 3159 2058 2058 3159 2165 2058 2165 1721 1721 2165 1826 1721 1826 2465 2465 1826 2459 2465 2459 3636 3636 2459 3615 3636 3615 4826 4826 3615 4794 4826 4794 6001 6001 4794 5963 6001 5963 7160 7160 5963 7145 7160 7145 8535 8535 7145 8537 8535 8537 9888 9888 8537 8547 9888 8547 9524 6804 7816 7819 7819 7816 8113 7819 8113 9262 9262 8113 9267 9262 9267 9631 9631 10530 9262 9262 10530 9239 9262 9239 7822 7822 9239 7829 7822 7829 6510 6510 7829 6536 6510 6536 5320 5320 6536 5361 5320 5361 4310 4310 5361 4352 4310 4352 3225 3225 4352 3255 3225 3255 2214 2214 3255 2205 2214 2205 1804 1804 2205 1677 1804 1677 2425 2425 1677 2351 2425 2351 3571 3571 2351 3502 3571 3502 4739 4739 3502 4664 4739 4664 5922 5922 4664 5860 5922 5860 7125 7125 5860 5803 7125 5803 6720 9631 10545 10530 10530 10545 10834 10530 10834 11835 11835 10834 11857 11835 11857 12216 12216 13179 11835 11835 13179 11747 11835 11747 10482 10482 11747 10434 10482 10434 9218 9218 10434 9200 9218 9200 7834 7834 9200 7833 7834 7833 6550 6550 7833 6560 6550 6560 5381 5381 6560 5391 5381 5391 4364 4364 5391 4357 4364 4357 3243 3243 4357 3203 3243 3203 2136 2136 3203 2024 2136 2024 1532 1532 2024 1350 1532 1350 2216 2216 1350 2014 2216 2014 3397 3397 2014 3249 3397 3249 4577 4577 3249 3069 4577 3069 4073 12216 13231 13179 13179 13231 13462 13179 13462 14773 14773 13462 14817 14773 14817 15100 15100 15399 14773 14773 15399 14411 14773 14411 13022 13022 14411 12886 13022 12886 11662 11662 12886 11592 11662 11592 10392 10392 11592 10358 10392 10358 9183 9183 10358 9172 9183 9172 7828 7828 9172 7823 7828 7823 6564 6564 7823 6558 6564 6558 5385 5385 6558 5366 5385 5366 4330 4330 5366 4285 4330 4285 3125 3125 4285 3002 3125 3002 1894 1894 3002 1597 1894 1597 1048 1048 1597 902 1048 902 1785 1785 902 802 1785 802 1151 15100 15452 15399 15399 15452 15504 15399 15504 15226 15226 15504 15258 15226 15258 15006 15006 13682 15226 15226 13682 14876 15226 14876 15313 15313 14876 15166 15313 15166 14238 14238 15166 14046 14238 14046 12791 12791 14046 12722 12791 12722 11537 11537 12722 11500 11537 11500 10336 10336 11500 10323 10336 10323 9163 9163 10323 9160 9163 9160 7818 7818 9160 7814 7818 7814 6547 6547 7814 6535 6547 6535 5336 5336 6535 5294 5336 5294 4210 4210 5294 3984 4210 3984 2896 2896 3984 2659 2896 2659 1321 1321 2659 2582 1321 2582 1239 15006 13701 13682 13682 13701 13554 13682 13554 12457 12457 13554 12469 12457 12469 12157 12157 11201 12457 12457 11201 12393 12457 12393 13608 13608 12393 13374 13608 13374 14634 14634 13374 14366 14634 14366 14866 14866 14366 14685 14866 14685 13927 13927 14685 13862 13927 13862 12679 12679 13862 12659 12679 12659 11485 11485 12659 11486 11485 11486 10322 10322 11486 10332 10322 10332 9164 9164 10332 9171 9164 9171 7812 7812 9171 7810 7812 7810 6509 6509 7810 6481 6509 6481 5242 5242 6481 5184 5242 5184 3908 3908 5184 5115 3908 5115 4150 12157 11219 11201 11201 11219 10908 11201 10908 9917 9917 10908 9927 9917 9927 9542 9542 8556 9917 9917 8556 9891 9917 9891 11137 11137 9891 11081 11137 11081 12307 12307 11081 12089 12307 12089 13260 13260 12089 13145 13260 13145 14233 14233 13145 14129 14233 14129 14552 14552 14129 14446 14552 14446 13828 13828 14446 13834 13828 13834 12661 12661 13834 12682 12661 12682 11498 11498 12682 11531 11498 11531 10346 10346 11531 10378 10346 10378 9185 9185 10378 9198 9185 9198 7808 7808 9198 7806 7808 7806 6452 6452 7806 7794 6452 7794 6832 9542 8557 8556 8556 8557 8257 8556 8257 7115 7115 8257 7105 7115 7105 6719 6719 5825 7115 7115 5825 7135 7115 7135 8552 8552 7135 8545 8552 8545 9863 9863 8545 9836 9863 9836 11035 11035 9836 10997 11035 10997 12025 12025 10997 11985 12025 11985 13080 13080 11985 13049 13080 13049 14081 14081 13049 14093 14081 14093 14473 14473 14093 14592 14473 14592 13867 13867 14592 13938 13867 13938 12725 12725 13938 12792 12725 12792 11583 11583 12792 11658 11583 11658 10418 10418 11658 10465 10418 10465 9219 9219 10465 10518 9219 10518 9630 6719 5810 5825 5825 5810 5525 5825 5525 4508 4508 5525 4486 4508 4486 4072 4072 3128 4508 4508 3128 4603 4508 4603 5875 5875 4603 5941 5875 5941 7156 7156 5941 7175 7156 7175 8540 8540 7175 8539 8540 8539 9819 9819 8539 9810 9819 9810 10976 10976 9810 10964 10976 10964 11972 11972 10964 11980 11972 11980 13062 13062 11980 13103 13062 13103 14156 14156 13103 14265 14156 14265 14730 14730 14265 14908 14730 14908 14062 14062 14908 14256 14062 14256 12887 12887 14256 13029 12887 13029 11739 11739 13029 13202 11739 13202 12244 4072 3076 3128 3128 3076 2796 3128 2796 1500 1500 2796 1454 1500 1454 1150 1150 860 1500 1500 860 1882 1500 1882 3289 3289 1882 3426 3289 3426 4688 4688 3426 4760 4688 4760 5983 5983 4760 6018 5983 6018 7193 7193 6018 7201 7193 7201 8544 8544 7201 8550 8544 8550 9806 9806 8550 9811 9806 9811 10971 10971 9811 10991 10971 10991 12006 12006 10991 12048 12006 12048 13177 13177 12048 13301 13177 13301 14391 14391 13301 14686 14391 14686 15208 15208 14686 15356 15208 15356 14451 14451 15356 15450 14451 15450 15099 1150 804 860 860 804 714 860 714 1022 1022 714 996 1022 996 1238 1238 2597 1022 1022 2597 1368 1022 1368 950 950 1368 1095 950 1095 2055 2055 1095 2255 2055 2255 3527 3527 2255 3594 3527 3594 4816 4816 3594 4850 4816 4850 6043 6043 4850 6055 6043 6055 7213 7213 6055 7216 7213 7216 8555 8555 7216 8560 8555 8560 9823 9823 8560 9835 9823 9835 11018 11018 9835 11063 11018 11063 12124 12124 11063 12345 12124 12345 13403 13403 12345 13634 13403 13634 14946 14946 13634 13713 14946 13713 15005 1238 2580 2597 2597 2580 2720 2597 2720 3858 3858 2720 3842 3858 3842 4149 4149 5125 3858 3858 5125 3915 3858 3915 2670 2670 3915 2907 2670 2907 1630 1630 2907 1909 1630 1909 1410 1410 1909 1585 1410 1585 2380 2380 1585 2446 2380 2446 3637 3637 2446 3656 3637 3656 4864 4864 3656 4863 4864 4863 6057 6057 4863 6047 6057 6047 7212 7212 6047 7202 7212 7202 8562 8562 7202 8564 8562 8564 9865 9865 8564 9892 9865 9892 11114 11114 9892 11172 11114 11172 12421 12421 11172 11242 12421 11242 12138 4149 5109 5125 5125 5109 5418 5125 5418 6423 6423 5418 6411 6423 6411 6803 6803 7788 6423 6423 7788 6449 6423 6449 5187 5187 6449 5243 5187 5243 3990 3990 5243 4212 3990 4212 3016 3016 4212 3129 3016 3129 2041 2041 3129 2145 2041 2145 1725 1725 2145 1831 1725 1831 2479 2479 1831 2474 2479 2474 3654 3654 2474 3634 3654 3634 4852 4852 3634 4822 4852 4822 6032 6032 4822 5999 6032 5999 7191 7191 5999 7176 7191 7176 8566 8566 7176 8568 8566 8568 9918 9918 8568 8580 9918 8580 9523 6803 7785 7788 7788 7785 8111 7788 8111 9228 9228 8111 9237 9228 9237 9629 9629 10497 9228 9228 10497 9209 9228 9209 7792 7792 9209 7798 7792 7798 6477 6477 7798 6504 6477 6504 5287 5287 6504 5329 5287 5329 4278 4278 5329 4320 4278 4320 3197 3197 4320 3229 3197 3229 2197 2197 3229 2183 2197 2183 1813 1813 2183 1682 1813 1682 2441 2441 1682 2367 2441 2367 3591 3591 2367 3526 3591 3526 4770 4770 3526 4698 4770 4698 5954 5954 4698 5898 5954 5898 7157 7157 5898 5835 7157 5835 6718 9629 10512 10497 10497 10512 10813 10497 10813 11800 11800 10813 11823 11800 11823 12243 12243 13144 11800 11800 13144 11718 11800 11718 10451 10451 11718 10401 10451 10401 9188 9188 10401 9169 9188 9169 7803 7803 9169 7804 7803 7804 6522 6522 7804 6530 6522 6530 5352 5352 6530 5362 5352 5362 4336 4336 5362 4328 4336 4328 3218 3218 4328 3172 3218 3172 2118 2118 3172 2007 2118 2007 1537 1537 2007 1355 1537 1355 2241 2241 1355 2036 2241 2036 3425 3425 2036 3284 3425 3284 4614 4614 3284 3104 4614 3104 4071 12243 13192 13144 13144 13192 13460 13144 13460 14745 14745 13460 14803 14745 14803 15098 15098 15397 14745 14745 15397 14388 14745 14388 12989 12989 14388 12861 12989 12861 11630 11630 12861 11562 11630 11562 10363 10363 11562 10330 10363 10330 9154 9154 10330 9145 9154 9145 7800 7800 9145 7793 7800 7793 6534 6534 7793 6529 6534 6529 5355 5355 6529 5335 5355 5335 4297 4297 5335 4255 4297 4255 3096 3096 4255 2976 3096 2976 1884 1884 2976 1565 1884 1565 1053 1053 1565 904 1053 904 1846 1846 904 806 1846 806 1149 15098 15448 15397 15397 15448 15502 15397 15502 15239 15239 15502 15264 15239 15264 15004 15004 13694 15239 15239 13694 14904 15239 14904 15309 15309 14904 15161 15309 15161 14214 14214 15161 14025 14214 14025 12767 12767 14025 12700 12767 12700 11507 11507 12700 11477 11507 11477 10305 10305 11477 10292 10305 10292 9134 9134 10292 9130 9134 9130 7789 7789 9130 7784 7789 7784 6519 6519 7784 6506 6519 6506 5307 5307 6506 5262 5307 5262 4040 4040 5262 3956 4040 3956 2878 2878 3956 2645 2878 2645 1311 1311 2645 2566 1311 2566 1237 15004 13716 13694 13694 13716 13552 13694 13552 12471 12471 13552 12484 12471 12484 12137 12137 11232 12471 12471 11232 12413 12471 12413 13622 13622 12413 13392 13622 13392 14649 14649 13392 14377 14649 14377 14854 14854 14377 14681 14854 14681 13911 13911 14681 13845 13911 13845 12660 12660 13845 12643 12660 12643 11464 11464 12643 11465 11464 11465 10290 10290 11465 10301 10290 10301 9135 9135 10301 9144 9135 9144 7782 7782 9144 7780 7782 7780 6473 6473 7780 6448 6473 6448 5211 5211 6448 5153 5211 5153 3890 3890 5153 5088 3890 5088 4148 12137 11246 11232 11232 11246 10906 11232 10906 9947 9947 10906 9958 9947 9958 9541 9541 8587 9947 9947 8587 9919 9947 9919 11169 11169 9919 11113 11169 11113 12338 12338 11113 12121 12338 12121 13287 13287 12121 13174 13287 13174 14246 14246 13174 14148 14246 14148 14545 14545 14148 14441 14545 14441 13815 13815 14441 13818 13815 13818 12645 12645 13818 12663 12645 12663 11475 11475 12663 11501 11475 11501 10317 10317 11501 10349 10317 10349 9155 9155 10349 9168 9155 9168 7778 7778 9168 7776 7778 7776 6421 6421 7776 7763 6421 7763 6831 9541 8590 8587 8587 8590 8255 8587 8255 7147 7147 8255 7137 7147 7137 6717 6717 5858 7147 7147 5858 7166 7147 7166 8582 8582 7166 8576 8582 8576 9894 9894 8576 9871 9894 9871 11068 11068 9871 11027 11068 11027 12055 12055 11027 12017 12055 12017 13109 13109 12017 13076 13109 13076 14099 14099 13076 14109 14099 14109 14466 14466 14109 14588 14466 14588 13852 13852 14588 13922 13852 13922 12703 12703 13922 12768 12703 12768 11554 11554 12768 11624 11554 11624 10388 10388 11624 10433 10388 10433 9187 9187 10433 10487 9187 10487 9628 6717 5842 5858 5858 5842 5523 5858 5523 4543 4543 5523 4519 4543 4519 4070 4070 3163 4543 4543 3163 4635 4543 4635 5923 5923 4635 5975 5923 5975 7188 7188 5975 7207 7188 7207 8571 8571 7207 8570 8571 8570 9849 9849 8570 9841 9849 9841 11006 11006 9841 10996 11006 10996 11999 11999 10996 12008 11999 12008 13088 13088 12008 13132 13088 13132 14174 14174 13132 14281 14174 14281 14727 14727 14281 14906 14727 14906 14038 14038 14906 14234 14038 14234 12862 12862 14234 12996 12862 12996 11707 11707 12996 13165 11707 13165 12242 4070 3114 3163 3163 3114 2794 3163 2794 1539 1539 2794 1471 1539 1471 1148 1148 862 1539 1539 862 1898 1539 1898 3320 3320 1898 3454 3320 3454 4724 4724 3454 4789 4724 4789 6015 6015 4789 6049 6015 6049 7222 7222 6049 7232 7222 7232 8574 8574 7232 8579 8574 8579 9837 9837 8579 9843 9837 9843 11003 11003 9843 11022 11003 11022 12037 12037 11022 12078 12037 12078 13208 13208 12078 13325 13208 13325 14404 14404 13325 14724 14404 14724 15206 15206 14724 15354 15206 15354 14414 14414 15354 15446 14414 15446 15097 1148 808 862 862 808 712 862 712 1016 1016 712 990 1016 990 1236 1236 2587 1016 1016 2587 1349 1016 1349 952 952 1349 1100 952 1100 2082 2082 1100 2276 2082 2276 3548 3548 2276 3616 3548 3616 4843 4843 3616 4872 4843 4872 6073 6073 4872 6083 6073 6083 7242 7242 6083 7247 7242 7247 8586 8586 7247 8589 8586 8589 9851 9851 8589 9869 9851 9869 11046 11046 9869 11094 11046 11094 12289 12289 11094 12373 12289 12373 13420 13420 12373 13649 13420 13649 14953 14953 13649 13732 14953 13732 15003 1236 2564 2587 2587 2564 2718 2587 2718 3841 3841 2718 3826 3841 3826 4147 4147 5100 3841 3841 5100 3898 3841 3898 2658 2658 3898 2888 2658 2888 1611 1611 2888 1900 1611 1900 1416 1416 1900 1591 1416 1591 2396 2396 1591 2464 2396 2464 3655 3655 2464 3672 3655 3672 4886 4886 3672 4885 4886 4885 6086 6086 4885 6076 6086 6076 7241 7241 6076 7233 7241 7233 8593 8593 7233 8595 8593 8595 9898 9898 8595 9923 9898 9923 11145 11145 9923 11207 11145 11207 12440 12440 11207 11266 12440 11266 12136 4147 5085 5100 5100 5085 5416 5100 5416 6391 6391 5416 6378 6391 6378 6802 6802 7756 6391 6391 7756 6420 6391 6420 5156 5156 6420 5212 5156 5212 3962 3962 5212 4044 3962 4044 2985 2985 4044 3098 2985 3098 2025 2025 3098 2129 2025 2129 1731 1731 2129 1838 1731 1838 2493 2493 1838 2491 2493 2491 3670 3670 2491 3652 3670 3652 4873 4873 3652 4848 4873 4848 6060 6060 4848 6030 6060 6030 7221 7221 6030 7208 7221 7208 8597 8597 7208 8608 8597 8608 9948 9948 8608 8619 9948 8619 9522 6802 7753 7756 7756 7753 8109 7756 8109 9197 9197 8109 9206 9197 9206 9627 9627 10466 9197 9197 10466 9178 9197 9178 7760 7760 9178 7768 7760 7768 6446 6446 7768 6467 6446 6467 5255 5255 6467 5298 5255 5298 4250 4250 5298 4288 4250 4288 3168 3168 4288 3202 3168 3202 2177 2177 3202 2166 2177 2166 1822 1822 2166 1685 1822 1685 2454 2454 1685 2385 2454 2385 3613 3613 2385 3547 3613 3547 4796 4796 3547 4730 4796 4730 5989 5989 4730 5943 5989 5943 7189 7189 5943 5868 7189 5868 6716 9627 10480 10466 10466 10480 10811 10466 10811 11769 11769 10811 11791 11769 11791 12241 12241 13112 11769 11769 13112 11686 11769 11686 10416 10416 11686 10371 10416 10371 9158 9158 10371 9139 9158 9139 7772 7772 9139 7774 7772 7774 6490 6490 7774 6499 6490 6499 5319 5319 6499 5330 5319 5330 4305 4305 5330 4295 4305 4295 3193 3193 4295 3146 3193 3146 2100 2100 3146 1994 2100 1994 1543 1543 1994 1359 1543 1359 2262 2262 1359 2061 2262 2061 3453 3453 2061 3318 3453 3318 4647 4647 3318 3141 4647 3141 4069 12241 13154 13112 13112 13154 13458 13112 13458 14707 14707 13458 14784 14707 14784 15096 15096 15395 14707 14707 15395 14375 14707 14375 12960 12960 14375 12836 12960 12836 11597 11597 12836 11536 11597 11536 10333 10333 11536 10298 10333 10298 9124 9124 10298 9116 9124 9116 7771 7771 9116 7767 7771 7767 6505 6505 7767 6496 6505 6496 5322 5322 6496 5303 5322 5303 4267 4267 5303 4223 4267 4223 3065 3065 4223 2952 3065 2952 1864 1864 2952 1533 1864 1533 1057 1057 1533 906 1057 906 1878 1878 906 810 1878 810 1147 15096 15444 15395 15395 15444 15500 15395 15500 15245 15245 15500 15271 15245 15271 15002 15002 13705 15245 15245 13705 14927 15245 14927 15305 15305 14927 15157 15305 15157 14188 14188 15157 14005 14188 14005 12747 12747 14005 12681 12747 12681 11484 11484 12681 11456 11484 11456 10275 10275 11456 10264 10275 10264 9106 9106 10264 9100 9106 9100 7759 7759 9100 7755 7759 7755 6487 6487 7755 6469 6487 6469 5276 5276 6469 5230 5276 5230 4010 4010 5230 3934 4010 3934 2856 2856 3934 2631 2856 2631 1303 1303 2631 2548 1303 2548 1235 15002 13737 13705 13705 13737 13550 13705 13550 12486 12486 13550 12498 12486 12498 12135 12135 11260 12486 12486 11260 12431 12486 12431 13637 13637 12431 13410 13637 13410 14666 14666 13410 14385 14666 14385 14845 14845 14385 14677 14845 14677 13894 13894 14677 13829 13894 13829 12644 12644 13829 12627 12644 12627 11440 11440 12627 11441 11440 11441 10263 10263 11441 10271 10263 10271 9105 9105 10271 9114 9105 9114 7751 7751 9114 7742 7751 7742 6445 6445 7742 6418 6445 6418 5180 5180 6418 5118 5180 5118 3870 3870 5118 5070 3870 5070 4146 12135 11272 11260 11260 11272 10904 11260 10904 9979 9979 10904 9991 9979 9991 9540 9540 8627 9979 9979 8627 9950 9979 9950 11204 11204 9950 11144 11204 11144 12366 12366 11144 12287 12366 12287 13314 13314 12287 13206 13314 13206 14263 14263 13206 14163 14263 14163 14539 14539 14163 14435 14539 14435 13799 13799 14435 13800 13799 13800 12630 12630 13800 12648 12630 12648 11455 11455 12648 11480 11455 11480 10288 10288 11480 10320 10288 10320 9125 9125 10320 9138 9125 9138 7740 7740 9138 7734 7740 7734 6389 6389 7734 7723 6389 7723 6830 9540 8628 8627 8627 8628 8253 8627 8253 7179 7179 8253 7169 7179 7169 6715 6715 5894 7179 7179 5894 7198 7179 7198 8622 8622 7198 8615 8622 8615 9924 9924 8615 9904 9924 9904 11098 11098 9904 11060 11098 11060 12082 12082 11060 12045 12082 12045 13138 13138 12045 13104 13138 13104 14115 14115 13104 14128 14115 14128 14449 14449 14128 14581 14449 14581 13838 13838 14581 13905 13838 13905 12684 12684 13905 12748 12684 12748 11530 11530 12748 11591 11530 11591 10357 10357 11591 10400 10357 10400 9157 9157 10400 10457 9157 10457 9626 6715 5876 5894 5894 5876 5521 5894 5521 4578 4578 5521 4554 4578 4554 4068 4068 3199 4578 4578 3199 4667 4578 4667 5956 5956 4667 6007 5956 6007 7218 7218 6007 7238 7218 7238 8611 8611 7238 8606 8611 8606 9882 9882 8606 9873 9882 9873 11036 11036 9873 11025 11036 11025 12029 12029 11025 12039 12029 12039 13114 13114 12039 13157 13114 13157 14190 14190 13157 14293 14190 14293 14723 14723 14293 14903 14723 14903 14019 14019 14903 14207 14019 14207 12837 12837 14207 12962 12837 12962 11675 11675 12962 13129 11675 13129 12240 4068 3151 3199 3199 3151 2792 3199 2792 1586 1586 2792 1489 1586 1489 1146 1146 864 1586 1586 864 1912 1586 1912 3350 3350 1912 3482 3350 3482 4755 4755 3482 4818 4755 4818 6045 6045 4818 6079 6045 6079 7253 7253 6079 7262 7253 7262 8610 8610 7262 8614 8610 8614 9868 9868 8614 9875 9868 9875 11033 11033 9875 11053 11033 11053 12066 12066 11053 12108 12066 12108 13240 13240 12108 13346 13240 13346 14428 14428 13346 14747 14428 14747 15203 15203 14747 15350 15203 15350 14389 14389 15350 15442 14389 15442 15095 1146 812 864 864 812 710 864 710 1008 1008 710 983 1008 983 1234 1234 2577 1008 1008 2577 1324 1008 1324 954 954 1324 1105 954 1105 2107 2107 1105 2296 2107 2296 3569 3569 2296 3635 3569 3635 4867 4867 3635 4893 4867 4893 6102 6102 4893 6113 6102 6113 7272 7272 6113 7277 7272 7277 8621 8621 7277 8626 8621 8626 9885 9885 8626 9903 9885 9903 11079 11079 9903 11127 11079 11127 12319 12319 11127 12397 12319 12397 13441 13441 12397 13662 13441 13662 14960 14960 13662 13761 14960 13761 15001 1234 2545 2577 2577 2545 2716 2577 2716 3825 3825 2716 3813 3825 3813 4145 4145 5077 3825 3825 5077 3880 3825 3880 2642 2642 3880 2869 2642 2869 1592 1592 2869 1887 1592 1887 1421 1421 1887 1598 1421 1598 2416 2416 1598 2476 2416 2476 3671 3671 2476 3687 3671 3687 4909 4909 3687 4908 4909 4908 6114 6114 4908 6106 6114 6106 7273 7273 6106 7264 7273 7264 8632 8632 7264 8634 8632 8634 9925 9925 8634 9951 9925 9951 11176 11176 9951 11238 11176 11238 12459 12459 11238 11285 12459 11285 12134 4145 5065 5077 5077 5065 5414 5077 5414 6359 6359 5414 6346 6359 6346 6801 6801 7718 6359 6359 7718 6388 6359 6388 5122 5122 6388 5181 5122 5181 3940 3940 5181 4011 3940 4011 2963 2963 4011 3068 2963 3068 2008 2008 3068 2111 2008 2111 1737 1737 2111 1845 1737 1845 2509 2509 1845 2506 2509 2506 3684 3684 2506 3667 3684 3667 4896 4896 3667 4870 4896 4870 6089 6089 4870 6059 6089 6059 7254 7254 6059 7239 7254 7239 8636 8636 7239 8643 8636 8643 9981 9981 8643 8652 9981 8652 9521 6801 7716 7718 7718 7716 8107 7718 8107 9166 9166 8107 9173 9166 9173 9625 9625 10435 9166 9166 10435 9148 9166 9148 7722 7722 9148 7729 7722 7729 6415 6415 7729 6436 6415 6436 5226 5226 6436 5266 5226 5266 4219 4219 5266 4258 4219 4258 3137 3137 4258 3170 3137 3170 2157 2157 3170 2146 2157 2146 1829 1829 2146 1700 1829 1700 2470 2470 1700 2402 2470 2402 3633 3633 2402 3568 3633 3568 4823 4823 3568 4762 4823 4762 6022 6022 4762 5976 6022 5976 7220 7220 5976 5919 7220 5919 6714 9625 10449 10435 10435 10449 10809 10435 10809 11738 11738 10809 11757 11738 11757 12239 12239 13074 11738 11738 13074 11654 11738 11654 10385 10385 11654 10341 10385 10341 9128 9128 10341 9111 9128 9111 7733 7733 9111 7738 7733 7738 6458 6458 7738 6465 6458 6465 5286 5286 6465 5300 5286 5300 4277 4277 5300 4265 4277 4265 3162 3162 4265 3118 3162 3118 2084 2084 3118 1981 2084 1981 1548 1548 1981 1365 1548 1365 2281 2281 1365 2087 2281 2087 3483 3483 2087 3349 3483 3349 4677 4677 3349 3177 4677 3177 4067 12239 13123 13074 13074 13123 13456 13074 13456 14664 14664 13456 14767 14664 14767 15094 15094 15393 14664 14664 15393 14360 14664 14360 12929 12929 14360 12812 12929 12812 11566 11566 12812 11504 11566 11504 10303 10303 11504 10269 10303 10269 9095 9095 10269 9086 9095 9086 7735 7735 9086 7730 7735 7730 6470 6470 7730 6463 6470 6463 5293 5293 6463 5275 5293 5275 4238 4238 5275 4054 4238 4054 3036 3036 4054 2932 3036 2932 1834 1834 2932 1505 1834 1505 1059 1059 1505 910 1059 910 1897 1897 910 814 1897 814 1145 15094 15440 15393 15393 15440 15498 15393 15498 15253 15253 15498 15279 15253 15279 15000 15000 13725 15253 15253 13725 14942 15253 14942 15303 15303 14942 15153 15303 15153 14160 14160 15153 13987 14160 13987 12727 12727 13987 12662 12727 12662 11461 11461 12662 11432 11461 11432 10248 10248 11432 10237 10248 10237 9076 9076 10237 9071 9076 9071 7725 7725 9071 7719 7725 7719 6456 6456 7719 6437 6456 6437 5245 5245 6437 5200 5245 5200 3979 3979 5200 3911 3979 3911 2700 2700 3911 2616 2700 2616 1295 1295 2616 2529 1295 2529 1233 15000 13765 13725 13725 13765 13548 13725 13548 12500 12500 13548 12510 12500 12510 12133 12133 11280 12500 12500 11280 12449 12500 12449 13652 13652 12449 13429 13652 13429 14692 14692 13429 14398 14692 14398 14841 14841 14398 14671 14841 14671 13878 13878 14671 13816 13878 13816 12628 12628 13816 12614 12628 12614 11421 11421 12614 11422 11421 11422 10234 10234 11422 10245 10234 10245 9075 9075 10245 9085 9075 9085 7714 7714 9085 7712 7714 7712 6414 6414 7712 6387 6414 6387 5146 5146 6387 5095 5146 5095 3855 3855 5095 5052 3855 5052 4144 12133 11290 11280 11280 11290 10902 11280 10902 10012 10012 10902 10025 10012 10025 9539 9539 8658 10012 10012 8658 9983 10012 9983 11236 11236 9983 11175 11236 11175 12391 12391 11175 12317 12391 12317 13339 13339 12317 13235 13339 13235 14278 14278 13235 14180 14278 14180 14534 14534 14180 14430 14534 14430 13785 13785 14430 13789 13785 13789 12617 12617 13789 12632 12617 12632 11431 11431 12632 11459 11431 11459 10258 10258 11459 10287 10258 10287 9094 9094 10287 9108 9094 9108 7710 7710 9108 7699 7710 7699 6358 6358 7699 7690 6358 7690 6829 9539 8660 8658 8658 8660 8251 8658 8251 7211 7211 8251 7204 7211 7204 6713 6713 5942 7211 7211 5942 7229 7211 7229 8654 8654 7229 8647 8654 8647 9954 9954 8647 9934 9954 9934 11130 11130 9934 11089 11130 11089 12111 12111 11089 12075 12111 12075 13164 13164 12075 13136 13164 13136 14133 14133 13136 14145 14133 14145 14443 14443 14145 14569 14443 14569 13822 13822 14569 13889 13822 13889 12664 12664 13889 12728 12664 12728 11499 11499 12728 11559 11499 11559 10328 10328 11559 10370 10328 10370 9126 9126 10370 10421 9126 10421 9624 6713 5925 5942 5942 5925 5519 5942 5519 4617 4617 5519 4588 4617 4588 4066 4066 3234 4617 4617 3234 4703 4617 4703 5992 5992 4703 6037 5992 6037 7249 7249 6037 7266 7249 7266 8642 8642 7266 8637 8642 8637 9913 9913 8637 9906 9913 9906 11069 11069 9906 11057 11069 11057 12056 12056 11057 12067 12056 12067 13142 13142 12067 13183 13142 13183 14209 14209 13183 14308 14209 14308 14718 14718 14308 14900 14718 14900 14000 14000 14900 14179 14000 14179 12811 12811 14179 12931 12811 12931 11642 11642 12931 13094 11642 13094 12238 4066 3186 3234 3234 3186 2790 3234 2790 1620 1620 2790 1511 1620 1511 1144 1144 866 1620 1620 866 1930 1620 1930 3386 3386 1930 3507 3386 3507 4784 4784 3507 4846 4784 4846 6075 6075 4846 6108 6075 6108 7283 7283 6108 7290 7283 7290 8641 8641 7290 8646 8641 8646 9901 9901 8646 9907 9901 9907 11064 11064 9907 11080 11064 11080 12090 12090 11080 12276 12090 12276 13267 13267 12276 13367 13267 13367 14461 14461 13367 14764 14461 14764 15198 15198 14764 15348 15198 15348 14376 14376 15348 15436 14376 15436 15093 1144 818 866 866 818 708 866 708 1002 1002 708 977 1002 977 1232 1232 2557 1002 1002 2557 1317 1002 1317 958 958 1317 1109 958 1109 2134 2134 1109 2315 2134 2315 3589 3589 2315 3653 3589 3653 4889 4889 3653 4916 4889 4916 6128 6128 4916 6138 6128 6138 7304 7304 6138 7309 7304 7309 8651 8651 7309 8657 8651 8657 9914 9914 8657 9933 9914 9933 11111 11111 9933 11157 11111 11157 12350 12350 11157 12417 12350 12417 13597 13597 12417 13673 13597 13673 14970 14970 13673 13781 14970 13781 14999 1232 2524 2557 2557 2524 2714 2557 2714 3812 3812 2714 3800 3812 3800 4143 4143 5060 3812 3812 5060 3865 3812 3865 2630 2630 3865 2849 2630 2849 1561 1561 2849 1872 1561 1872 1424 1424 1872 1604 1424 1604 2428 2428 1604 2492 2428 2492 3686 3686 2492 3699 3686 3699 4926 4926 3699 4925 4926 4925 6140 6140 4925 6131 6140 6131 7305 7305 6131 7293 7305 7293 8662 8662 7293 8667 8662 8667 9955 9955 8667 9982 9955 9982 11212 11212 9982 11262 11212 11262 12473 12473 11262 11303 12473 11303 12132 4143 5048 5060 5060 5048 5412 5060 5412 6329 6329 5412 6313 6329 6313 6800 6800 7686 6329 6329 7686 6356 6329 6356 5097 5097 6356 5147 5097 5147 3917 3917 5147 3981 3917 3981 2938 2938 3981 3039 2938 3039 1996 1996 3039 2093 1996 2093 1745 1745 2093 1853 1745 1853 2520 2520 1853 2517 2520 2517 3695 3695 2517 3682 3695 3682 4917 4917 3682 4891 4917 4891 6117 6117 4891 6090 6117 6090 7284 7284 6090 7271 7284 7271 8669 8669 7271 8679 8669 8679 10013 10013 8679 8687 10013 8687 9520 6800 7683 7686 7686 7683 8105 7686 8105 9133 9133 8105 9141 9133 9141 9623 9623 10399 9133 9133 10399 9120 9133 9120 7692 7692 9120 7697 7692 7697 6382 6382 7697 6404 6382 6404 5196 5196 6404 5235 5196 5235 4051 4051 5235 4227 4051 4227 3109 3109 4227 3140 3109 3140 2142 2142 3140 2131 2142 2131 1836 1836 2131 1713 1836 1713 2487 2487 1713 2421 2487 2421 3651 3651 2421 3588 3651 3588 4851 4851 3588 4792 4851 4792 6051 6051 4792 6008 6051 6008 7251 7251 6008 5951 7251 5951 6712 9623 10413 10399 10399 10413 10807 10399 10807 11705 11705 10807 11729 11705 11729 12237 12237 13042 11705 11705 13042 11618 11705 11618 10354 10354 11618 10310 10354 10310 9097 9097 10310 9082 9097 9082 7704 7704 9082 7709 7704 7709 6427 6427 7709 6434 6427 6434 5256 5256 6434 5268 5256 5268 4247 4247 5268 4235 4247 4235 3132 3132 4235 3091 3132 3091 2063 2063 3091 1966 2063 1966 1560 1560 1966 1367 1560 1367 2302 2302 1367 2115 2302 2115 3508 3508 2115 3382 3508 3382 4710 4710 3382 3213 4710 3213 4065 12237 13084 13042 13042 13084 13454 13042 13454 14638 14638 13454 14732 14638 14732 15092 15092 15391 14638 14638 15391 14340 14638 14340 12898 12898 14340 12788 12898 12788 11541 11541 12788 11481 11541 11481 10272 10272 11481 10242 10272 10242 9065 9065 10242 9055 9065 9055 7706 7706 9055 7698 7706 7698 6439 6439 7698 6433 6439 6433 5261 5261 6433 5244 5261 5244 4211 4211 5244 4024 4211 4024 3009 3009 4024 2913 3009 2913 1797 1797 2913 1494 1797 1494 1062 1062 1494 914 1062 914 1913 1913 914 820 1913 820 1143 15092 15434 15391 15391 15434 15496 15391 15496 15257 15257 15496 15288 15257 15288 14998 14998 13747 15257 15257 13747 14949 15257 14949 15301 15301 14949 15150 15301 15150 14136 14136 15150 13971 14136 13971 12708 12708 13971 12646 12708 12646 11436 11436 12646 11415 11436 11415 10222 10222 11415 10213 10222 10213 9045 9045 10213 9039 9045 9039 7694 7694 9039 7687 7694 7687 6426 6426 7687 6405 6426 6405 5214 5214 6405 5169 5214 5169 3954 3954 5169 3893 3954 3893 2683 2683 3893 2606 2683 2606 1285 1285 2606 2507 1285 2507 1231 14998 13786 13747 13747 13786 13546 13747 13546 12512 12512 13546 12520 12512 12520 12131 12131 11297 12512 12512 11297 12464 12512 12464 13663 13663 12464 13588 13663 13588 14725 14725 13588 14418 14725 14418 14835 14835 14418 14663 14835 14663 13863 13863 14663 13798 13863 13798 12615 12615 13798 12602 12615 12602 11405 11405 12602 11406 11405 11406 10211 10211 11406 10219 10211 10219 9044 9044 10219 9054 9044 9054 7682 7682 9054 7680 7682 7680 6383 6383 7680 6357 6383 6357 5114 5114 6357 5075 5114 5075 3838 3838 5075 5038 3838 5038 4142 12131 11308 11297 11297 11308 10900 11297 10900 10043 10043 10900 10057 10043 10057 9538 9538 8691 10043 10043 8691 10015 10043 10015 11261 11261 10015 11210 11261 11210 12412 12412 11210 12348 12412 12348 13361 13361 12348 13262 13361 13262 14291 14291 13262 14198 14291 14198 14528 14528 14198 14425 14528 14425 13774 13774 14425 13776 13774 13776 12606 12606 13776 12619 12606 12619 11414 11414 12619 11434 11414 11434 10231 10231 11434 10257 10231 10257 9063 9063 10257 9077 9063 9077 7678 7678 9077 7668 7678 7668 6327 6327 7668 7657 6327 7657 6828 9538 8694 8691 8691 8694 8249 8691 8249 7245 7245 8249 7236 7245 7236 6711 6711 5977 7245 7245 5977 7259 7245 7259 8685 8685 7259 8680 8685 8680 9988 9988 8680 9965 9988 9965 11161 11161 9965 11123 11161 11123 12280 12280 11123 12103 12280 12103 13190 13190 12103 13160 13190 13160 14149 14149 13160 14161 14149 14161 14436 14436 14161 14562 14436 14562 13806 13806 14562 13870 13806 13870 12647 12647 13870 12707 12647 12707 11476 11476 12707 11532 11476 11532 10295 10295 11532 10339 10295 10339 9096 9096 10339 10389 9096 10389 9622 6711 5958 5977 5977 5958 5517 5977 5517 4648 4648 5517 4624 4648 4624 4064 4064 3267 4648 4648 3267 4737 4648 4737 6024 6024 4737 6069 6024 6069 7281 7281 6069 7296 7281 7296 8676 8676 7296 8670 8676 8670 9942 9942 8670 9936 9942 9936 11097 11097 9936 11087 11097 11087 12084 12084 11087 12095 12084 12095 13171 13171 12095 13211 13171 13211 14226 14226 13211 14322 14226 14322 14704 14704 14322 14894 14704 14894 13982 13982 14894 14154 13982 14154 12787 12787 14154 12901 12787 12901 11607 11607 12901 13058 11607 13058 12236 4064 3222 3267 3267 3222 2788 3267 2788 1640 1640 2788 1549 1640 1549 1142 1142 868 1640 1640 868 1951 1640 1951 3415 3415 1951 3530 3415 3530 4807 4807 3530 4869 4807 4869 6105 6105 4869 6134 6105 6134 7316 7316 6134 7323 7316 7323 8673 8673 7323 8678 8673 8678 9931 9931 8678 9937 9931 9937 11093 11093 9937 11112 11093 11112 12122 12122 11112 12304 12122 12304 13293 13293 12304 13385 13293 13385 14500 14500 13385 14778 14500 14778 15194 15194 14778 15344 15194 15344 14359 14359 15344 15432 14359 15432 15091 1142 822 868 868 822 706 868 706 998 998 706 965 998 965 1230 1230 2539 998 998 2539 1307 998 1307 962 962 1307 1113 962 1113 2162 2162 1113 2333 2162 2333 3610 3610 2333 3669 3610 3669 4913 4913 3669 4934 4913 4934 6152 6152 4934 6159 6152 6159 7333 7333 6159 7341 7333 7341 8683 8683 7341 8690 8683 8690 9944 9944 8690 9963 9944 9963 11140 11140 9963 11188 11140 11188 12375 12375 11188 12436 12375 12436 13613 13613 12436 13683 13613 13683 14980 14980 13683 13801 14980 13801 14997 1230 2504 2539 2539 2504 2712 2539 2712 3799 3799 2712 3790 3799 3790 4141 4141 5043 3799 3799 5043 3848 3799 3848 2615 2615 3848 2693 2615 2693 1530 1530 2693 1851 1530 1851 1428 1428 1851 1606 1428 1606 2445 2445 1606 2510 2445 2510 3698 3698 2510 3711 3698 3711 4944 4944 3711 4943 4944 4943 6160 6160 4943 6154 6160 6154 7334 7334 6154 7325 7334 7325 8693 8693 7325 8697 8693 8697 9987 9987 8697 10014 9987 10014 11241 11241 10014 11282 11241 11282 12488 12488 11282 11315 12488 11315 12130 4141 5035 5043 5043 5035 5410 5043 5410 6297 6297 5410 6285 6297 6285 6799 6799 7654 6297 6297 7654 6326 6297 6326 5076 5076 6326 5117 5076 5117 3901 3901 5117 3955 3901 3955 2919 2919 3955 3012 2919 3012 1982 1982 3012 2074 1982 2074 1756 1756 2074 1859 1756 1859 2536 2536 1859 2535 2536 2535 3707 3707 2535 3694 3707 3694 4935 4935 3694 4915 4935 4915 6142 6142 4915 6118 6142 6118 7317 7317 6118 7301 7317 7301 8699 8699 7301 8709 8699 8709 10044 10044 8709 8720 10044 8720 9519 6799 7651 7654 7654 7651 8103 7654 8103 9102 9102 8103 9109 9102 9109 9621 9621 10369 9102 9102 10369 9089 9102 9089 7660 7660 9089 7666 7660 7666 6352 6352 7666 6372 6352 6372 5165 5165 6372 5203 5165 5203 4018 4018 5203 4198 4018 4198 3083 3083 4198 3116 3083 3116 2125 2125 3116 2113 2125 2113 1844 1844 2113 1719 1844 1719 2500 2500 1719 2439 2500 2439 3668 3668 2439 3611 3668 3611 4874 4874 3611 4820 4874 4820 6082 6082 4820 6041 6082 6041 7282 7282 6041 5986 7282 5986 6710 9621 10382 10369 10369 10382 10805 10369 10805 11673 11673 10805 11697 11673 11697 12235 12235 13011 11673 11673 13011 11584 11673 11584 10324 10324 11584 10278 10324 10278 9066 9066 10278 9049 9066 9049 7672 7672 9049 7677 7672 7677 6396 6396 7677 6402 6396 6402 5228 5228 6402 5237 5228 5237 4218 4218 5237 4208 4218 4208 3103 3103 4208 3060 3103 3060 2048 2048 3060 1954 2048 1954 1570 1570 1954 1379 1570 1379 2321 2321 1379 2144 2321 2144 3531 3531 2144 3413 3531 3413 4745 4745 3413 3250 4745 3250 4063 12235 13051 13011 13011 13051 13452 13011 13452 14622 14622 13452 14687 14622 14687 15090 15090 15389 14622 14622 15389 14320 14622 14320 12871 12871 14320 12765 12871 12765 11514 11514 12765 11460 11514 11460 10244 10244 11460 10216 10244 10216 9033 9033 10216 9026 9033 9026 7674 7674 9026 7669 7674 7669 6407 6407 7669 6401 6407 6401 5231 5231 6401 5213 5231 5213 4045 4045 5213 3997 4045 3997 2983 2983 3997 2895 2983 2895 1758 1758 2895 1480 1758 1480 1065 1065 1480 916 1065 916 1931 1931 916 824 1931 824 1141 15090 15430 15389 15389 15430 15494 15389 15494 15263 15263 15494 15299 15263 15299 14996 14996 13775 15263 15263 13775 14959 15263 14959 15297 15297 14959 15146 15297 15146 14107 14107 15146 13954 14107 13954 12687 12687 13954 12629 12687 12629 11418 11418 12629 11399 11418 11399 10199 10199 11399 10192 10199 10192 9017 9017 10192 9011 9017 9011 7663 7663 9011 7659 7663 7659 6394 6394 7659 6374 6394 6374 5186 5186 6374 5135 5186 5135 3931 3931 5135 3878 3931 3878 2668 2668 3878 2596 2668 2596 1274 1274 2596 2485 1274 2485 1229 14996 13807 13775 13775 13807 13544 13775 13544 12522 12522 13544 12528 12522 12528 12129 12129 11312 12522 12522 11312 12479 12522 12479 13674 13674 12479 13601 13674 13601 14748 14748 13601 14439 14748 14439 14833 14833 14439 14657 14833 14657 13846 13846 14657 13784 13846 13784 12603 12603 13784 12591 12603 12591 11390 11390 12591 11391 11390 11391 10191 10191 11391 10197 10191 10197 9016 9016 10197 9024 9016 9024 7653 7653 9024 7648 7653 7648 6353 6353 7648 6328 6353 6328 5090 5090 6328 5057 5090 5057 3822 3822 5057 5027 3822 5027 4140 12129 11319 11312 11312 11319 10898 11312 10898 10075 10075 10898 10085 10075 10085 9537 9537 8724 10075 10075 8724 10045 10075 10045 11281 11281 10045 11239 11281 11239 12428 12428 11239 12374 12428 12374 13381 13381 12374 13289 13381 13289 14306 14306 13289 14217 14306 14217 14521 14521 14217 14417 14521 14417 13757 13757 14417 13760 13757 13760 12594 12594 13760 12607 12594 12607 11398 11398 12607 11416 11398 11416 10209 10209 11416 10230 10209 10230 9032 9032 10230 9046 9032 9046 7646 7646 9046 7635 7646 7635 6298 6298 7635 7625 6298 7625 6827 9537 8725 8724 8724 8725 8247 8724 8247 7278 7278 8247 7268 7278 7268 6709 6709 6010 7278 7278 6010 7289 7278 7289 8716 8716 7289 8711 8716 8711 10019 10019 8711 9998 10019 9998 11195 11195 9998 11153 11195 11153 12311 12311 11153 12268 12311 12268 13218 13218 12268 13186 13218 13186 14165 14165 13186 14178 14165 14178 14429 14429 14178 14551 14429 14551 13792 13792 14551 13854 13792 13854 12631 12631 13854 12686 12631 12686 11454 11454 12686 11503 11454 11503 10265 10265 11503 10307 10265 10307 9064 9064 10307 10359 9064 10359 9620 6709 5994 6010 6010 5994 5515 6010 5515 4679 4679 5515 4656 4679 4656 4062 4062 3303 4679 4679 3303 4769 4679 4769 6056 6056 4769 6099 6056 6099 7314 7314 6099 7331 7314 7331 8705 8705 7331 8701 8705 8701 9971 9971 8701 9966 9971 9966 11129 11129 9966 11120 11129 11120 12113 12113 11120 12123 12113 12123 13199 13199 12123 13244 13199 13244 14242 14242 13244 14332 14242 14332 14693 14693 14332 14878 14693 14878 13964 13964 14878 14127 13964 14127 12764 12764 14127 12873 12764 12873 11576 11576 12873 13025 11576 13025 12234 4062 3260 3303 3303 3260 2786 3303 2786 1676 1676 2786 1602 1676 1602 1140 1140 870 1676 1676 870 1972 1676 1972 3446 3446 1972 3551 3446 3551 4839 4839 3551 4890 4839 4890 6132 6132 4890 6157 6132 6157 7347 7347 6157 7354 7347 7354 8702 8702 7354 8706 8702 8706 9961 9961 8706 9967 9961 9967 11125 11125 9967 11141 11125 11141 12286 12286 11141 12331 12286 12331 13318 13318 12331 13404 13318 13404 14533 14533 13404 14791 14533 14791 15191 15191 14791 15340 15191 15340 14338 14338 15340 15428 14338 15428 15089 1140 826 870 870 826 704 870 704 992 992 704 955 992 955 1228 1228 2518 992 992 2518 1296 992 1296 964 964 1296 1117 964 1117 2191 2191 1117 2354 2191 2354 3630 3630 2354 3685 3630 3685 4931 4931 3685 4950 4931 4950 6172 6172 4950 6181 6172 6181 7363 7363 6181 7368 7363 7368 8712 8712 7368 8717 8712 8717 9973 9973 8717 9996 9973 9996 11170 11170 9996 11222 11170 11222 12400 12400 11222 12453 12400 12453 13626 13626 12453 13695 13626 13695 15129 15129 13695 13826 15129 13826 14995 1228 2480 2518 2518 2480 2710 2518 2710 3789 3789 2710 3782 3789 3782 4139 4139 5031 3789 3789 5031 3832 3789 3832 2605 2605 3832 2679 2605 2679 1506 1506 2679 1824 1506 1824 1434 1434 1824 1614 1434 1614 2463 2463 1614 2522 2463 2522 3709 3709 2522 3723 3709 3723 4957 4957 3723 4956 4957 4956 6182 6182 4956 6175 6182 6175 7364 7364 6175 7355 7364 7355 8723 8723 7355 8728 8723 8728 10018 10018 8728 10042 10018 10042 11265 11265 10042 11300 11265 11300 12501 12501 11300 11326 12501 11326 12128 4139 5024 5031 5031 5024 5408 5031 5408 6275 6275 5408 6267 6275 6267 6798 6798 7622 6275 6275 7622 6296 6275 6296 5059 5059 6296 5094 5059 5094 3883 3883 5094 3933 3883 3933 2902 2902 3933 2986 2902 2986 1968 1968 2986 2059 1968 2059 1760 1760 2059 1866 1760 1866 2550 2550 1866 2547 2550 2547 3721 3721 2547 3706 3721 3706 4951 4951 3706 4933 4951 4933 6163 6163 4933 6144 6163 6144 7348 7348 6144 7335 7348 7335 8730 8730 7335 8741 8730 8741 10074 10074 8741 8750 10074 8750 9518 6798 7620 7622 7622 7620 8101 7622 8101 9070 9070 8101 9078 9070 9078 9619 9619 10337 9070 9070 10337 9056 9070 9056 7628 7628 9056 7633 7628 7633 6322 6322 7633 6342 6322 6342 5132 5132 6342 5172 5132 5172 3987 3987 5172 4031 3987 4031 3054 3054 4031 3090 3054 3090 2109 2109 3090 2096 2109 2096 1856 1856 2096 1728 1856 1728 2515 2515 1728 2452 2515 2452 3683 3683 2452 3631 3683 3631 4897 4897 3631 4847 4897 4847 6112 6112 4847 6071 6112 6071 7318 7318 6071 6019 7318 6019 6708 9619 10351 10337 10337 10351 10803 10337 10803 11638 11638 10803 11663 11638 11663 12233 12233 12973 11638 11638 12973 11555 11638 11555 10291 10291 11555 10250 10291 10250 9034 9034 10250 9019 9034 9019 7639 7639 9019 7644 7639 7644 6366 6366 7644 6371 6366 6371 5197 5197 6371 5206 5197 5206 4050 4050 5206 4041 4050 4041 3075 3075 4041 3030 3075 3030 2033 2033 3030 1942 2033 1942 1580 1580 1942 1387 1580 1387 2342 2342 1387 2170 2342 2170 3552 3552 2170 3441 3552 3441 4777 4777 3441 3285 4777 3285 4061 12233 13016 12973 12973 13016 13450 12973 13450 14568 14568 13450 14654 14568 14654 15088 15088 15387 14568 14568 15387 14296 14568 14296 12844 12844 14296 12744 12844 12744 11487 11487 12744 11435 11487 11435 10218 10218 11435 10194 10218 10194 9003 9003 10194 8995 9003 8995 7643 7643 8995 7640 7643 7640 6376 6376 7640 6370 6376 6370 5201 5201 6370 5185 5201 5185 4014 4014 5185 3967 4014 3967 2961 2961 3967 2877 2961 2877 1729 1729 2877 1470 1729 1470 1078 1078 1470 920 1078 920 1953 1953 920 828 1953 828 1139 15088 15426 15387 15387 15426 15492 15387 15492 15267 15267 15492 15310 15267 15310 14994 14994 13793 15267 15267 13793 14966 15267 14966 15293 15293 14966 15141 15293 15141 14083 14083 15141 13933 14083 13933 12667 12667 13933 12616 12667 12616 11402 11402 12616 11385 11402 11385 10182 10182 11385 10174 10182 10174 8986 8986 10174 8981 8986 8981 7634 7634 8981 7630 7634 7630 6365 6365 7630 6344 6365 6344 5154 5154 6344 5107 5154 5107 3909 3909 5107 3861 3909 3861 2653 2653 3861 2586 2653 2586 1127 1127 2586 2460 1127 2460 1227 14994 13832 13793 13793 13832 13542 13793 13542 12530 12530 13542 12535 12530 12535 12156 12156 11323 12530 12530 11323 12493 12530 12493 13684 13684 12493 13617 13684 13617 14763 14763 13617 14479 14763 14479 14829 14829 14479 14653 14829 14653 13830 13830 14653 13770 13830 13770 12592 12592 13770 12577 12592 12577 11377 11377 12577 11378 11377 11378 10173 10173 11378 10179 10173 10179 8985 8985 10179 8994 8985 8994 7623 7623 8994 7618 7623 7618 6325 6325 7618 6299 6325 6299 5072 5072 6299 5041 5072 5041 3811 3811 5041 5014 3811 5014 4138 12156 11331 11323 11323 11331 10896 11323 10896 10095 10095 10896 10101 10095 10101 9536 9536 8754 10095 10095 8754 10076 10095 10076 11298 11298 10076 11263 11298 11263 12448 12448 11263 12398 12448 12398 13398 13398 12398 13313 13398 13313 14318 14318 13313 14231 14318 14231 14508 14508 14231 14409 14508 14409 13736 13736 14409 13743 13736 13743 12579 12579 13743 12595 12579 12595 11384 11384 12595 11400 11384 11400 10188 10188 11400 10208 10188 10208 9001 9001 10208 9015 9001 9015 7616 7616 9015 7604 7616 7604 6277 6277 7604 7595 6277 7595 6826 9536 8755 8754 8754 8755 8245 8754 8245 7310 7310 8245 7302 7310 7302 6707 6707 6042 7310 7310 6042 7324 7310 7324 8748 8748 7324 8743 8748 8743 10049 10049 8743 10029 10049 10029 11225 11225 10029 11184 11225 11184 12340 12340 11184 12298 12340 12298 13247 13247 12298 13213 13247 13213 14182 14182 13213 14194 14182 14194 14421 14421 14194 14541 14421 14541 13778 13778 14541 13839 13778 13839 12618 12618 13839 12666 12618 12666 11430 11430 12666 11479 11430 11479 10238 10238 11479 10276 10238 10276 9031 9031 10276 10326 9031 10326 9618 6707 6027 6042 6042 6027 5513 6042 5513 4714 4714 5513 4689 4714 4689 4060 4060 3339 4714 4714 3339 4795 4714 4795 6087 6087 4795 6124 6087 6124 7346 7346 6124 7362 7346 7362 8737 8737 7362 8733 8737 8733 10004 10004 8733 9999 10004 9999 11160 11160 9999 11148 11160 11148 12281 12281 11148 12288 12281 12288 13224 13224 12288 13270 13224 13270 14253 14253 13270 14346 14253 14346 14684 14684 14346 14869 14684 14869 13944 13944 14869 14100 13944 14100 12743 12743 14100 12846 12743 12846 11547 11547 12846 12990 11547 12990 12232 4060 3294 3339 3339 3294 2784 3339 2784 1730 1730 2784 1627 1730 1627 1138 1138 872 1730 1730 872 1995 1730 1995 3476 3476 1995 3572 3476 3572 4862 4862 3572 4914 4862 4914 6155 6155 4914 6178 6155 6178 7378 7378 6178 7385 7378 7385 8732 8732 7385 8736 8732 8736 9993 9993 8736 10000 9993 10000 11155 11155 10000 11171 11155 11171 12315 12315 11171 12362 12315 12362 13340 13340 12362 13419 13340 13419 14561 14561 13419 14800 14561 14800 15177 15177 14800 15338 15177 15338 14316 14316 15338 15424 14316 15424 15087 1138 832 872 872 832 702 872 702 987 987 702 941 987 941 1226 1226 2497 987 987 2497 1289 987 1289 968 968 1289 1121 968 1121 2219 2219 1121 2374 2219 2374 3648 3648 2374 3697 3648 3697 4947 4947 3697 4962 4947 4962 6189 6189 4962 6197 6189 6197 7392 7392 6197 7396 7392 7396 8742 8742 7396 8746 8742 8746 10005 10005 8746 10027 10005 10027 11206 11206 10027 11249 11206 11249 12420 12420 11249 12468 12420 12468 13641 13641 12468 13707 13641 13707 15139 15139 13707 13850 15139 13850 14993 1226 2456 2497 2497 2456 2708 2497 2708 3781 3781 2708 3774 3781 3774 4137 4137 5018 3781 3781 5018 3818 3781 3818 2595 2595 3818 2663 2595 2663 1495 1495 2663 1778 1495 1778 1439 1439 1778 1621 1439 1621 2478 2478 1621 2538 2478 2538 3722 3722 2538 3735 3722 3735 4969 4969 3735 4968 4969 4968 6198 6198 4968 6192 6198 6192 7393 7393 6192 7386 7393 7386 8753 8753 7386 8758 8753 8758 10046 10046 8758 10073 10046 10073 11284 11284 10073 11314 11284 11314 12513 12513 11314 11335 12513 11335 12127 4137 5011 5018 5018 5011 5406 5018 5406 6260 6260 5406 6255 6260 6255 6797 6797 7592 6260 6260 7592 6276 6260 6276 5042 5042 6276 5074 5042 5074 3866 3866 5074 3910 3866 3910 2884 2884 3910 2964 2884 2964 1958 1958 2964 2044 1958 2044 1773 1773 2044 1873 1773 1873 2560 2560 1873 2558 2560 2558 3734 3734 2558 3720 3734 3720 4963 4963 3720 4949 4963 4949 6184 6184 4949 6164 6184 6164 7379 7379 6164 7366 7379 7366 8760 8760 7366 8772 8760 8772 10093 10093 8772 8782 10093 8782 9517 6797 7590 7592 7592 7590 8099 7592 8099 9037 9037 8099 9042 9037 9042 9617 9617 10306 9037 9037 10306 9025 9037 9025 7599 7599 9025 7603 7599 7603 6294 6294 7603 6311 6294 6311 5105 5105 6311 5140 5105 5140 3959 3959 5140 4004 3959 4004 3026 3026 4004 3059 3026 3059 2092 2092 3059 2080 2092 2080 1863 1863 2080 1736 1863 1736 2533 2533 1736 2471 2533 2471 3696 3696 2471 3649 3696 3649 4918 4918 3649 4871 4918 4871 6139 6139 4871 6101 6139 6101 7349 7349 6101 6053 7349 6053 6706 9617 10318 10306 10306 10318 10833 10306 10833 11605 11605 10833 11628 11605 11628 12215 12215 12938 11605 11605 12938 11529 11605 11529 10259 10259 11529 10224 10259 10224 9004 9004 10224 8987 9004 8987 7609 7609 8987 7613 7609 7613 6336 6336 7613 6341 6336 6341 5167 5167 6341 5178 5167 5178 4019 4019 5178 4012 4019 4012 3048 3048 4012 3004 3048 3004 2019 2019 3004 1927 2019 1927 1589 1589 1927 1400 1589 1400 2363 2363 1400 2202 2363 2202 3576 3576 2202 3471 3576 3471 4802 4802 3471 3321 4802 3321 4059 12215 12983 12938 12938 12983 13448 12938 13448 14524 14524 13448 14632 14524 14632 15086 15086 15385 14524 14524 15385 14274 14524 14274 12817 12817 14274 12721 12817 12721 11466 11466 12721 11417 11466 11417 10196 10196 11417 10176 10196 10176 8976 8976 10176 8968 8976 8968 7614 7614 8968 7610 7614 7610 6349 6349 7610 6340 6349 6340 5171 5171 6340 5155 5171 5155 3983 3983 5155 3945 3983 3945 2937 2937 3945 2859 2937 2859 1699 1699 2859 1459 1699 1459 1087 1087 1459 924 1087 924 1975 1975 924 834 1975 834 1137 15086 15422 15385 15385 15422 15490 15385 15490 15276 15276 15490 15332 15276 15332 14992 14992 13817 15276 15276 13817 14973 15276 14973 15290 15290 14973 15136 15290 15136 14058 14058 15136 13917 14058 13917 12651 12651 13917 12604 12651 12604 11387 11387 12604 11372 11387 11372 10165 10165 11372 10159 10165 10159 8962 8962 10159 8958 8962 8958 7605 7605 8958 7600 7605 7600 6335 6335 7600 6316 6335 6316 5120 5120 6316 5084 5120 5084 3891 3891 5084 3845 3891 3845 2640 2640 3845 2576 2640 2576 1115 1115 2576 2436 1115 2436 1225 14992 13856 13817 13817 13856 13540 13817 13540 12534 12534 13540 12542 12534 12542 12155 12155 11334 12534 12534 11334 12504 12534 12504 13696 13696 12504 13630 13696 13630 14777 14777 13630 14517 14777 14517 14823 14823 14517 14648 14823 14648 13813 13813 14648 13754 13813 13754 12578 12578 13754 12570 12578 12570 11364 11364 12570 11365 11364 11365 10158 10158 11365 10163 10158 10163 8961 8961 10163 8967 8961 8967 7593 7593 8967 7588 7593 7588 6295 6295 7588 6278 6295 6278 5054 5054 6278 5029 5054 5029 3798 3798 5029 5007 3798 5007 4136 12155 11338 11334 11334 11338 10894 11334 10894 10108 10108 10894 10113 10108 10113 9535 9535 8785 10108 10108 8785 10094 10108 10094 11313 11313 10094 11283 11313 11283 12463 12463 11283 12418 12463 12418 13413 13413 12418 13338 13413 13338 14330 14330 13338 14245 14330 14245 14493 14493 14245 14401 14493 14401 13722 13722 14401 13727 13722 13727 12571 12571 13727 12580 12571 12580 11371 11371 12580 11386 11371 11386 10171 10171 11386 10187 10171 10187 8974 8974 10187 8983 8974 8983 7585 7585 8983 7572 7585 7572 6262 6262 7572 7543 6262 7543 6825 9535 8787 8785 8785 8787 8243 8785 8243 7343 7343 8243 7338 7343 7338 6740 6740 6072 7343 7343 6072 7356 7343 7356 8778 8778 7356 8773 8778 8773 10079 10079 8773 10060 10079 10060 11251 11251 10060 11216 11251 11216 12368 12368 11216 12324 12368 12324 13277 13277 12324 13243 13277 13243 14197 14197 13243 14210 14197 14210 14412 14412 14210 14532 14412 14532 13763 13763 14532 13820 13763 13820 12605 12605 13820 12650 12605 12650 11413 11413 12650 11458 11413 11458 10212 10212 11458 10247 10212 10247 9000 9000 10247 10293 9000 10293 9616 6740 6062 6072 6072 6062 5488 6072 5488 4747 4747 5488 4726 4747 4726 4058 4058 3373 4747 4747 3373 4825 4747 4825 6116 6116 4825 6150 6116 6150 7377 7377 6150 7391 7377 7391 8767 8767 7391 8763 8767 8763 10035 10035 8763 10030 10035 10030 11190 11190 10030 11178 11190 11178 12310 12310 11178 12316 12310 12316 13254 13254 12316 13297 13254 13297 14268 14268 13297 14356 14268 14356 14678 14678 14356 14855 14678 14855 13926 13926 14855 14071 13926 14071 12720 12720 14071 12820 12720 12820 11518 11518 12820 12958 11518 12958 12231 4058 3327 3373 3373 3327 2782 3373 2782 1782 1782 2782 1650 1782 1650 1136 1136 874 1782 1782 874 2018 1782 2018 3503 3503 2018 3595 3503 3595 4884 4884 3595 4932 4884 4932 6176 6176 4932 6195 6176 6195 7401 7401 6195 7406 7401 7406 8762 8762 7406 8766 8762 8766 10022 10022 8766 10031 10022 10031 11186 11186 10031 11205 11186 11205 12346 12346 11205 12384 12346 12384 13362 13362 12384 13439 13362 13439 14591 14591 13439 14810 14591 14810 15168 15168 14810 15327 15168 15327 14294 14294 15327 15420 14294 15420 15085 1136 836 874 874 836 700 874 700 981 981 700 918 981 918 1224 1224 2473 981 981 2473 1282 981 1282 973 973 1282 1126 973 1126 2245 2245 1126 2393 2245 2393 3664 3664 2393 3710 3664 3710 4960 4960 3710 4974 4960 4974 6203 6203 4974 6210 6203 6210 7413 7413 6210 7417 7413 7417 8771 8771 7417 8777 8771 8777 10036 10036 8777 10054 10036 10054 11237 11237 10054 11271 11237 11271 12437 12437 11271 12482 12437 12482 13653 13653 12482 13724 13653 13724 15152 15152 13724 13875 15152 13875 14991 1224 2430 2473 2473 2430 2706 2473 2706 3776 3776 2706 3768 3776 3768 4135 4135 5009 3776 3776 5009 3805 3776 3805 2585 2585 3805 2648 2585 2648 1481 1481 2648 1750 1481 1750 1442 1442 1750 1625 1442 1625 2495 2495 1625 2552 2495 2552 3736 3736 2552 3741 3736 3741 4981 4981 3741 4980 4981 4980 6211 6211 4980 6206 6211 6206 7414 7414 6206 7407 7414 7407 8784 8784 7407 8790 8784 8790 10077 10077 8790 10092 10077 10092 11302 11302 10092 11325 11302 11325 12523 12523 11325 11342 12523 11342 12126 4135 5005 5009 5009 5005 5404 5009 5404 6250 6250 5404 6246 6250 6246 6796 6796 7540 6250 6250 7540 6261 6250 6261 5030 5030 6261 5058 5030 5058 3851 3851 5058 3894 3851 3894 2866 2866 3894 2939 2866 2939 1944 1944 2939 2029 1944 2029 1788 1788 2029 1879 1788 1879 2573 2573 1879 2569 2573 2569 3740 3740 2569 3733 3740 3733 4975 4975 3733 4961 4975 4961 6200 6200 4961 6185 6200 6185 7403 7403 6185 7397 7403 7397 8796 8796 7397 8809 8796 8809 10106 10106 8809 8816 10106 8816 9534 6796 7537 7540 7540 7537 8097 7540 8097 9007 9007 8097 9009 9007 9009 9603 9603 10274 9007 9007 10274 8993 9007 8993 7568 7568 8993 7573 7568 7573 6273 6273 7573 6287 6273 6287 5082 5082 6287 5112 5082 5112 3939 3939 5112 3974 3939 3974 3000 3000 3974 3031 3000 3031 2076 2076 3031 2062 2076 2062 1870 1870 2062 1751 1870 1751 2544 2544 1751 2489 2544 2489 3708 3708 2489 3666 3708 3666 4936 4936 3666 4892 4936 4892 6161 6161 4892 6129 6161 6129 7380 7380 6129 6084 7380 6084 6705 9603 10284 10274 10274 10284 10832 10274 10832 11574 11574 10832 11595 11574 11595 12214 12214 12909 11574 11574 12909 11497 11574 11497 10232 10232 11497 10201 10232 10201 8975 8975 10201 8963 8975 8963 7578 7578 8963 7582 7578 7582 6306 6306 7582 6312 6306 6312 5134 5134 6312 5145 5134 5145 3988 3988 5145 3982 3988 3982 3023 3023 3982 2978 3023 2978 2006 2006 2978 1918 2006 1918 1600 1600 1918 1418 1600 1418 2381 2381 1418 2229 2381 2229 3596 3596 2229 3500 3596 3500 4834 4834 3500 3353 4834 3353 4057 12214 12949 12909 12909 12949 13484 12909 13484 14454 14454 13484 14596 14454 14596 15084 15084 15383 14454 14454 15383 14249 14454 14249 12790 12790 14249 12699 12790 12699 11439 11439 12699 11401 11439 11401 10178 10178 11401 10161 10178 10161 8953 8953 10161 8947 8953 8947 7583 7583 8947 7579 7583 7579 6320 6320 7579 6310 6320 6310 5137 5137 6310 5121 5137 5121 3957 3957 5121 3921 3957 3921 2918 2918 3921 2701 2918 2701 1672 1672 2701 1449 1672 1449 1096 1096 1449 937 1096 937 1998 1998 937 838 1998 838 1135 15084 15418 15383 15383 15418 15488 15383 15488 15283 15283 15488 15345 15283 15345 14990 14990 13837 15283 15283 13837 14983 15283 14983 15286 15286 14983 15134 15286 15134 14035 14035 15134 13896 14035 13896 12634 12634 13896 12590 12634 12590 11374 11374 12590 11360 11374 11360 10150 10150 11360 10146 10150 10146 8939 8939 10146 8935 8939 8935 7575 7575 8935 7569 7575 7569 6305 6305 7569 6289 6305 6289 5098 5098 6289 5068 5098 5068 3873 3873 5068 3831 3873 3831 2627 2627 3831 2559 2627 2559 1101 1101 2559 2412 1101 2412 1223 14990 13881 13837 13837 13881 13538 13837 13538 12541 12541 13538 12546 12541 12546 12154 12154 11341 12541 12541 11341 12516 12541 12516 13708 13708 12516 13645 13708 13645 14786 14786 13645 14538 14786 14538 14816 14816 14538 14640 14816 14640 13796 13796 14640 13734 13796 13734 12569 12569 13734 12564 12569 12564 11355 11355 12564 11356 11355 11356 10145 10145 11356 10149 10145 10149 8938 8938 10149 8942 8938 8942 7542 7542 8942 7536 7542 7536 6274 6274 7536 6263 6274 6263 5040 5040 6263 5017 5040 5017 3788 3788 5017 5000 3788 5000 4134 12154 11344 11341 11341 11344 10892 11341 10892 10116 10116 10892 10119 10116 10119 9533 9533 8818 10116 10116 8818 10107 10116 10107 11324 11324 10107 11299 11324 11299 12477 12477 11299 12433 12477 12433 13433 13433 12433 13358 13433 13358 14343 14343 13358 14260 14343 14260 14478 14478 14260 14397 14478 14397 13711 13711 14397 13712 13711 13712 12565 12565 13712 12572 12565 12572 11359 11359 12572 11373 11359 11373 10154 10154 11373 10170 10154 10170 8950 8950 10170 8957 8950 8957 7534 7534 8957 7532 7534 7532 6251 6251 7532 7527 6251 7527 6795 9533 8819 8818 8818 8819 8241 8818 8241 7374 7374 8241 7370 7374 7370 6739 6739 6103 7374 7374 6103 7389 7374 7389 8813 8813 7389 8808 8813 8808 10096 10096 8808 10084 10096 10084 11275 11275 10084 11244 11275 11244 12390 12390 11244 12355 12390 12355 13303 13303 12355 13269 13303 13269 14213 14213 13269 14227 14213 14227 14403 14403 14227 14525 14403 14525 13744 13744 14525 13804 13744 13804 12593 12593 13804 12633 12593 12633 11397 11397 12633 11433 11397 11433 10189 10189 11433 10221 10189 10221 8972 8972 10221 10261 8972 10261 9615 6739 6092 6103 6103 6092 5487 6103 5487 4781 4781 5487 4756 4781 4756 4056 4056 3404 4781 4781 3404 4853 4781 4853 6143 6143 4853 6170 6143 6170 7402 7402 6170 7412 7402 7412 8803 8803 7412 8799 8803 8799 10066 10066 8799 10059 10066 10059 11223 11223 10059 11211 11223 11211 12339 12339 11211 12347 12339 12347 13280 13280 12347 13319 13280 13319 14283 14283 13319 14367 14283 14367 14667 14667 14367 14844 14667 14844 13909 13909 14844 14049 13909 14049 12695 12695 14049 12793 12695 12793 11491 11491 12793 12924 11491 12924 12230 4056 3362 3404 3404 3362 2780 3404 2780 1849 1849 2780 1706 1849 1706 1134 1134 878 1849 1849 878 2045 1849 2045 3528 3528 2045 3619 3528 3619 4910 4910 3619 4948 4910 4948 6193 6193 4948 6209 6193 6209 7423 7423 6209 7426 7423 7426 8798 8798 7426 8802 8798 8802 10051 10051 8802 10061 10051 10061 11218 11218 10061 10065 11218 10065 11235 11235 10065 10087 11235 10087 11258 11258 10087 10135 11258 10135 10623 1134 840 878 878 840 698 878 698 972 972 698 908 972 908 1222 1222 2450 972 972 2450 1271 972 1271 976 976 1271 1133 976 1133 2267 2267 1133 2411 2267 2411 3681 3681 2411 2514 3681 2514 3724 3724 2514 2563 3724 2563 3742 3742 2563 3628 3742 3628 3747 1222 2408 2450 2450 2408 2704 2450 2704 3770 3770 2704 3763 3770 3763 4133 2641 2651 3563 3563 2651 2622 3563 2622 3836 3836 2622 2575 3836 2575 3795 3795 2575 3770 3795 3770 5002 5002 3770 4133 5002 4133 4998 4590 4613 4088 4088 4613 4611 4611 4591 4088 4088 4591 4551 4088 4551 4490 4490 4406 4088 4088 4406 4318 4088 4318 4204 4042 4206 4088 4088 4206 4309 4088 4309 4399 4399 4480 4088 4088 4480 4549 4088 4549 4590 4599 4620 4089 4089 4620 4608 4608 4582 4089 4089 4582 4532 4089 4532 4466 4466 4385 4089 4089 4385 4289 4089 4289 4043 4205 4233 4089 4089 4233 4334 4089 4334 4424 4424 4500 4089 4089 4500 4562 4089 4562 4599 7431 6220 6215 1612 1747 1664 10205 10243 8996 8140 7538 7546 6823 6247 6257 5449 5006 5026 4190 3769 3797 2777 2431 2570 1267 919 1112 765 837 930 1219 1651 1979 2839 3328 3481 4119 4727 4808 5509 6063 6107 6755 7339 7353 8282 8788 8780 9560 10114 10099 10937 11339 11317 12170 12543 12514 13583 13857 13709 15033 15333 15142 15553 15423 15337 15125 14633 14312 13481 12984 12840 12228 11629 11542 10852 10319 10270 9650 9043 9028 8138 7591 7597 6822 6256 6270 5447 5012 5037 4188 3775 3810 2775 2457 2584 1265 942 1124 763 833 921 1217 1628 1959 2837 3295 3449 4117 4690 4783 5540 6028 6077 6736 7303 7321 8280 8756 8749 9559 10102 10082 10935 11332 11305 12169 12536 12502 13581 13833 13698 15031 15311 15131 15551 15427 15339 15123 14655 14334 13479 13017 12867 12258 11664 11567 10828 10352 10302 9648 9079 9058 8136 7621 7627 6821 6268 6290 5445 5025 5051 4186 3783 3820 2773 2481 2594 1263 956 1270 761 827 917 1215 1603 1935 2835 3261 3419 4115 4657 4753 5538 5995 6046 6734 7269 7287 8278 8726 8719 9558 10086 10053 10933 11320 11287 12150 12529 12489 13579 13808 13686 15029 15300 14982 15549 15431 15343 15121 14688 14355 13477 13052 12895 12256 11698 11600 10826 10383 10334 9646 9110 9091 8134 7652 7656 6820 6286 6319 5443 5036 5069 4184 3791 3835 2771 2505 2604 1261 966 1283 759 823 915 1213 1550 1917 2833 3223 3390 4113 4625 4718 5536 5959 6014 6732 7237 7257 8276 8695 8689 9557 10058 10021 10931 11309 11268 12148 12521 12475 13577 13787 13675 15027 15289 14972 15547 15435 15347 15119 14733 14371 13475 13085 12922 12254 11730 11634 10824 10414 10365 9644 9142 9121 8132 7684 7688 6819 6314 6350 5441 5049 5087 4182 3801 3853 2769 2525 2612 1259 978 1293 757 819 911 1211 1512 1901 2831 3187 3355 4111 4589 4685 5534 5926 5980 6730 7205 7225 8274 8661 8655 9556 10026 9990 10929 11291 11245 12146 12511 12461 13575 13766 13667 15025 15280 14965 15545 15441 15349 15117 14768 14386 13473 13124 12955 12252 11758 11668 10822 10450 10396 9642 9174 9151 8130 7717 7721 6818 6347 6381 5439 5066 5111 4180 3814 3868 2767 2546 2626 1257 984 1300 755 813 907 1209 1490 1885 2829 3152 3323 4109 4555 4654 5532 5877 5946 6728 7170 7195 8272 8629 8623 9555 9992 9956 10927 11273 11217 12144 12499 12443 13573 13738 13655 15023 15272 14957 15543 15445 15351 15115 14785 14407 13471 13155 12987 12250 11792 11701 10820 10481 10428 9640 9207 9181 8128 7754 7758 6817 6379 6413 5437 5086 5141 4178 3827 3886 2765 2565 2639 1255 991 1309 753 809 905 1207 1472 1857 2827 3115 3292 4107 4520 4622 5530 5843 5914 6726 7138 7162 8270 8591 8585 9554 9959 9926 10925 11247 11180 12142 12485 12424 13571 13717 13638 15021 15265 14947 15541 15449 15355 15113 14804 14442 13469 13193 13019 12248 11824 11731 10818 10513 10460 9638 9238 9213 8126 7786 7791 6816 6412 6444 5435 5110 5177 4176 3843 3906 2763 2581 2654 1253 997 1320 751 805 903 1205 1455 1808 2824 3077 3258 4105 4487 4587 5528 5811 5865 6724 7106 7131 8268 8558 8553 9553 9928 9895 10923 11220 11147 12168 12470 12404 13569 13702 13625 15019 15259 14937 15538 15453 15357 15111 14818 14506 13467 13232 13050 12227 11858 11759 10851 10546 10491 9636 9268 9244 8124 7817 7821 6815 6443 6474 5433 5139 5209 4174 3860 3925 2760 2591 2669 1251 1004 1336 748 801 901 1203 1436 1748 2822 3041 3224 4103 4451 4556 5508 5778 5832 6754 7076 7099 8266 8527 8521 9552 9897 9864 10921 11183 11118 12167 12456 12380 13567 13691 13609 15017 15252 14913 15536 15457 15359 15109 14839 14547 13502 13265 13083 12226 11891 11789 10850 10579 10522 9613 9300 9275 8122 7849 7853 6813 6476 6511 5431 5176 5239 4172 3877 3949 2758 2601 2685 1249 1012 1358 746 797 899 1201 1399 1704 2820 3007 3191 4101 4415 4522 5506 5747 5801 6753 7044 7068 8264 8494 8489 9550 9862 9830 10919 11150 11085 12165 12435 12354 13565 13679 13594 15015 15244 14896 15534 15461 15361 15107 14887 14593 13501 13299 13117 12224 11926 11821 10848 10609 10553 9612 9332 9309 8120 7881 7885 6811 6513 6541 5429 5208 5270 4170 3896 3975 2756 2611 2703 1247 1019 1385 744 793 897 1199 1361 1660 2818 2974 3156 4099 4382 4489 5504 5717 5771 6751 7013 7035 8240 8463 8457 9572 9829 9798 10917 11117 11054 12177 12416 12323 13563 13669 13435 15050 15237 14856 15532 15465 15363 15082 14916 14627 13499 13330 13150 12213 11955 11853 10846 10641 10585 9610 9363 9341 8157 7913 7917 6794 6543 6572 5464 5241 5304 4168 3914 4006 2754 2625 2864 1197 1025 1423 742 789 895 1196 1327 1637 2815 2944 3123 4097 4351 4455 5502 5687 5740 6749 6980 7004 8238 8430 8424 9571 9797 9768 10891 11084 11021 12176 12395 12292 13537 13657 13415 15049 15217 14832 15529 15469 15365 15080 14941 14644 13497 13356 13181 12212 11989 11885 10844 10671 10616 9602 9396 9369 8155 7946 7950 6792 6575 6604 5463 5274 5339 4166 3937 4038 2751 2637 2883 1193 1052 1440 739 785 893 1192 1316 1615 2813 2921 3089 4095 4317 4421 5500 5657 5708 6764 6949 6975 8236 8398 8393 9569 9766 9736 10889 11048 10987 12183 12370 12262 13535 13640 13397 15047 15200 14815 15527 15473 15367 15078 14952 14669 13495 13379 13217 12207 12021 11919 10874 10703 10648 9600 9427 9400 8153 7980 7985 6790 6608 6638 5461 5309 5370 4164 3961 4207 2749 2656 2903 1189 1068 1456 737 781 891 1188 1305 1584 2811 2901 3052 4093 4282 4387 12671 12492 13654 9002 8812 8810 5034 4987 4985 1747 1612 1741 5857 5881 5486 5486 5881 5893 5893 5902 5486 5486 5902 5908 5486 5908 5911 5911 5910 5486 5486 5910 5906 5486 5906 5901 5333 5016 5119 5119 5016 4992 5016 3787 4992 4992 3787 3824 4992 3824 3821 3821 3824 3518 3821 3518 3629 3629 3518 2879 1612 2119 1937 2373 1893 2119 2119 1893 1937 1937 1893 1809 1937 1809 1612 1612 1809 1754 1612 1754 1741 2499 3744 2554 2554 3744 2945 2554 2945 2572 3235 3752 3745 3745 3752 4005 4987 4005 4985 4985 4005 3752 4985 3752 3744 3744 3752 3235 3744 3235 2945 8810 7430 7431 7431 7430 7330 7330 6917 7431 7431 6917 6384 7431 6384 6220 6220 6384 6218 6220 6218 5393 8812 8433 8810 8810 8433 7876 8810 7876 7430 12492 12279 12446 12446 12279 11444 12446 11444 11301 12671 13654 12992 13697 13687 13718 13718 13687 13430 13858 13899 13759 13759 13753 13858 13858 13753 13752 13858 13752 13742 13742 13739 13858 13858 13739 13726 13858 13726 13723 4043 4289 2697 2697 4289 2962 2697 2962 1130 1273 769 885 4197 2845 2971 6843 5546 5603 9516 8288 8286 12120 10796 10737 14986 13443 13315 15133 15485 15373 12271 13592 13331 9669 10954 10756 6859 8296 8294 4214 5563 5622 1280 2858 2988 733 773 887 887 773 1180 1482 1120 733 2743 2688 2948 2948 2688 1181 4275 4028 2743 5477 5373 5572 5572 5373 4130 6702 6676 5477 8212 8066 8069 8069 8066 6777 9459 9487 8212 10869 10766 10707 10707 10766 9591 11982 12086 10869 13514 13418 13285 13285 13418 12201 14736 14976 13514 15523 15481 15371 15371 15481 15063 14787 15149 15523 13531 13607 13354 13354 13607 15064 12059 12302 13531 10870 10985 10786 10786 10985 12188 9673 9700 10870 8214 8334 8327 8327 8334 9578 6914 6888 8214 5479 5593 5651 5651 5593 6768 4355 4249 5479 2746 2881 3018 3018 2881 4091 1542 1291 2746 735 777 889 889 777 1184 1469 1103 735 2747 2672 2923 2923 2672 1185 4241 3996 2747 5459 5342 5401 5401 5342 4132 6671 6643 5459 8151 8013 8017 8017 8013 6782 9431 9456 8151 10872 10736 10675 10675 10736 9598 11951 12054 10872 13516 13400 13253 13253 13400 12203 14705 14962 13516 15525 15477 15369 15369 15477 15076 14801 15172 15525 13533 13624 13377 13377 13624 15045 12092 12337 13533 10887 11017 10956 10956 11017 12181 9705 9732 10887 8234 8366 8361 8361 8366 9580 6944 6919 8234 4282 5481 5681 5681 5481 5624 5681 5624 6762 2811 3052 1305 737 891 1068 2749 2903 3961 5461 5370 6608 8153 7985 9427 10874 10648 12021 13495 13217 14952 15527 15367 15200 13535 13397 12370 10889 10987 9766 8236 8393 6949 5500 5708 4317 2813 3089 1316 739 893 1052 2751 2883 3937 5463 5339 6575 8155 7950 9396 10844 10616 11989 13497 13181 14941 15529 15365 15217 13537 13415 12395 10891 11021 9797 8238 8424 6980 5502 5740 4351 2815 3123 1327 742 895 1025 2754 2864 3914 5464 5304 6543 8157 7917 9363 10846 10585 11955 13499 13150 14916 15532 15363 15237 13563 13435 12416 10917 11054 9829 8240 8457 7013 5504 5771 4382 2818 3156 1361 744 897 1019 2756 2703 3896 5429 5270 6513 8120 7885 9332 10848 10553 11926 13501 13117 14887 15534 15361 15244 13565 13594 12435 10919 11085 9862 8264 8489 7044 5506 5801 4415 2820 3191 1399 746 899 1012 2758 2685 3877 5431 5239 6476 8122 7853 9300 10850 10522 11891 13502 13083 14839 15536 15359 15252 13567 13609 12456 10921 11118 9897 8266 8521 7076 5508 5832 4451 2822 3224 1436 748 901 1004 2760 2669 3860 5433 5209 6443 8124 7821 9268 10851 10491 11858 13467 13050 14818 15538 15357 15259 13569 13625 12470 10923 11147 9928 8268 8553 7106 5528 5865 4487 2824 3258 1455 751 903 997 2763 2654 3843 5435 5177 6412 8126 7791 9238 10818 10460 11824 13469 13019 14804 15541 15355 15265 13571 13638 12485 10925 11180 9959 8270 8585 7138 5530 5914 4520 2827 3292 1472 753 905 991 2765 2639 3827 5437 5141 6379 8128 7758 9207 10820 10428 11792 13471 12987 14785 15543 15351 15272 13573 13655 12499 10927 11217 9992 8272 8623 7170 5532 5946 4555 2829 3323 1490 755 907 984 2767 2626 3814 5439 5111 6347 8130 7721 9174 10822 10396 11758 13473 12955 14768 15545 15349 15280 13575 13667 12511 10929 11245 10026 8274 8655 7205 5534 5980 4589 2831 3355 1512 757 911 978 2769 2612 3801 5441 5087 6314 8132 7688 9142 10824 10365 11730 13475 12922 14733 15547 15347 15289 13577 13675 12521 10931 11268 10058 8276 8689 7237 5536 6014 4625 2833 3390 1550 759 915 966 2771 2604 3791 5443 5069 6286 8134 7656 9110 10826 10334 11698 13477 12895 14688 15549 15343 15300 13579 13686 12529 10933 11287 10086 8278 8719 7269 5538 6046 4657 2835 3419 1603 761 917 956 2773 2594 3783 5445 5051 6268 8136 7627 9079 10828 10302 11664 13479 12867 14655 15551 15339 15311 13581 13698 12536 10935 11305 10102 8280 8749 7303 5540 6077 4690 2837 3449 1628 763 921 942 2775 2584 3775 5447 5037 6256 8138 7597 9043 10852 10270 11629 13481 12840 14633 15553 15337 15333 13583 13709 12543 10937 11317 10114 8282 8780 7339 5509 6107 4727 2839 3481 1651 765 930 919 1267 1112 2431 6823 6257 7538 11596 10853 10243 10243 10853 10285 10243 10285 8996 8996 10285 9614 8996 9614 9010 12950 12229 11512 14597 13503 12813 15419 15127 14289 15346 15555 15322 13882 15035 15156 12547 13585 13728 11345 12171 12524 10120 10939 11328 8820 9562 10112 7371 8284 8815 6093 6756 7384 4757 5510 6135 3363 4121 4840 1707 2841 3505 841 1221 2001 909 767 940 2409 1269 1097 3764 2779 2555 4192 3787 4999 4999 3787 5016 4999 5016 5486 5486 5016 5333 5486 5333 5857 12229 11596 11512 11512 11596 10243 11512 10243 11452 11452 10243 10205 11452 10205 11407 4192 3764 3787 3787 3764 2555 3787 2555 3824 3824 2555 2623 3824 2623 3518 3518 2623 2695 3518 2695 2879 2879 2695 2519 13503 12950 12813 12813 12950 11512 12813 11512 12713 12713 11512 11452 12713 11452 12641 12641 11452 11407 12641 11407 12598 2779 2409 2555 2555 2409 1097 2555 1097 2623 2623 1097 1444 2623 1444 2695 2695 1444 1664 2695 1664 2519 2519 1664 1747 2519 1747 1940 1940 1747 1741 15127 14597 14289 14289 14597 12813 14289 12813 14068 14068 12813 12713 14068 12713 13920 13920 12713 12641 13920 12641 13814 13814 12641 12598 13814 12598 13751 1221 1707 2001 2001 1707 3505 2001 3505 2235 2235 3505 3606 2235 3606 2389 2389 3606 3674 2389 3674 3715 2572 2373 2554 2554 2373 2119 2554 2119 2499 2499 2119 1612 2499 1612 1420 1420 1612 1664 1420 1664 1098 1098 1664 1444 1098 1444 940 940 1444 1097 940 1097 909 909 1097 1269 15555 15419 15322 15322 15419 14289 15322 14289 15165 15165 14289 14068 15165 14068 14851 14851 14068 13920 14851 13920 14674 14674 13920 13814 14674 13814 14527 14527 13814 13751 14527 13751 14405 2841 3363 3505 3505 3363 4840 3505 4840 3606 3606 4840 4901 3606 4901 3674 3674 4901 4942 3674 4942 3715 3715 4942 4966 3715 4966 4983 15035 15346 15156 15156 15346 15322 15156 15322 14812 14812 15322 15165 14812 15165 14599 14599 15165 14851 14599 14851 14362 14362 14851 14674 14362 14674 14276 14276 14674 14527 14276 14527 14224 14224 14527 14405 14224 14405 14216 4121 4757 4840 4840 4757 6135 4840 6135 4901 4901 6135 6167 4901 6167 4942 4942 6167 6190 4942 6190 4966 4966 6190 6205 4966 6205 4983 4983 6205 6213 4983 6213 6215 5393 5044 6220 6220 5044 5034 6220 5034 6215 6215 5034 4985 6215 4985 4983 4983 4985 3744 4983 3744 3715 3715 3744 2499 3715 2499 2389 2389 2499 1420 2389 1420 2235 2235 1420 1098 2235 1098 2001 2001 1098 940 2001 940 841 841 940 767 13585 13882 13728 13728 13882 15156 13728 15156 13658 13658 15156 14812 13658 14812 13587 13587 14812 14599 13587 14599 13369 13369 14599 14362 13369 14362 13312 13312 14362 14276 13312 14276 13278 13278 14276 14224 13278 14224 13274 13274 14224 14216 13274 14216 13310 6756 7371 7384 7384 7371 8815 7384 8815 7399 7399 8815 8811 7399 8811 7409 7409 8811 8805 7409 8805 7422 7422 8805 8801 7422 8801 7425 7425 8801 8797 7425 8797 7427 7427 8797 8800 7427 8800 8804 12171 12547 12524 12524 12547 13728 12524 13728 12487 12487 13728 13658 12487 13658 12441 12441 13658 13587 12441 13587 12399 12399 13587 13369 12399 13369 12363 12363 13369 13312 12363 13312 12343 12343 13312 13278 12343 13278 12342 12342 13278 13274 12342 13274 12361 12361 13274 13310 12361 13310 12401 8284 8820 8815 8815 8820 10112 8815 10112 8811 8811 10112 10100 8811 10100 8805 8805 10100 10088 8805 10088 8801 8801 10088 10067 8801 10067 8797 8797 10067 10062 8797 10062 8800 8800 10062 10052 8800 10052 8804 8804 10052 10055 8804 10055 10064 10131 9412 10078 10078 9412 9002 10078 9002 10064 10064 9002 8810 10064 8810 8804 8804 8810 7431 8804 7431 7427 7427 7431 6215 7427 6215 7425 7425 6215 6213 7425 6213 7422 7422 6213 6205 7422 6205 7409 7409 6205 6190 7409 6190 7399 7399 6190 6167 7399 6167 7384 7384 6167 6135 7384 6135 6093 6093 6135 5510 10939 11345 11328 11328 11345 12524 11328 12524 11307 11307 12524 12487 11307 12487 11278 11278 12487 12441 11278 12441 11250 11250 12441 12399 11250 12399 11227 11227 12399 12363 11227 12363 11214 11214 12363 12343 11214 12343 11215 11215 12343 12342 11215 12342 11230 11230 12342 12361 11230 12361 11255 11255 12361 12401 9562 10120 10112 10112 10120 11328 10112 11328 10100 10100 11328 11307 10100 11307 10088 10088 11307 11278 10088 11278 10067 10067 11278 11250 10067 11250 10062 10062 11250 11227 10062 11227 10052 10052 11227 11214 10052 11214 10055 10055 11214 11215 10055 11215 10064 10064 11215 11230 10064 11230 10078 10078 11230 11255 10078 11255 10131 10131 11255 10974 7538 6257 7546 7546 6257 7571 7546 7571 8978 8978 7571 8966 8978 8966 10181 10181 8966 10164 10181 10164 11380 11380 10164 11361 11380 11361 12574 12574 11361 12566 12574 12566 13715 13715 12566 13710 13715 13710 14396 14396 13710 14472 14396 14472 14262 14262 14472 14347 14262 14347 13364 13364 14347 13444 13364 13444 12446 11444 10974 11301 11301 10974 11255 11301 11255 12446 12446 11255 12401 12446 12401 13364 13364 12401 13310 13364 13310 14262 14262 13310 14216 14262 14216 14396 14396 14216 14405 14396 14405 13715 13715 14405 13751 13715 13751 12574 12574 13751 12598 12574 12598 11380 11380 12598 11407 11380 11407 10181 10181 11407 10205 10181 10205 8978 8978 10205 8996 8978 8996 7546 7546 8996 9010 7546 9010 8140 13430 12992 13718 13718 12992 13654 13718 13654 14795 14795 13654 14556 14795 14556 14814 14814 14556 14639 14814 14639 13790 13790 14639 13730 13790 13730 12567 12567 13730 12563 12567 12563 11354 11354 12563 11357 11354 11357 10147 10147 11357 10152 10147 10152 8948 8948 10152 8955 8948 8955 7581 7581 8955 7577 7581 7577 6284 6284 7577 6269 6284 6269 5050 5050 6269 5026 5050 5026 3797 3797 5026 5006 3797 5006 4190 12492 12446 13654 13654 12446 13444 13654 13444 14556 14556 13444 14347 14556 14347 14639 14639 14347 14472 14639 14472 13730 13730 14472 13710 13730 13710 12563 12563 13710 12566 12563 12566 11357 11357 12566 11361 11357 11361 10152 10152 11361 10164 10152 10164 8955 8955 10164 8966 8955 8966 7577 7577 8966 7571 7577 7571 6269 6269 7571 6257 6269 6257 5026 5026 6257 6247 5026 6247 5449 13723 13697 13858 13858 13697 13718 13858 13718 14988 14988 13718 14795 14988 14795 15130 15130 14795 14814 15130 14814 13888 13888 14814 13790 13888 13790 12587 12587 13790 12567 12587 12567 11358 11358 12567 11354 11358 11354 10144 10144 11354 10147 10144 10147 8940 8940 10147 8948 8940 8948 7584 7584 8948 7581 7584 7581 6304 6304 7581 6284 6304 6284 5079 5079 6284 5050 5079 5050 3840 3840 5050 3797 3840 3797 2570 2570 3797 3769 2570 3769 2777 4608 4620 3464 3464 4620 3477 3464 3477 2348 2348 3477 2312 2348 2312 1691 1691 2312 1554 1691 1554 2213 2213 1554 2040 2213 2040 3269 3269 2040 3134 3269 3134 4391 4391 3134 4296 4391 4296 5591 5591 4296 5396 5591 5396 6692 4532 4582 3371 3371 4582 3429 3371 3429 2289 2289 3429 2336 2289 2336 1762 1762 2336 1790 1762 1790 2340 2340 1790 2301 2340 2301 3435 3435 2301 3378 3435 3378 4537 4537 3378 4471 4537 4471 5684 5684 4471 5640 5684 5640 6873 6873 5640 6852 6873 6852 8074 8074 6852 8072 8074 8072 9484 4385 4466 3120 3120 4466 3256 3120 3256 2015 2015 3256 2190 2015 2190 1509 1509 2190 1652 1509 1652 2291 2291 1652 2334 2291 2334 3461 3461 2334 3465 3461 3465 4604 4604 3465 4584 4604 4584 5745 5745 4584 5721 5745 5721 6916 6916 5721 6895 6916 6895 8078 8078 6895 8076 8078 8076 9444 9444 8076 9460 9444 9460 10706 10706 9460 10760 10706 10760 12068 1130 2962 1492 1492 2962 1858 1492 1858 1028 1028 1858 1330 1028 1330 2022 2022 1330 2195 2022 2195 3375 3375 2195 3431 3375 3431 4585 4585 3431 4602 4585 4602 5759 5759 4602 5757 5759 5757 6933 6933 5757 6925 6933 6925 8082 8082 6925 8080 8082 8080 9414 9414 8080 9424 9414 9424 10617 10617 9424 10659 10617 10659 11882 11882 10659 11973 11882 11973 13261 13261 11973 13395 13261 13395 14943 1273 885 1498 1498 885 1869 1498 1869 3131 3131 1869 3266 3131 3266 4478 4478 3266 4541 4478 4541 5726 5726 4541 5748 5726 5748 6932 6932 5748 6935 6932 6935 8086 8086 6935 8084 8086 8084 9401 9401 8084 9406 9401 9406 10566 10566 9406 10586 10566 10586 11754 11754 10586 11812 11754 11812 12985 12985 11812 13110 12985 13110 14373 14373 13110 14672 14373 14672 15335 15335 14672 15414 15335 15414 14963 4197 2971 4306 4306 2971 4400 4306 4400 5654 5654 4400 5694 5654 5694 6908 6908 5694 6924 6908 6924 8090 8090 6924 8088 8090 8088 9419 9419 8088 9410 9419 9410 10563 10563 9410 10557 10563 10557 11706 11706 10557 11720 11706 11720 12838 12838 11720 12889 12838 12889 14052 14052 12889 14212 14052 14212 14892 14892 14212 15190 14892 15190 14399 14399 15190 14739 14399 14739 13322 13322 14739 13436 13322 13436 12267 6843 5603 6869 6869 5603 6892 6869 6892 8095 8095 6892 8093 8095 8093 9447 9447 8093 9429 9447 9429 10602 10602 9429 10580 10602 10580 11737 11737 10580 11716 11737 11716 12828 12828 11716 12818 12828 12818 13943 13943 12818 13975 13943 13975 14583 14583 13975 14715 14583 14715 14086 14086 14715 14252 14086 14252 13039 13039 14252 13170 13039 13170 11946 11946 13170 12038 11946 12038 10767 10767 12038 10961 10767 10961 9682 9516 8286 9490 9490 8286 9468 9490 9468 10687 10687 9468 10643 10687 10643 11843 11843 10643 11780 11843 11780 12914 12914 11780 12860 12914 12860 13995 13995 12860 13953 13995 13953 14514 14514 13953 14488 14514 14488 13963 13963 14488 13998 13963 13998 12876 12876 13998 12932 12876 12932 11805 11805 12932 11868 11805 11868 10672 10672 11868 10719 10672 10719 9501 9501 10719 9659 9501 9659 8322 8322 9659 8324 8322 8324 6890 12120 10737 12014 12014 10737 11922 12014 11922 13153 13153 11922 13023 13153 13023 14257 14257 13023 14087 14257 14087 14761 14761 14087 14621 14761 14621 14008 14008 14621 13968 14008 13968 12853 12853 13968 12849 12853 12849 11745 11745 12849 11761 11745 11761 10610 10610 11761 10633 10610 10633 9457 9457 10633 9479 9457 9479 8314 8314 9479 8320 8314 8320 6930 6930 8320 6911 6930 6911 5652 5652 6911 5600 5652 5600 4266 14986 13315 14765 14765 13315 14410 14765 14410 15231 15231 14410 14935 15231 14935 14267 14267 14935 14103 14267 14103 12936 12936 14103 12880 12936 12880 11760 11760 12880 11746 11760 11746 10594 10594 11746 10597 10594 10597 9441 9441 10597 9449 9441 9449 8310 8310 9449 8312 8310 8312 6961 6961 8312 6951 6961 6951 5738 5738 6951 5697 5738 5697 4457 4457 5697 4366 4457 4366 3043 3043 4366 2906 3043 2906 1325 15133 15373 14774 14774 15373 14426 14774 14426 13173 13173 14426 13041 13173 13041 11862 11862 13041 11802 11862 11802 10628 10628 11802 10606 10628 10606 9442 9442 10606 9437 9442 9437 8306 8306 9437 8308 8306 8308 6972 6972 8308 6968 6972 6968 5788 5788 6968 5770 5788 5770 4593 4593 5770 4530 4593 4530 3324 3324 4530 3201 3324 3201 1915 1915 3201 1610 1915 1610 928 928 1610 845 928 845 1292 12271 13331 12030 12030 13331 11939 12030 11939 10705 10705 11939 10662 10705 10662 9465 9465 10662 9450 9465 9450 8302 8302 9450 8304 8302 8304 6956 6956 8304 6964 6956 6964 5791 5791 6964 5797 5791 5797 4646 4646 5797 4631 4646 4631 3479 3479 4631 3423 3479 3423 2247 2247 3423 2081 2247 2081 1373 1373 2081 1072 1373 1072 1871 1871 1072 1507 1871 1507 2956 2956 1507 2702 2956 2702 4030 9669 10756 9506 9506 10756 9483 9506 9483 8298 8298 9483 8300 8298 8300 6927 6927 8300 6946 6927 6946 5751 5751 6946 5776 5751 5776 4612 4612 5776 4637 4612 4637 3490 3490 4637 3498 3490 3498 2362 2362 3498 2327 2362 2327 1693 1693 2327 1556 1693 1556 2193 2193 1556 2021 2193 2021 3238 3238 2021 3100 3238 3100 4359 4359 3100 4264 4359 4264 5561 5561 4264 5364 5561 5364 6661 6859 8294 6884 6884 8294 6905 6884 6905 5668 5668 6905 5713 5668 5713 4499 4499 5713 4565 4499 4565 3396 3396 4565 3455 3396 3455 2304 2304 3455 2352 2304 2352 1764 1764 2352 1792 1764 1792 2324 2324 1792 2285 2324 2285 3412 3412 2285 3348 3412 3348 4506 4506 3348 4441 4506 4441 5655 5655 4441 5609 5655 5609 6845 6845 5609 6687 6845 6687 8024 8024 6687 8022 8024 8022 9453 4214 5622 4323 4323 5622 4417 4323 4417 3150 3150 4417 3287 3150 3287 2035 2035 3287 2211 2035 2211 1513 1513 2211 1654 1513 1654 2274 2274 1654 2319 2274 2319 3437 3437 2319 3440 3437 3440 4573 4573 3440 4553 4573 4553 5715 5715 4553 5692 5715 5692 6886 6886 5692 6865 6886 6865 8028 8028 6865 8026 8028 8026 9416 9416 8026 9434 9416 9434 10673 10673 9434 10726 10673 10726 12036 1280 2988 1508 1508 2988 1883 1508 1883 1030 1030 1883 1332 1030 1332 2004 2004 1332 2171 2004 2171 3344 3344 2171 3407 3344 3407 4557 4557 3407 4571 4557 4571 5730 5730 4571 5728 5730 5728 6903 6903 5728 6899 6903 6899 8032 8032 6899 8030 8032 8030 9383 9383 8030 9394 9383 9394 10587 10587 9394 10629 10587 10629 11851 11851 10629 11940 11851 11940 13229 13229 11940 13373 13229 13373 14921 733 887 1482 1482 887 1837 1482 1837 3099 3099 1837 3236 3099 3236 4446 4446 3236 4511 4446 4511 5698 5698 4511 5718 5698 5718 6901 6901 5718 6906 6901 6906 8036 8036 6906 8034 8036 8034 9372 9372 8034 9376 9372 9376 10537 10537 9376 10554 10537 10554 11726 11726 10554 11782 11726 11782 12956 12956 11782 13075 12956 13075 14358 14358 13075 14647 14358 14647 15331 15331 14647 15412 15331 15412 14974 2743 2948 4275 4275 2948 4367 4275 4367 5625 5625 4367 5665 5625 5665 6880 6880 5665 6897 6880 6897 8060 8060 6897 8045 8060 8045 9388 9388 8045 9379 9388 9379 10534 10534 9379 10528 10534 10528 11678 11678 10528 11692 11678 11692 12816 12816 11692 12865 12816 12865 14034 14034 12865 14189 14034 14189 14888 14888 14189 15188 14888 15188 14422 14422 15188 14766 14422 14766 13345 13345 14766 13596 13345 13596 12300 5477 5572 6702 6702 5572 6861 6702 6861 8064 8064 6861 8062 8064 8062 9421 9421 8062 9398 9421 9398 10574 10574 9398 10548 10574 10548 11711 11711 10548 11688 11711 11688 12804 12804 11688 12797 12804 12797 13929 13929 12797 13960 13929 13960 14580 14580 13960 14713 14580 14713 14104 14104 14713 14269 14104 14269 13069 13069 14269 13204 13069 13204 11978 11978 13204 12070 11978 12070 10797 10797 12070 10994 10797 10994 9714 8212 8069 9459 9459 8069 9439 9459 9439 10658 10658 9439 10612 10658 10612 11814 11814 10612 11750 11814 11750 12891 12891 11750 12834 12891 12834 13981 13981 12834 13939 13981 13939 14512 14512 13939 14486 14512 14486 13977 13977 14486 14013 13977 14013 12899 12899 14013 12961 12899 12961 11837 11837 12961 11898 11837 11898 10701 10701 11898 10749 10701 10749 9666 9666 10749 9688 9666 9688 8353 8353 9688 8355 8353 8355 6921 10869 10707 11982 11982 10707 11889 11982 11889 13125 13125 11889 12994 13125 12994 14237 14237 12994 14067 14237 14067 14759 14759 14067 14619 14759 14619 14024 14024 14619 13983 14024 13983 12874 12874 13983 12872 12874 12872 11772 11772 12872 11788 11772 11788 10639 10639 11788 10664 10639 10664 9488 9488 10664 9509 9488 9509 8349 8349 9509 8351 8349 8351 6959 6959 8351 6941 6959 6941 5683 5683 6941 5633 5683 5633 4300 13514 13285 14736 14736 13285 14390 14736 14390 15229 15229 14390 14933 15229 14933 14285 14285 14933 14124 14285 14124 12965 12965 14124 12904 12965 12904 11787 11787 12904 11773 11787 11773 10625 10625 11773 10626 10625 10626 9470 9470 10626 9474 9470 9474 8345 8345 9474 8347 8345 8347 6992 6992 8347 6981 6992 6981 5769 5769 6981 5727 5769 5727 4491 4491 5727 4397 4491 4397 3078 3078 4397 2928 3078 2928 1356 15523 15371 14787 14787 15371 14464 14787 14464 13205 13205 14464 13071 13205 13071 11893 11893 13071 11830 11893 11830 10657 10657 11830 10636 10657 10636 9472 9472 10636 9467 9472 9467 8341 8341 9467 8343 8341 8343 7000 7000 8343 6998 7000 6998 5816 5816 6998 5800 5816 5800 4627 4627 5800 4563 4627 4563 3352 3352 4563 3231 3352 3231 1929 1929 3231 1633 1929 1633 931 931 1633 847 931 847 1281 13531 13354 12059 12059 13354 11970 12059 11970 10734 10734 11970 10691 10734 10691 9492 9492 10691 9477 9492 9477 8337 8337 9477 8339 8337 8339 6987 6987 8339 6994 6987 6994 5820 5820 6994 5826 5820 5826 4674 4674 5826 4661 4674 4661 3501 3501 4661 3448 3501 3448 2265 2265 3448 2103 2265 2103 1375 1375 2103 1074 1375 1074 1841 1841 1074 1493 1841 1493 2931 2931 1493 2684 2931 2684 3998 10870 10786 9673 9673 10786 9513 9673 9513 8330 8330 9513 8335 8330 8335 6954 6954 8335 6976 6954 6976 5780 5780 6976 5806 5780 5806 4641 4641 5806 4665 4641 4665 3514 3514 4665 3520 3514 3520 2377 2377 3520 2343 2377 2343 1695 1695 2343 1558 1695 1558 2169 2169 1558 2002 2169 2002 3208 3208 2002 3071 3208 3071 4329 4329 3071 4232 4329 4232 5389 5389 4232 5332 5389 5332 6625 8214 8327 6914 6914 8327 6937 6914 6937 5699 5699 6937 5743 5699 5743 4528 4528 5743 4598 4528 4598 3421 3421 4598 3484 3421 3484 2320 2320 3484 2366 2320 2366 1766 1766 2366 1796 1766 1796 2309 2309 1796 2270 2309 2270 3387 3387 2270 3319 3387 3319 4476 4476 3319 4410 4476 4410 5627 5627 4410 5579 5627 5579 6678 6678 5579 6655 6678 6655 7993 7993 6655 7991 7993 7991 9425 5479 5651 4355 4355 5651 4449 4355 4449 3181 3181 4449 3316 3181 3316 2056 2056 3316 2233 2056 2233 1515 1515 2233 1656 1515 1656 2257 2257 1656 2303 2257 2303 3414 3414 2303 3417 3414 3417 4542 4542 3417 4523 4542 4523 5688 5688 4523 5663 5688 5663 6860 6860 5663 6699 6860 6699 7997 7997 6699 7995 7997 7995 9385 9385 7995 9405 9385 9405 10644 10644 9405 10693 10644 10693 12002 2746 3018 1542 1542 3018 1896 1542 1896 1032 1032 1896 1334 1032 1334 1988 1988 1334 2151 1988 2151 3315 3315 2151 3381 3315 3381 4524 4524 3381 4540 4524 4540 5703 5703 4540 5701 5703 5701 6877 6877 5701 6870 6877 6870 8001 8001 6870 7999 8001 7999 9352 9352 7999 9365 9352 9365 10555 10555 9365 10596 10555 10596 11820 11820 10596 11910 11820 11910 13194 13194 11910 13348 13194 13348 14897 735 889 1469 1469 889 1784 1469 1784 3066 3066 1784 3205 3066 3205 4416 4416 3205 4482 4416 4482 5670 5670 4482 5690 5670 5690 6875 6875 5690 6878 6875 6878 8005 8005 6878 8003 8005 8003 9344 9344 8003 9346 9344 9346 10507 10507 9346 10524 10507 10524 11696 11696 10524 11752 11696 11752 12928 12928 11752 13044 12928 13044 14342 14342 13044 14628 14342 14628 15329 15329 14628 15410 15329 15410 14984 2747 2923 4241 4241 2923 4338 4241 4338 5595 5595 4338 5636 5595 5636 6855 6855 5636 6867 6855 6867 8009 8009 6867 8007 8009 8007 9357 9357 8007 9350 9357 9350 10504 10504 9350 10498 10504 10498 11650 11650 10498 11661 11650 11661 12794 12794 11661 12842 12794 12842 14016 14016 12842 14167 14016 14167 14884 14884 14167 15184 14884 15184 14455 14455 15184 14780 14455 14780 13368 13368 14780 13612 13368 13612 12330 5459 5401 6671 6671 5401 6696 6671 6696 8016 8016 6696 8011 8016 8011 9390 9390 8011 9368 9390 9368 10544 10544 9368 10520 10544 10520 11683 11683 10520 11657 11683 11657 12782 12782 11657 12774 12782 12774 13914 13914 12774 13948 13914 13948 14577 14577 13948 14711 14577 14711 14125 14125 14711 14286 14125 14286 13098 13098 14286 13234 13098 13234 12010 12010 13234 12100 12010 12100 10968 10968 12100 11024 10968 11024 9747 8151 8017 9431 9431 8017 9413 9431 9413 10627 10627 9413 10582 10627 10582 11783 11783 10582 11721 11783 11721 12866 12866 11721 12810 12866 12810 13966 13966 12810 13924 13966 13924 14509 14509 13924 14482 14509 14482 13990 13990 14482 14029 13990 14029 12923 12923 14029 12988 12923 12988 11864 11864 12988 11928 11864 11928 10732 10732 11928 10779 10732 10779 9696 9696 10779 9720 9696 9720 8383 8383 9720 8385 8383 8385 6950 10872 10675 11951 11951 10675 11860 11951 11860 13093 13093 11860 12963 13093 12963 14218 14218 12963 14048 14218 14048 14755 14755 14048 14617 14755 14617 14042 14042 14617 13997 14042 13997 12897 12897 13997 12894 12897 12894 11797 11797 12894 11819 11797 11819 10668 10668 11819 10692 10668 10692 9514 9514 10692 9676 9514 9676 8379 8379 9676 8381 8379 8381 6990 6990 8381 6970 6990 6970 5712 5712 6970 5664 5712 5664 4337 13516 13253 14705 14705 13253 14378 14705 14378 15227 15227 14378 14931 15227 14931 14304 14304 14931 14142 14304 14142 12995 12995 14142 12930 12995 12930 11818 11818 12930 11801 11818 11801 10653 10653 11801 10655 10653 10655 9497 9497 10655 9504 9497 9504 8375 8375 9504 8377 8375 8377 7022 7022 8377 7010 7022 7010 5798 5798 7010 5758 5798 5758 4521 4521 5758 4435 4521 4435 3110 3110 4435 2955 3110 2955 1388 15525 15369 14801 14801 15369 14516 14801 14516 13239 13239 14516 13100 13239 13100 11923 11923 13100 11859 11923 11859 10686 10686 11859 10665 10686 10665 9499 9499 10665 9496 9499 9496 8371 8371 9496 8373 8371 8373 7031 7031 8373 7029 7031 7029 5847 5847 7029 5830 5847 5830 4655 4655 5830 4596 4655 4596 3384 3384 4596 3265 3384 3265 1948 1948 3265 1649 1948 1649 933 933 1649 849 933 849 1132 13533 13377 12092 12092 13377 12000 12092 12000 10764 10764 12000 10722 10764 10722 9655 9655 10722 9507 9655 9507 8367 8367 9507 8369 8367 8369 7017 7017 8369 7024 7017 7024 5849 5849 7024 5856 5849 5856 4705 4705 5856 4691 4705 4691 3524 3524 4691 3475 3524 3475 2282 2282 3475 2127 2282 2127 1378 1378 2127 1076 1378 1076 1794 1794 1076 1477 1794 1477 2911 2911 1477 2666 2911 2666 3966 10887 10956 9705 9705 10956 9679 9705 9679 8358 8358 9679 8362 8358 8362 6985 6985 8362 7007 6985 7007 5808 5808 7007 5833 5808 5833 4671 4671 5833 4697 4671 4697 3536 3536 4697 3542 3536 3542 2392 2392 3542 2358 2392 2358 1698 1698 2358 1562 1698 1562 2147 2147 1562 1986 2147 1986 3176 3176 1986 3037 3176 3037 4293 4293 3037 4201 4293 4201 5357 5357 4201 5301 5357 5301 6593 8234 8361 6944 6944 8361 6962 6944 6962 5729 5729 6962 5772 5729 5772 4561 4561 5772 4632 4561 4632 3447 3447 4632 3506 3447 3506 2337 2337 3506 2382 2337 2382 1768 1768 2382 1802 1768 1802 2294 2294 1802 2253 2294 2253 3358 3358 2253 3293 3358 3293 4447 4447 3293 4379 4447 4379 5596 5596 4379 5549 5596 5549 6649 6649 5549 6619 6649 6619 7962 7962 6619 7958 7962 7958 9393 4282 5681 4387 4387 5681 4481 4387 4481 3212 3212 4481 3347 3212 3347 2078 2078 3347 2252 2078 2252 1518 1518 2252 1658 1518 1658 2240 2240 1658 2287 2240 2287 3389 3389 2287 3392 3389 3392 4516 4516 3392 4493 4516 4493 5659 5659 4493 5635 5659 5635 6694 6694 5635 6668 6694 6668 7966 7966 6668 7964 7966 7964 9353 9353 7964 9374 9353 9374 10611 10611 9374 10663 10611 10663 11968 1305 3052 1584 1584 3052 1908 1584 1908 1036 1036 1908 1337 1036 1337 1969 1969 1337 2132 1969 2132 3288 3288 2132 3351 3288 3351 4494 4494 3351 4514 4494 4514 5673 5673 4514 5672 5673 5672 6850 6850 5672 6841 6850 6841 7970 7970 6841 7968 7970 7968 9322 9322 7968 9334 9322 9334 10526 10526 9334 10567 10526 10567 11790 11790 10567 11874 11790 11874 13161 13161 11874 13320 13161 13320 14849 1068 891 1456 1456 891 1742 1456 1742 3035 3035 1742 3174 3035 3174 4384 4384 3174 4452 4384 4452 5641 5641 4452 5662 5641 5662 6848 6848 5662 6853 6848 6853 7974 7974 6853 7972 7974 7972 9314 9314 7972 9316 9314 9316 10477 10477 9316 10493 10477 10493 11667 11667 10493 11723 11667 11723 12900 12900 11723 13014 12900 13014 14325 14325 13014 14602 14325 14602 15326 15326 14602 15408 15326 15408 15137 3961 2903 4207 4207 2903 4303 4207 4303 5565 5565 4303 5606 5565 5606 6690 6690 5606 6701 6690 6701 7978 7978 6701 7976 7978 7976 9327 9327 7976 9320 9327 9320 10476 10476 9320 10468 10476 10468 11615 11615 10468 11631 11615 11631 12771 12771 11631 12819 12771 12819 14001 14001 12819 14144 14001 14144 14881 14881 14144 15182 14881 15182 14510 14510 15182 14794 14510 14794 13390 13390 14794 13628 13390 13628 12365 6608 5370 6638 6638 5370 6665 6638 6665 7988 7988 6665 7984 7988 7984 9359 9359 7984 9337 9359 9337 10515 10515 9337 10490 10515 10490 11651 11651 10490 11625 11651 11625 12759 12759 11625 12753 12759 12753 13900 13900 12753 13932 13900 13932 14574 14574 13932 14708 14574 14708 14143 14143 14708 14305 14143 14305 13128 13128 14305 13266 13128 13266 12041 12041 13266 12265 12041 12265 11002 11002 12265 11058 11002 11058 9780 9427 7985 9400 9400 7985 9381 9400 9381 10595 10595 9381 10552 10595 10552 11753 11753 10552 11691 11753 11691 12843 12843 11691 12789 12843 12789 13949 13949 12789 13910 13949 13910 14503 14503 13910 14480 14503 14480 14004 14004 14480 14045 14004 14045 12952 12952 14045 13015 12952 13015 11892 11892 13015 11958 11892 11958 10763 10763 11958 10948 10763 10948 9726 9726 10948 9753 9726 9753 8413 8413 9753 8415 8413 8415 6983 12021 10648 11919 11919 10648 11829 11919 11829 13063 13063 11829 12934 13063 12934 14192 14192 12934 14028 14192 14028 14753 14753 14028 14614 14753 14614 14059 14059 14614 14009 14059 14009 12921 12921 14009 12919 12921 12919 11826 11826 12919 11849 11826 11849 10696 10696 11849 10723 10696 10723 9680 9680 10723 9706 9680 9706 8409 8409 9706 8411 8409 8411 7023 7023 8411 7002 7023 7002 5744 5744 7002 5693 5744 5693 4369 14952 13217 14669 14669 13217 14365 14669 14365 15224 15224 14365 14929 15224 14929 14319 14319 14929 14162 14319 14162 13021 13021 14162 12957 13021 12957 11848 11848 12957 11827 11848 11827 10682 10682 11827 10684 10682 10684 9661 9661 10684 9670 9661 9670 8405 8405 9670 8407 8405 8407 7053 7053 8407 7041 7053 7041 5828 5828 7041 5787 5828 5787 4552 4552 5787 4465 4552 4465 3147 3147 4465 2982 3147 2982 1427 15200 15367 14815 14815 15367 14546 14815 14546 13268 13268 14546 13134 13268 13134 11952 11952 13134 11887 11952 11887 10717 10717 11887 10694 10717 10694 9663 9663 10694 9658 9663 9658 8401 8401 9658 8403 8401 8403 7063 7063 8403 7061 7063 7061 5879 5879 7061 5862 5879 5862 4684 4684 5862 4629 4684 4629 3411 3411 4629 3296 3411 3296 1965 1965 3296 1686 1965 1686 935 935 1686 851 935 851 1114 12370 13397 12262 12262 13397 12032 12262 12032 10793 10793 12032 10752 10793 10752 9684 9684 10752 9674 9684 9674 8394 8394 9674 8399 8394 8399 7048 7048 8399 7057 7048 7057 5880 5880 7057 5889 5880 5889 4736 4736 5889 4723 4736 4723 3545 3545 4723 3497 3545 3497 2299 2299 3497 2150 2299 2150 1381 1381 2150 1081 1381 1081 1752 1752 1081 1461 1752 1461 2890 2890 1461 2650 2890 2650 3941 9766 10987 9736 9736 10987 9710 9736 9710 8389 8389 9710 8390 8389 8390 7016 7016 8390 7036 7016 7036 5839 5839 7036 5864 5839 5864 4704 4704 5864 4728 4704 4728 3556 3556 4728 3562 3556 3562 2407 2407 3562 2375 2407 2375 1702 1702 2375 1564 1702 1564 2130 2130 1564 1970 2130 1970 3148 3148 1970 3008 3148 3008 4262 4262 3008 4032 4262 4032 5323 5323 4032 5263 5323 5263 6559 6949 8393 6975 6975 8393 6993 6975 6993 5760 5760 6993 5802 5760 5802 4595 4595 5802 4662 4595 4662 3474 3474 4662 3529 3474 3529 2357 2357 3529 2397 2357 2397 1771 1771 2397 1806 1771 1806 2278 2278 1806 2236 2278 2236 3332 3332 2236 3264 3332 3264 4418 4418 3264 4348 4418 4348 5566 5566 4348 5378 5566 5378 6615 6615 5378 6588 6615 6588 7929 7929 6588 7927 7929 7927 9361 4317 5708 4421 4421 5708 4515 4421 4515 3245 3245 4515 3377 3245 3377 2102 2102 3377 2272 2102 2272 1520 1520 2272 1662 1520 1662 2221 2221 1662 2273 2221 2273 3361 3361 2273 3364 3361 3364 4485 4485 3364 4461 4485 4461 5630 5630 4461 5605 5630 5605 6664 6664 5605 6637 6664 6637 7933 7933 6637 7931 7933 7931 9321 9321 7931 9342 9321 9342 10581 10581 9342 10631 10581 10631 11935 1316 3089 1615 1615 3089 1923 1615 1923 1038 1038 1923 1339 1038 1339 1955 1955 1339 2110 1955 2110 3257 3257 2110 3325 3257 3325 4463 4463 3325 4484 4463 4484 5645 5645 4484 5644 5645 5644 6686 6686 5644 6674 6686 6674 7937 7937 6674 7935 7937 7935 9290 9290 7935 9302 9290 9302 10495 10495 9302 10536 10495 10536 11762 11762 10536 11845 11762 11845 13127 13127 11845 13291 13127 13291 14828 1052 893 1440 1440 893 1712 1440 1712 3005 3005 1712 3143 3005 3143 4354 4354 3143 4420 4354 4420 5611 5611 4420 5634 5611 5634 6681 6681 5634 6688 6681 6688 7942 7942 6688 7939 7942 7939 9283 9283 7939 9284 9283 9284 10447 10447 9284 10464 10447 10464 11635 11635 10464 11694 11635 11694 12875 12875 11694 12986 12875 12986 14307 14307 12986 14560 14307 14560 15321 15321 14560 15406 15321 15406 15154 3937 2883 4038 4038 2883 4270 4038 4270 5394 5394 4270 5576 5394 5576 6658 6658 5576 6669 6658 6669 7949 7949 6669 7944 7949 7944 9296 9296 7944 9288 9296 9288 10446 10446 9288 10438 10446 10438 11586 11586 10438 11599 11586 11599 12750 12750 11599 12796 12750 12796 13984 13984 12796 14123 13984 14123 14879 14879 14123 15179 14879 15179 14540 14540 15179 14808 14540 14808 13408 13408 14808 13643 13408 13643 12392 6575 5339 6604 6604 5339 6633 6604 6633 7954 7954 6633 7953 7954 7953 9329 9329 7953 9310 9329 9310 10485 10485 9310 10461 10485 10461 11619 11619 10461 11594 11619 11594 12740 12740 11594 12733 12740 12733 13885 13885 12733 13915 13885 13915 14571 14571 13915 14703 14571 14703 14164 14164 14703 14317 14164 14317 13156 13156 14317 13294 13156 13294 12072 12072 13294 12297 12072 12297 11032 11032 12297 11092 11032 11092 9813 9396 7950 9369 9369 7950 9351 9369 9351 10565 10565 9351 10523 10565 10523 11725 11725 10523 11660 11725 11660 12821 12821 11660 12766 12821 12766 13934 13934 12766 13893 13934 13893 14497 14497 13893 14474 14497 14474 14020 14020 14474 14063 14020 14063 12978 12978 14063 13043 12978 13043 11921 11921 13043 11986 11921 11986 10792 10792 11986 10979 10792 10979 9757 9757 10979 9783 9757 9783 8445 8445 9783 8447 8445 8447 7014 11989 10616 11885 11885 10616 11795 11885 11795 13032 13032 11795 12907 13032 12907 14170 14170 12907 14010 14170 14010 14751 14751 14010 14612 14751 14612 14077 14077 14612 14026 14077 14026 12947 12947 14026 12942 12947 12942 11854 11854 12942 11877 11854 11877 10729 10729 11877 10754 10729 10754 9711 9711 10754 9737 9711 9737 8441 8441 9737 8443 8441 8443 7056 7056 8443 7034 7056 7034 5775 5775 7034 5724 5775 5724 4403 14941 13181 14644 14644 13181 14349 14644 14349 15222 15222 14349 14926 15222 14926 14333 14333 14926 14184 14333 14184 13047 13047 14184 12982 13047 12982 11876 11876 12982 11855 11876 11855 10713 10713 11855 10714 10713 10714 9687 9687 10714 9698 9687 9698 8437 8437 9698 8439 8437 8439 7085 7085 8439 7073 7085 7073 5859 5859 7073 5818 5859 5818 4586 4586 5818 4498 4586 4498 3179 3179 4498 3015 3179 3015 1447 15217 15365 14832 14832 15365 14587 14832 14587 13300 13300 14587 13162 13300 13162 11983 11983 13162 11918 11983 11918 10747 10747 11918 10724 10747 10724 9691 9691 10724 9686 9691 9686 8431 8431 9686 8434 8431 8434 7092 7092 8434 7091 7092 7091 5927 5927 7091 5895 5927 5895 4715 4715 5895 4659 4715 4659 3438 3438 4659 3326 3438 3326 1985 1985 3326 1735 1985 1735 938 938 1735 853 938 853 1094 12395 13415 12292 12292 13415 12064 12292 12064 10963 10963 12064 10782 10963 10782 9717 9717 10782 9704 9717 9704 8423 8423 9704 8427 8423 8427 7079 7079 8427 7087 7079 7087 5930 5930 7087 5937 5930 5937 4767 4767 5937 4750 4767 4750 3564 3564 4750 3522 3564 3522 2318 2318 3522 2172 2318 2172 1384 1384 2172 1084 1384 1084 1718 1718 1084 1450 1718 1450 2870 2870 1450 2634 2870 2634 3916 9797 11021 9768 9768 11021 9741 9768 9741 8420 8420 9741 8419 8420 8419 7046 7046 8419 7067 7046 7067 5870 5870 7067 5913 5870 5913 4735 4735 5913 4758 4735 4758 3575 3575 4758 3582 3575 3582 2423 2423 3582 2391 2423 2391 1708 1708 2391 1568 1708 1568 2108 2108 1568 1957 2108 1957 3119 3119 1957 2979 3119 2979 4230 4230 2979 4002 4230 4002 5292 5292 4002 5232 5292 5232 6527 6980 8424 7004 7004 8424 7025 7004 7025 5789 5789 7025 5831 5789 5831 4628 4628 5831 4692 4628 4692 3496 3496 4692 3549 3496 3549 2372 2372 3549 2415 2372 2415 1774 1774 2415 1811 1774 1811 2263 2263 1811 2217 2263 2217 3304 3304 2217 3233 3304 3233 4386 4386 3233 4319 4386 4319 5395 5395 4319 5348 5395 5348 6583 6583 5348 6556 6583 6556 7899 7899 6556 7897 7899 7897 9330 4351 5740 4455 4455 5740 4544 4455 4544 3279 3279 4544 3405 3279 3405 2126 2126 3405 2288 2126 2288 1522 1522 2288 1665 1522 1665 2204 2204 1665 2256 2204 2256 3334 3334 2256 3338 3334 3338 4456 4456 3338 4432 4456 4432 5599 5599 4432 5574 5599 5574 6632 6632 5574 6605 6632 6605 7903 7903 6605 7901 7903 7901 9289 9289 7901 9311 9289 9311 10549 10549 9311 10599 10549 10599 11905 1327 3123 1637 1637 3123 1943 1637 1943 1040 1040 1943 1341 1040 1341 1938 1938 1341 2089 1938 2089 3230 3230 2089 3299 3230 3299 4433 4433 3299 4454 4433 4454 5616 5616 4454 5614 5616 5614 6657 6657 5614 6645 6657 6645 7907 7907 6645 7905 7907 7905 9258 9258 7905 9271 9258 9271 10467 10467 9271 10506 10467 10506 11732 11732 10506 11813 11732 11813 13097 13097 11813 13257 13097 13257 14809 1025 895 1423 1423 895 1671 1423 1671 2977 2977 1671 3111 2977 3111 4324 4324 3111 4389 4324 4389 5581 5581 4389 5604 5581 5604 6653 6653 5604 6659 6653 6659 7911 7911 6659 7909 7911 7909 9251 9251 7909 9253 9251 9253 10415 10415 9253 10436 10415 10436 11606 11606 10436 11665 11606 11665 12851 12851 11665 12954 12851 12954 14287 14287 12954 14523 14287 14523 15319 15319 14523 15404 15319 15404 15180 3914 2864 4006 4006 2864 4240 4006 4240 5363 5363 4240 5547 5363 5547 6624 6624 5547 6639 6624 6639 7920 7920 6639 7916 7920 7916 9264 9264 7916 9256 9264 9256 10412 10412 9256 10405 10412 10405 11557 11557 10405 11573 11557 11573 12732 12732 11573 12772 12732 12772 13967 13967 12772 14098 13967 14098 14875 14875 14098 15176 14875 15176 14578 14578 15176 14821 14578 14821 13431 13431 14821 13659 13431 13659 12414 6543 5304 6572 6572 5304 6601 6572 6601 7921 7921 6601 7924 7921 7924 9297 9297 7924 9278 9297 9278 10455 10455 9278 10429 10455 10429 11587 11587 10429 11565 11587 11565 12724 12724 11565 12715 12724 12715 13871 13871 12715 13901 13871 13901 14566 14566 13901 14701 14566 14701 14185 14185 14701 14331 14185 14331 13185 13185 14331 13321 13185 13321 12101 12101 13321 12326 12101 12326 11065 11065 12326 11126 11065 11126 9845 9363 7917 9341 9341 7917 9319 9341 9319 10535 10535 9319 10492 10535 10492 11695 11695 10492 11627 11695 11627 12798 12798 11627 12746 12798 12746 13918 13918 12746 13880 13918 13880 14495 14495 13880 14468 14495 14468 14036 14036 14468 14080 14036 14080 13006 13006 14080 13072 13006 13072 11950 11950 13072 12018 11950 12018 10962 10962 12018 11008 10962 11008 9786 9786 11008 9814 9786 9814 8475 8475 9814 8477 8475 8477 7045 11955 10585 11853 11853 10585 11770 11853 11770 13001 13001 11770 12882 13001 12882 14146 14146 12882 13994 14146 13994 14744 14744 13994 14608 14744 14608 14094 14094 14608 14041 14094 14041 12974 12974 14041 12970 12974 12970 11883 11883 12970 11909 11883 11909 10759 10759 11909 10784 10759 10784 9742 9742 10784 9767 9742 9767 8471 8471 9767 8473 8471 8473 7086 7086 8473 7066 7086 7066 5805 5805 7066 5755 5805 5755 4437 14916 13150 14627 14627 13150 14329 14627 14329 15219 15219 14329 14922 15219 14922 14350 14350 14922 14204 14350 14204 13077 13077 14204 13012 13077 13012 11908 11908 13012 11884 11908 11884 10743 10743 11884 10744 10743 10744 9718 9718 10744 9729 9718 9729 8467 8467 9729 8469 8467 8469 7116 7116 8469 7103 7116 7103 5891 5891 7103 5848 5891 5848 4621 4621 5848 4531 4621 4531 3210 3210 4531 3047 3210 3047 1462 15237 15363 14856 14856 15363 14623 14856 14623 13327 13327 14623 13189 13327 13189 12013 12013 13189 11948 12013 11948 10778 10778 11948 10755 10778 10755 9722 9722 10755 9716 9722 9716 8461 8461 9716 8465 8461 8465 7123 7123 8465 7121 7123 7121 5957 5957 7121 5940 5957 5940 4746 4746 5940 4687 4746 4687 3463 3463 4687 3356 3463 3356 2005 2005 3356 1780 2005 1780 943 943 1780 855 943 855 1064 12416 13435 12323 12323 13435 12093 12323 12093 10995 10995 12093 10950 10995 10950 9748 9748 10950 9735 9748 9735 8454 8454 9735 8458 8454 8458 7109 7109 8458 7118 7109 7118 5960 5960 7118 5970 5960 5970 4793 4793 5970 4778 4793 4778 3584 3584 4778 3544 3584 3544 2335 2335 3544 2199 2335 2199 1389 1389 2199 1086 1389 1086 1679 1679 1086 1437 1679 1437 2846 2846 1437 2619 2846 2619 3897 9829 11054 9798 9798 11054 9771 9798 9771 8453 8453 9771 8450 8453 8450 7078 7078 8450 7097 7078 7097 5917 5917 7097 5945 5917 5945 4766 4766 5945 4785 4766 4785 3592 3592 4785 3601 3592 3601 2435 2435 3601 2406 2435 2406 1714 1714 2406 1572 1714 1572 2088 2088 1572 1941 2088 1941 3088 3088 1941 2957 3088 2957 4200 4200 2957 3972 4200 3972 5258 5258 3972 5199 5258 5199 6494 7013 8457 7035 7035 8457 7059 7035 7059 5819 5819 7059 5863 5819 5863 4658 4658 5863 4725 4658 4725 3521 3521 4725 3570 3521 3570 2387 2387 3570 2426 2387 2426 1781 1781 2426 1815 1781 1815 2248 2248 1815 2198 2248 2198 3276 3276 2198 3204 3276 3204 4356 4356 3204 4286 4356 4286 5365 5365 4286 5317 5365 5317 6553 6553 5317 6526 6553 6526 7868 7868 6526 7866 7868 7866 9298 4382 5771 4489 4489 5771 4575 4489 4575 3312 3312 4575 3430 3312 3430 2149 2149 3430 2308 2149 2308 1524 1524 2308 1667 1524 1667 2181 2181 1667 2242 2181 2242 3308 3308 2242 3310 3308 3310 4425 4425 3310 4401 4425 4401 5571 5571 4401 5543 5571 5543 6600 6600 5543 6573 6600 6573 7872 7872 6573 7870 7872 7870 9257 9257 7870 9279 9257 9279 10517 10517 9279 10569 10517 10569 11871 1361 3156 1660 1660 3156 1960 1660 1960 1042 1042 1960 1344 1042 1344 1924 1924 1344 2067 1924 2067 3200 3200 2067 3268 3200 3268 4402 4402 3268 4423 4402 4423 5587 5587 4423 5584 5587 5584 6623 6623 5584 6613 6623 6613 7877 7877 6613 7874 7877 7874 9229 9229 7874 9242 9229 9242 10437 10437 9242 10475 10437 10475 11702 11702 10475 11781 11702 11781 13065 13065 11781 13222 13065 13222 14793 1019 897 1385 1385 897 1642 1385 1642 2951 2951 1642 3082 2951 3082 4290 4290 3082 4358 4290 4358 5552 5552 4358 5573 5552 5573 6620 6620 5573 6626 6620 6626 7884 7884 6626 7879 7884 7879 9221 9221 7879 9223 9221 9223 10386 10386 9223 10402 10386 10402 11577 11577 10402 11633 11577 11633 12827 12827 11633 12926 12827 12926 14266 14266 12926 14462 14266 14462 15316 15316 14462 15402 15316 15402 15202 3896 2703 3975 3975 2703 4209 3975 4209 5331 5331 4209 5375 5331 5375 6594 6594 5375 6606 6594 6606 7892 7892 6606 7888 7892 7888 9235 9235 7888 9226 9235 9226 10384 10384 9226 10377 10384 10377 11534 11534 10377 11546 11534 11546 12712 12712 11546 12751 12712 12751 13952 13952 12751 14076 13952 14076 14872 14872 14076 15173 14872 15173 14611 14611 15173 14836 14611 14836 13589 13589 14836 13670 13589 13670 12432 6513 5270 6541 6541 5270 6569 6541 6569 7889 7889 6569 7893 7889 7893 9265 9265 7893 9247 9265 9247 10424 10424 9247 10397 10424 10397 11558 11558 10397 11540 11558 11540 12702 12702 11540 12693 12702 12693 13859 13859 12693 13884 13859 13884 14563 14563 13884 14694 14563 14694 14205 14205 14694 14348 14205 14348 13216 13216 14348 13343 13216 13343 12266 12266 13343 12358 12266 12358 11096 11096 12358 11158 11096 11158 9879 9332 7885 9309 9309 7885 9286 9309 9286 10503 10503 9286 10462 10503 10462 11666 11666 10462 11598 11666 11598 12773 12773 11598 12729 12773 12729 13904 13904 12729 13866 13904 13866 14492 14492 13866 14463 14492 14463 14051 14051 14463 14096 14051 14096 13033 13033 14096 13102 13033 13102 11981 11981 13102 12047 11981 12047 10992 10992 12047 11039 10992 11039 9818 9818 11039 9846 9818 9846 8505 8505 9846 8507 8505 8507 7077 11926 10553 11821 11821 10553 11740 11821 11740 12967 12967 11740 12859 12967 12859 14122 14122 12859 13979 14122 13979 14742 14742 13979 14604 14742 14604 14112 14112 14604 14057 14112 14057 13003 13003 14057 13000 13003 13000 11915 11915 13000 11936 11915 11936 10787 10787 11936 10952 10787 10952 9772 9772 10952 9795 9772 9795 8501 8501 9795 8503 8501 8503 7117 7117 8503 7096 7117 7096 5834 5834 7096 5786 5834 5786 4469 14887 13117 14593 14593 13117 14311 14593 14311 15215 15215 14311 14918 15215 14918 14363 14363 14918 14223 14363 14223 13108 13108 14223 13038 13108 13038 11937 11937 13038 11916 11937 11916 10771 10771 11916 10772 10771 10772 9749 9749 10772 9758 9749 9758 8497 8497 9758 8499 8497 8499 7146 7146 8499 7132 7146 7132 5939 5939 7132 5882 5939 5882 4649 4649 5882 4564 4649 4564 3246 3246 4564 3084 3246 3084 1479 15244 15361 14896 14896 15361 14635 14896 14635 13349 13349 14635 13221 13349 13221 12044 12044 13221 11979 12044 11979 10945 10945 11979 10783 10945 10783 9752 9752 10783 9746 9752 9746 8490 8490 9746 8495 8490 8495 7153 7153 8495 7152 7153 7152 5991 5991 7152 5974 5991 5974 4776 4776 5974 4719 4776 4719 3491 3491 4719 3388 3491 3388 2027 2027 3388 1842 2027 1842 945 945 1842 857 945 857 1049 12435 13594 12354 12354 13594 12125 12354 12125 11026 11026 12125 10983 11026 10983 9777 9777 10983 9764 9777 9764 8482 8482 9764 8486 8482 8486 7140 7140 8486 7149 7140 7149 5993 5993 7149 6000 5993 6000 4819 4819 6000 4803 4819 4803 3605 3605 4803 3566 3605 3566 2353 2353 3566 2226 2353 2226 1395 1395 2226 1091 1395 1091 1647 1647 1091 1417 1647 1417 2690 2690 1417 2609 2690 2609 3879 9862 11085 9830 9830 11085 9801 9830 9801 8485 8485 9801 8481 8485 8481 7110 7110 8481 7127 7110 7127 5948 5948 7127 5978 5948 5978 4791 4791 5978 4809 4791 4809 3614 3614 4809 3622 3614 3622 2449 2449 3622 2424 2449 2424 1716 1716 2424 1576 1716 1576 2068 2068 1576 1925 2068 1925 3056 3056 1925 2933 3056 2933 4033 4033 2933 3946 4033 3946 5227 5227 3946 5166 5227 5166 6461 7044 8489 7068 7068 8489 7090 7068 7090 5851 5851 7090 5904 5851 5904 4686 4686 5904 4754 4686 4754 3543 3543 4754 3587 3543 3587 2401 2401 3587 2442 2401 2442 1786 1786 2442 1823 1786 1823 2230 2230 1823 2178 2230 2178 3244 3244 2178 3173 3244 3173 4325 4325 3173 4256 4325 4256 5334 5334 4256 5283 5334 5283 6523 6523 5283 6493 6523 6493 7837 7837 6493 7831 7837 7831 9266 4415 5801 4522 4522 5801 4610 4522 4610 3343 3343 4610 3456 3343 3456 2173 2173 3456 2323 2173 2323 1526 1526 2323 1673 1526 1673 2160 2160 1673 2225 2160 2225 3278 3278 2225 3281 3278 3281 4393 4393 3281 4371 4393 4371 5402 5402 4371 5374 5402 5374 6567 6567 5374 6544 6567 6544 7841 7841 6544 7839 7841 7839 9227 9227 7839 9246 9227 9246 10489 10489 9246 10538 10489 10538 11840 1399 3191 1704 1704 3191 1978 1704 1978 1044 1044 1978 1346 1044 1346 1911 1911 1346 2050 1911 2050 3167 3167 2050 3240 3167 3240 4370 4370 3240 4392 4370 4392 5557 5557 4392 5556 5557 5556 6592 6592 5556 6582 6592 6582 7845 7845 6582 7843 7845 7843 9199 9199 7843 9212 9199 9212 10403 10403 9212 10445 10403 10445 11674 11674 10445 11751 11674 11751 13031 13031 11751 13184 13031 13184 14776 1012 899 1358 1358 899 1629 1358 1629 2929 2929 1629 3050 2929 3050 4259 4259 3050 4327 4259 4327 5383 5383 4327 5544 5383 5544 6589 6589 5544 6596 6589 6596 7854 7854 6596 7850 7854 7850 9191 9191 7850 9192 9191 9192 10356 10356 9192 10372 10356 10372 11550 11550 10372 11602 11550 11602 12803 12803 11602 12896 12803 12896 14244 14244 12896 14420 14244 14420 15314 15314 14420 15400 15314 15400 15220 3877 2685 3949 3949 2685 4039 3949 4039 5299 5299 4039 5344 5299 5344 6561 6561 5344 6577 6561 6577 7861 7861 6577 7857 7861 7857 9208 9208 7857 9195 9208 9195 10355 10355 9195 10348 10355 10348 11505 11505 10348 11519 11505 11519 12691 12691 11519 12731 12691 12731 13936 13936 12731 14054 13936 14054 14868 14868 14054 15167 14868 15167 14629 14629 15167 14871 14629 14871 13604 13604 14871 13680 13604 13680 12452 6476 5239 6511 6511 5239 6538 6511 6538 7858 7858 6538 7862 7858 7862 9234 9234 7862 9217 9234 9217 10394 10394 9217 10368 10394 10368 11535 11535 10368 11513 11535 11513 12683 12683 11513 12676 12683 12676 13842 13842 12676 13868 13842 13868 14557 14557 13868 14690 14557 14690 14222 14222 14690 14361 14222 14361 13248 13248 14361 13365 13248 13365 12294 12294 13365 12383 12294 12383 11131 11131 12383 11194 11131 11194 9910 9300 7853 9275 9275 7853 9252 9275 9252 10474 10474 9252 10430 10474 10430 11632 11632 10430 11568 11632 11568 12752 12752 11568 12709 12752 12709 13890 13890 12709 13849 13890 13849 14485 14485 13849 14450 14485 14450 14069 14069 14450 14113 14069 14113 13061 13061 14113 13133 13061 13133 12011 12011 13133 12077 12011 12077 11023 11023 12077 11073 11023 11073 9850 9850 11073 9880 9850 9880 8536 8536 9880 8543 8536 8543 7107 11891 10522 11789 11789 10522 11713 11789 11713 12937 12937 11713 12832 12937 12832 14097 14097 12832 13962 14097 13962 14735 14735 13962 14600 14735 14600 14131 14131 14600 14072 14131 14072 13030 13030 14072 13028 13030 13028 11944 11944 13028 11965 11944 11965 10955 10955 11965 10982 10955 10982 9802 9802 10982 9827 9802 9827 8532 8532 9827 8534 8532 8534 7148 7148 8534 7128 7148 7128 5866 5866 7128 5817 5866 5817 4504 14839 13083 14547 14547 13083 14290 14547 14290 15213 15213 14290 14914 15213 14914 14374 14374 14914 14241 14374 14241 13139 13139 14241 13067 13139 13067 11966 11966 13067 11945 11966 11945 10941 10941 11945 10942 10941 10942 9778 9778 10942 9785 9778 9785 8528 8528 9785 8530 8528 8530 7174 7174 8530 7163 7174 7163 5973 5973 7163 5931 5973 5931 4678 4678 5931 4597 4678 4597 3280 3280 4597 3122 3280 3122 1497 15252 15359 14913 14913 15359 14651 14913 14651 13370 13370 14651 13251 13370 13251 12074 12074 13251 12009 12074 12009 10972 10972 12009 10951 10972 10951 9782 9782 10951 9776 9782 9776 8519 8519 9776 8523 8519 8523 7185 7185 8523 7184 7185 7184 6021 6021 7184 6005 6021 6005 4800 4800 6005 4748 4800 4748 3515 3515 4748 3416 3515 3416 2049 2049 3416 1875 2049 1875 949 949 1875 859 949 859 1023 12456 13609 12380 12380 13609 12290 12380 12290 11061 11061 12290 11013 11061 11013 9809 9809 11013 9793 9809 9793 8509 8509 9793 8515 8509 8515 7167 7167 8515 7180 7167 7180 6023 6023 7180 6029 6023 6029 4845 4845 6029 4833 4845 4833 3623 3623 4833 3585 3623 3585 2370 2370 3585 2246 2370 2246 1401 1401 2246 1093 1401 1093 1635 1635 1093 1376 1635 1376 2674 2674 1376 2599 2674 2599 3862 9897 11118 9864 9864 11118 9833 9864 9833 8516 8516 9833 8510 8516 8510 7141 7141 8510 7158 7141 7158 5982 5982 7158 6009 5982 6009 4817 4817 6009 4838 4817 4838 3632 3632 4838 3642 3632 3642 2467 2467 3642 2438 2467 2438 1723 1723 2438 1581 1723 1581 2051 2051 1581 1914 2051 1914 3025 3025 1914 2914 3025 2914 4003 4003 2914 3922 4003 3922 5195 5195 3922 5131 5195 5131 6429 7076 8521 7099 7099 8521 7122 7099 7122 5883 5883 7122 5944 5883 5944 4720 4720 5944 4782 4720 4782 3565 3565 4782 3609 3565 3609 2419 2419 3609 2458 2419 2458 1803 1803 2458 1827 1803 1827 2212 2212 1827 2159 2212 2159 3219 3219 2159 3145 3219 3145 4292 4292 3145 4224 4292 4224 5302 5302 4224 5251 5302 5251 6489 6489 5251 6459 6489 6459 7807 7807 6459 7799 7807 7799 9236 4451 5832 4556 4556 5832 4643 4556 4643 3376 3376 4643 3486 3376 3486 2201 2201 3486 2344 2201 2344 1529 1529 2344 1675 1529 1675 2143 2143 1675 2207 2143 2207 3248 3248 2207 3252 3248 3252 4362 4362 3252 4341 4362 4341 5371 5371 4341 5345 5371 5345 6537 6537 5345 6514 6537 6514 7811 7811 6514 7809 7811 7809 9196 9196 7809 9216 9196 9216 10459 10459 9216 10505 10459 10505 11807 1436 3224 1748 1748 3224 1999 1748 1999 1047 1047 1999 1348 1047 1348 1902 1902 1348 2031 1902 2031 3136 3136 2031 3209 3136 3209 4340 4340 3209 4361 4340 4361 5388 5388 4361 5386 5388 5386 6562 6562 5386 6554 6562 6554 7815 7815 6554 7813 7815 7813 9170 9170 7813 9182 9170 9182 10373 10373 9182 10411 10373 10411 11641 11641 10411 11722 11641 11722 12998 12998 11722 13151 12998 13151 14756 1004 901 1336 1336 901 1609 1336 1609 2910 2910 1609 3021 2910 3021 4229 4229 3021 4294 4229 4294 5354 5354 4294 5376 5354 5376 6557 6557 5376 6563 6557 6563 7824 7824 6563 7820 7824 7820 9161 9161 7820 9162 9161 9162 10329 10329 9162 10344 10329 10344 11525 11525 10344 11572 11525 11572 12776 12776 11572 12870 12776 12870 14221 14221 12870 14393 14221 14393 15312 15312 14393 15398 15312 15398 15238 3860 2669 3925 3925 2669 4008 3925 4008 5264 5264 4008 5312 5264 5312 6531 6531 5312 6546 6531 6546 7835 7835 6546 7830 7835 7830 9177 9177 7830 9167 9177 9167 10325 10325 9167 10321 10325 10321 11482 11482 10321 11493 11482 11493 12675 12675 11493 12711 12675 12711 13919 13919 12711 14032 13919 14032 14857 14857 14032 15162 14857 15162 14643 14643 15162 14901 14643 14901 13618 13618 14901 13692 13618 13692 12467 6443 5209 6474 6474 5209 6508 6474 6508 7825 7825 6508 7832 7825 7832 9204 9204 7832 9186 9204 9186 10364 10364 9186 10340 10364 10340 11506 11506 10340 11488 11506 11488 12665 12665 11488 12658 12665 12658 13825 13825 12658 13855 13825 13855 14550 14550 13855 14683 14550 14683 14240 14240 14683 14372 14240 14372 13279 13279 14372 13386 13279 13386 12325 12325 13386 12408 12325 12408 11162 11162 12408 11226 11162 11226 9941 9268 7821 9244 9244 7821 9222 9244 9222 10443 10443 9222 10398 10443 10398 11601 11601 10398 11543 11601 11543 12730 12730 11543 12688 12730 12688 13873 13873 12688 13836 13873 13836 14476 14476 13836 14445 14476 14445 14085 14085 14445 14134 14085 14134 13087 13087 14134 13159 13087 13159 12042 12042 13159 12107 12042 12107 11056 11056 12107 11104 11056 11104 9884 9884 11104 9912 9884 9912 8567 8567 9912 8577 8567 8577 7139 11858 10491 11759 11759 10491 11680 11759 11680 12908 12908 11680 12808 12908 12808 14074 14074 12808 13947 14074 13947 14731 14731 13947 14595 14731 14595 14150 14150 14595 14090 14150 14090 13056 13056 14090 13054 13056 13054 11975 11975 13054 11993 11975 11993 10986 10986 11993 11012 10986 11012 9834 9834 11012 9860 9834 9860 8563 8563 9860 8565 8563 8565 7181 7181 8565 7159 7181 7159 5915 5915 7159 5850 5915 5850 4535 14818 13050 14506 14506 13050 14272 14506 14272 15209 15209 14272 14910 15209 14910 14384 14384 14910 14258 14384 14258 13167 13167 14258 13096 13167 13096 11994 11994 13096 11976 11994 11976 10967 10967 11976 10970 10967 10970 9808 9808 10970 9817 9808 9817 8559 8559 9817 8561 8559 8561 7206 7206 8561 7194 7206 7194 6006 6006 7194 5962 6006 5962 4712 4712 5962 4633 4712 4633 3314 3314 4633 3157 3314 3157 1531 15259 15357 14937 14937 15357 14670 14937 14670 13389 13389 14670 13283 13389 13283 12102 12102 13283 12040 12102 12040 11004 11004 12040 10981 11004 10981 9812 9812 10981 9807 9812 9807 8549 8549 9807 8554 8549 8554 7215 7215 8554 7214 7215 7214 6050 6050 7214 6034 6050 6034 4831 4831 6034 4779 4831 4779 3540 3540 4779 3443 3540 3443 2072 2072 3443 1895 2072 1895 951 951 1895 861 951 861 1017 12470 13625 12404 12404 13625 12321 12404 12321 11091 11091 12321 11043 11091 11043 9842 9842 11043 9825 9842 9825 8538 8538 9825 8542 8538 8542 7199 7199 8542 7209 7199 7209 6052 6052 7209 6058 6052 6058 4868 4868 6058 4856 4868 4856 3643 3643 4856 3607 3643 3607 2388 2388 3607 2266 2388 2266 1415 1415 2266 1099 1415 1099 1619 1619 1099 1352 1619 1352 2662 2662 1352 2589 2662 2589 3844 9928 11147 9895 9895 11147 9866 9895 9866 8546 8546 9866 8541 8546 8541 7171 7171 8541 7190 7171 7190 6013 6013 7190 6039 6013 6039 4844 4844 6039 4861 4844 4861 3650 3650 4861 3657 3650 3657 2482 2482 3657 2451 2482 2451 1727 1727 2451 1588 1727 1588 2034 2034 1588 1904 2034 1904 2996 2996 1904 2894 2996 2894 3973 3973 2894 3903 3973 3903 5164 5164 3903 5104 5164 5104 6397 7106 8553 7131 7131 8553 7155 7131 7155 5934 5934 7155 5979 5934 5979 4749 4749 5979 4806 4749 4806 3586 3586 4806 3627 3586 3627 2433 2433 3627 2472 2433 2472 1812 1812 2472 1832 1812 1832 2194 2194 1832 2141 2194 2141 3192 3192 2141 3117 3192 3117 4261 4261 3117 4055 4261 4055 5269 5269 4055 5221 5269 5221 6457 6457 5221 6428 6457 6428 7777 7777 6428 7765 7777 7765 9205 4487 5865 4587 4587 5865 4675 4587 4675 3403 3403 4675 3510 3403 3510 2227 2227 3510 2361 2227 2361 1535 1535 2361 1681 1535 1681 2124 2124 1681 2187 2124 2187 3221 3221 2187 3226 3221 3226 4332 4332 3226 4313 4332 4313 5343 5343 4313 5313 5343 5313 6507 6507 5313 6480 6507 6480 7781 7781 6480 7779 7781 7779 9165 9165 7779 9184 9165 9184 10425 10425 9184 10472 10425 10472 11776 1455 3258 1808 1808 3258 2020 1808 2020 1050 1050 2020 1351 1050 1351 1889 1889 1351 2016 1889 2016 3107 3107 2016 3182 3107 3182 4312 4312 3182 4331 4312 4331 5359 5359 4331 5358 5359 5358 6532 6532 5358 6525 6532 6525 7787 7787 6525 7783 7787 7783 9140 9140 7783 9152 9140 9152 10342 10342 9152 10380 10342 10380 11608 11608 10380 11690 11608 11690 12966 12966 11690 13116 12966 13116 14719 997 903 1320 1320 903 1587 1320 1587 2892 2892 1587 2991 2892 2991 4195 4195 2991 4263 4195 4263 5321 5321 4263 5347 5321 5347 6528 6528 5347 6533 6528 6533 7796 7796 6533 7790 7796 7790 9131 9131 7790 9132 9131 9132 10297 10297 9132 10313 10297 10313 11495 11495 10313 11545 11495 11545 12755 12755 11545 12845 12755 12845 14196 14196 12845 14379 14196 14379 15306 15306 14379 15396 15306 15396 15242 3843 2654 3906 3906 2654 3977 3906 3977 5233 5233 3977 5281 5233 5281 6497 6497 5281 6517 6497 6517 7805 7805 6517 7801 7805 7801 9147 9147 7801 9137 9147 9137 10296 10296 9137 10289 10296 10289 11462 11462 10289 11472 11462 11472 12656 12656 11472 12690 12656 12690 13903 13903 12690 14014 13903 14014 14850 14850 14014 15159 14850 15159 14660 14660 15159 14919 14660 14919 13633 13633 14919 13703 13633 13703 12483 6412 5177 6444 6444 5177 6472 6444 6472 7797 7797 6472 7802 7797 7802 9176 9176 7802 9156 9176 9156 10335 10335 9156 10309 10335 10309 11483 11483 10309 11467 11483 11467 12649 12649 11467 12642 12649 12642 13812 13812 12642 13841 13812 13841 14544 14544 13841 14679 14544 14679 14255 14255 14679 14383 14255 14383 13308 13308 14383 13405 13308 13405 12356 12356 13405 12427 12356 12427 11197 11197 12427 11254 11197 11254 9972 9238 7791 9213 9213 7791 9189 9213 9189 10408 10408 9189 10367 10408 10367 11571 11571 10367 11515 11571 11515 12710 12710 11515 12670 12710 12670 13861 13861 12670 13819 13861 13819 14467 14467 13819 14440 14467 14440 14101 14101 14440 14152 14101 14152 13115 13115 14152 13187 13115 13187 12071 12071 13187 12275 12071 12275 11086 11086 12275 11136 11086 11136 9915 9915 11136 9943 9915 9943 8598 8598 9943 8617 8598 8617 7168 11824 10460 11731 11731 10460 11648 11731 11648 12883 12883 11648 12785 12883 12785 14053 14053 12785 13928 14053 13928 14729 14729 13928 14590 14729 14590 14168 14168 14590 14106 14168 14106 13082 13082 14106 13079 13082 13079 12003 12003 13079 12023 12003 12023 11015 11015 12023 11040 11015 11040 9867 9867 11040 9893 9867 9893 8594 8594 9893 8596 8594 8596 7210 7210 8596 7192 7210 7192 5949 5949 7192 5885 5949 5885 4569 14804 13019 14442 14442 13019 14250 14442 14250 15207 15207 14250 14907 15207 14907 14395 14395 14907 14273 14395 14273 13196 13196 14273 13122 13196 13122 12024 12024 13122 12005 12024 12005 10998 10998 12005 10999 10998 10999 9839 9839 10999 9847 9839 9847 8588 8588 9847 8592 8588 8592 7235 7235 8592 7224 7235 7224 6035 6035 7224 5998 6035 5998 4744 4744 5998 4663 4744 4663 3346 3346 4663 3194 3346 3194 1578 15265 15355 14947 14947 15355 14696 14947 14696 13407 13407 14696 13311 13407 13311 12269 12269 13311 12069 12269 12069 11034 11034 12069 11011 11034 11011 9844 9844 11011 9838 9844 9838 8575 8575 9838 8583 8575 8583 7246 7246 8583 7244 7246 7244 6080 6080 7244 6065 6080 6065 4855 4855 6065 4804 4855 4804 3560 3560 4804 3472 3560 3472 2101 2101 3472 1910 2101 1910 953 953 1910 863 953 863 1013 12485 13638 12424 12424 13638 12353 12424 12353 11124 11124 12353 11074 11124 11074 9874 9874 11074 9855 9874 9855 8569 8569 9855 8572 8569 8572 7230 7230 8572 7240 7230 7240 6081 6081 7240 6088 6081 6088 4888 4888 6088 4877 4888 4877 3659 3659 4877 3625 3659 3625 2404 2404 3625 2286 2404 2286 1419 1419 2286 1104 1419 1104 1599 1599 1104 1328 1599 1328 2646 2646 1328 2579 2646 2579 3828 9959 11180 9926 9926 11180 9900 9926 9900 8578 8578 9900 8573 8578 8573 7200 7200 8573 7219 7200 7219 6044 6044 7219 6068 6044 6068 4866 4866 6068 4882 4866 4882 3665 3665 4882 3673 3665 3673 2494 2494 3673 2468 2494 2468 1733 1733 2468 1595 1733 1595 2017 2017 1595 1891 2017 1891 2969 2969 1891 2874 2969 2874 3948 3948 2874 3884 3948 3884 5129 5129 3884 5081 5129 5081 6364 7138 8585 7162 7162 8585 7187 7162 7187 5965 5965 7187 6011 5965 6011 4780 4780 6011 4837 4780 4837 3608 3608 4837 3647 3608 3647 2448 2448 3647 2490 2448 2490 1816 1816 2490 1840 1816 1840 2175 2175 1840 2121 2175 2121 3161 3161 2121 3087 3161 3087 4231 4231 3087 4025 4231 4025 5238 5238 4025 5189 5238 5189 6425 6425 5189 6395 6425 6395 7739 7739 6395 7726 7739 7726 9175 4520 5914 4622 4622 5914 4707 4622 4707 3428 3428 4707 3533 3428 3533 2249 2249 3533 2379 2249 2379 1540 1540 2379 1684 1540 1684 2105 2105 1684 2168 2105 2168 3195 3195 2168 3198 3195 3198 4301 4301 3198 4280 4301 4280 5310 5310 4280 5282 5310 5282 6471 6471 5282 6447 6471 6447 7743 7743 6447 7741 7743 7741 9136 9136 7741 9153 9136 9153 10393 10393 9153 10440 10393 10440 11744 1472 3292 1857 1857 3292 2043 1857 2043 1054 1054 2043 1357 1054 1357 1877 1877 1357 2000 1877 2000 3080 3080 2000 3154 3080 3154 4279 4279 3154 4298 4279 4298 5328 5328 4298 5326 5328 5326 6500 6500 5326 6492 6500 6492 7757 7757 6492 7752 7757 7752 9113 9113 7752 9122 9113 9122 10312 10312 9122 10347 10312 10347 11578 11578 10347 11659 11578 11659 12933 12933 11659 13081 12933 13081 14673 991 905 1309 1309 905 1551 1309 1551 2872 2872 1551 2965 2872 2965 4029 4029 2965 4234 4029 4234 5290 5290 4234 5316 5290 5316 6495 6495 5316 6503 6495 6503 7769 7769 6503 7762 7769 7762 9101 9101 7762 9103 9101 9103 10267 10267 9103 10282 10267 10282 11473 11473 10282 11517 11473 11517 12734 12734 11517 12822 12734 12822 14171 14171 12822 14364 14171 14364 15304 15304 14364 15394 15304 15394 15250 3827 2639 3886 3886 2639 3950 3886 3950 5202 5202 3950 5250 5202 5250 6464 6464 5250 6486 6464 6486 7775 7775 6486 7773 7775 7773 9117 9117 7773 9107 9117 9107 10266 10266 9107 10260 10266 10260 11438 11438 10260 11451 11438 11451 12640 12640 11451 12673 12640 12673 13887 13887 12673 13996 13887 13996 14843 14843 13996 15155 14843 15155 14682 14682 15155 14938 14682 14938 13648 13648 14938 13719 13648 13719 12496 6379 5141 6413 6413 5141 6440 6413 6440 7766 7766 6440 7770 7766 7770 9146 9146 7770 9127 9146 9127 10304 10304 9127 10279 10304 10279 11463 11463 10279 11446 11463 11446 12635 12635 11446 12626 12635 12626 13797 13797 12626 13823 13797 13823 14537 14537 13823 14675 14537 14675 14270 14270 14675 14392 14270 14392 13333 13333 14392 13421 13333 13421 12381 12381 13421 12447 12381 12447 11229 11229 12447 11276 11229 11276 10006 9207 7758 9181 9181 7758 9159 9181 9159 10376 10376 9159 10338 10376 10338 11544 11544 10338 11490 11544 11490 12689 12689 11490 12652 12689 12652 13843 13843 12652 13803 13843 13803 14452 14452 13803 14434 14452 14434 14117 14117 14434 14169 14117 14169 13143 13143 14169 13214 13143 13214 12099 12099 13214 12305 12099 12305 11119 11119 12305 11167 11119 11167 9945 9945 11167 9974 9945 9974 8639 8639 9974 8650 8639 8650 7203 11792 10428 11701 11701 10428 11612 11701 11612 12858 12858 11612 12761 12858 12761 14031 14031 12761 13912 14031 13912 14726 14726 13912 14586 14726 14586 14186 14186 14586 14126 14186 14126 13113 13113 14126 13107 13113 13107 12033 12033 13107 12049 12033 12049 11045 11045 12049 11072 11045 11072 9899 9899 11072 9922 9899 9922 8633 8633 9922 8635 8633 8635 7243 7243 8635 7223 7243 7223 5984 5984 7223 5938 5984 5938 4606 14785 12987 14407 14407 12987 14228 14407 14228 15204 15204 14228 14905 15204 14905 14413 14413 14905 14288 14413 14288 13223 13223 14288 13148 13223 13148 12051 12051 13148 12034 12051 12034 11028 11028 12034 11029 11028 11029 9872 9872 11029 9881 9872 9881 8625 8625 9881 8630 8625 8630 7265 7265 8630 7256 7265 7256 6066 6066 7256 6031 6066 6031 4775 4775 6031 4695 4775 4695 3379 3379 4695 3227 3379 3227 1613 15272 15351 14957 14957 15351 14728 14957 14728 13425 13425 14728 13337 13425 13337 12299 12299 13337 12098 12299 12098 11067 11067 12098 11038 11067 11038 9878 9878 11038 9870 9878 9870 8613 8613 9870 8618 8613 8618 7276 7276 8618 7274 7276 7274 6109 6109 7274 6095 6109 6095 4875 4875 6095 4835 4875 4835 3581 3581 4835 3499 3581 3499 2128 2128 3499 1926 2128 1926 957 957 1926 865 957 865 1005 12499 13655 12443 12443 13655 12379 12443 12379 11156 11156 12379 11107 11156 11107 9908 9908 11107 9887 9908 9887 8607 8607 9887 8609 8607 8609 7258 7258 8609 7270 7258 7270 6111 6111 7270 6115 6111 6115 4911 4911 6115 4902 4911 4902 3675 3675 4902 3645 3675 3645 2422 2422 3645 2307 2422 2307 1422 1422 2307 1108 1422 1108 1571 1571 1108 1319 1571 1319 2632 2632 1319 2561 2632 2561 3815 9992 11217 9956 9956 11217 9930 9956 9930 8616 8616 9930 8612 8616 8612 7231 7231 8612 7250 7231 7250 6074 6074 7250 6097 6074 6097 4887 4887 6097 4907 4887 4907 3680 3680 4907 3688 3680 3688 2511 2511 3688 2484 2511 2484 1739 1739 2484 1601 1739 1601 2003 2003 1601 1880 2003 1880 2949 2949 1880 2855 2949 2855 3924 3924 2855 3867 3924 3867 5102 5102 3867 5063 5102 5063 6334 7170 8623 7195 7195 8623 7217 7195 7217 6002 6002 7217 6040 6002 6040 4805 4805 6040 4859 4805 4859 3626 3626 4859 3663 3626 3663 2466 2466 3663 2502 2466 2502 1828 1828 2502 1847 1828 1847 2156 2156 1847 2104 2156 2104 3130 3130 2104 3057 3130 3057 4202 4202 3057 3993 4202 3993 5210 5210 3993 5158 5210 5158 6393 6393 5158 6363 6393 6363 7705 7705 6363 7693 7705 7693 9143 4555 5946 4654 4654 5946 4740 4654 4740 3458 3458 4740 3555 3458 3555 2269 2269 3555 2395 2269 2395 1546 1546 2395 1696 1546 1696 2085 2085 1696 2148 2085 2148 3164 3164 2148 3169 3164 3169 4272 4272 3169 4254 4272 4254 5278 5278 4254 5253 5278 5253 6441 6441 5253 6419 6441 6419 7713 7713 6419 7711 7713 7711 9104 9104 7711 9123 9104 9123 10362 10362 9123 10404 10362 10404 11715 1490 3323 1885 1885 3323 2066 1885 2066 1058 1058 2066 1363 1058 1363 1854 1854 1363 1987 1854 1987 3049 3049 1987 3126 3049 3126 4253 4253 3126 4269 4253 4269 5297 5297 4269 5295 5297 5295 6466 6466 5295 6460 6466 6460 7720 7720 6460 7715 7720 7715 9083 9083 7715 9093 9083 9093 10281 10281 9093 10316 10281 10316 11549 11549 10316 11626 11549 11626 12905 12905 11626 13046 12905 13046 14642 984 907 1300 1300 907 1527 1300 1527 2851 2851 1527 2942 2851 2942 3999 3999 2942 4203 3999 4203 5259 5259 4203 5284 5259 5284 6462 6462 5284 6468 6462 6468 7731 7731 6468 7727 7731 7727 9072 9072 7727 9074 9072 9074 10241 10241 9074 10254 10241 10254 11453 11453 10254 11492 11453 11492 12714 12714 11492 12795 12714 12795 14140 14140 12795 14345 14140 14345 15302 15302 14345 15392 15302 15392 15256 3814 2626 3868 3868 2626 3926 3868 3926 5170 5170 3926 5218 5170 5218 6432 6432 5218 6454 6432 6454 7737 7737 6454 7736 7737 7736 9090 9090 7736 9080 9090 9080 10240 10240 9080 10233 10240 10233 11420 11420 10233 11428 11420 11428 12625 12625 11428 12654 12625 12654 13869 13869 12654 13978 13869 13978 14837 14837 13978 15151 14837 15151 14720 14720 15151 14948 14720 14948 13661 13661 14948 13741 13661 13741 12507 6347 5111 6381 6381 5111 6408 6381 6408 7728 7728 6408 7732 7728 7732 9115 9115 7732 9098 9115 9098 10273 10273 9098 10252 10273 10252 11437 11437 10252 11423 11437 11423 12620 12620 11423 12613 12620 12613 13783 13783 12613 13809 13783 13809 14531 14531 13809 14668 14531 14668 14284 14284 14668 14406 14284 14406 13351 13351 14406 13445 13351 13445 12405 12405 13445 12462 12405 12462 11256 11256 12462 11294 11256 11294 10039 9174 7721 9151 9151 7721 9129 9151 9129 10345 10345 9129 10308 10345 10308 11516 11516 10308 11469 11516 11469 12672 12672 11469 12636 12672 12636 13824 13824 12636 13791 13824 13791 14444 14444 13791 14427 14444 14427 14135 14135 14427 14187 14135 14187 13172 13172 14187 13246 13172 13246 12264 12264 13246 12333 12264 12333 11146 11146 12333 11203 11146 11203 9975 9975 11203 10007 9975 10007 8674 8674 10007 8684 8674 8684 7234 11758 10396 11668 11668 10396 11582 11668 11582 12831 12831 11582 12739 12831 12739 14011 14011 12739 13895 14011 13895 14722 14722 13895 14573 14722 14573 14203 14203 14573 14141 14203 14141 13140 13140 14141 13137 13140 13137 12057 12057 13137 12079 12057 12079 11075 11075 12079 11101 11075 11101 9929 9929 11101 9949 9929 9949 8666 8666 9949 8668 8666 8668 7275 7275 8668 7255 7275 7255 6016 6016 7255 5972 6016 5972 4639 14768 12955 14386 14386 12955 14200 14386 14200 15201 15201 14200 14902 15201 14902 14438 14438 14902 14302 14438 14302 13252 13252 14302 13175 13252 13175 12080 12080 13175 12061 12080 12061 11059 11059 12061 11062 11059 11062 9905 9905 11062 9911 9905 9911 8656 8656 9911 8659 8656 8659 7295 7295 8659 7285 7295 7285 6096 6096 7285 6061 6096 6061 4801 4801 6061 4729 4801 4729 3408 3408 4729 3263 3408 3263 1639 15280 15349 14965 14965 15349 14757 14965 14757 13586 13586 14757 13357 13586 13357 12327 12327 13357 12263 12327 12263 11095 11095 12263 11070 11095 11070 9909 9909 11070 9902 9909 9902 8645 8645 9902 8649 8645 8649 7307 7307 8649 7306 7307 7306 6133 6133 7306 6121 6133 6121 4900 4900 6121 4858 4900 4858 3604 3604 4858 3525 3604 3525 2153 2153 3525 1946 2153 1946 961 961 1946 867 961 867 1001 12511 13667 12461 12461 13667 12403 12461 12403 11187 11187 12403 11138 11187 11138 9939 9939 11138 9916 9939 9916 8638 8638 9916 8640 8638 8640 7288 7288 8640 7297 7288 7297 6136 6136 7297 6141 6136 6141 4929 4929 6141 4920 4929 4920 3689 3689 4920 3660 3689 3660 2440 2440 3660 2326 2440 2326 1426 1426 2326 1111 1426 1111 1538 1538 1111 1308 1538 1308 2617 2617 1308 2542 2617 2542 3802 10026 11245 9990 9990 11245 9960 9990 9960 8648 8648 9960 8644 8648 8644 7263 7263 8644 7280 7263 7280 6104 6104 7280 6123 6104 6123 4912 4912 6123 4923 4912 4923 3693 3693 4923 3700 3693 3700 2523 2523 3700 2498 2523 2498 1749 1749 2498 1605 1749 1605 1989 1989 1605 1862 1989 1862 2926 2926 1862 2698 2926 2698 3905 3905 2698 3852 3905 3852 5080 5080 3852 5047 5080 5047 6302 7205 8655 7225 7225 8655 7248 7225 7248 6033 6033 7248 6070 6033 6070 4836 4836 6070 4879 4836 4879 3646 3646 4879 3679 3646 3679 2483 2483 3679 2516 2483 2516 1835 1835 2516 1855 1835 1855 2138 2138 1855 2086 2138 2086 3101 3101 2086 3027 3101 3027 4036 4036 3027 3964 4036 3964 5179 5179 3964 5123 5179 5123 6361 6361 5123 6333 6361 6333 7671 7671 6333 7662 7671 7662 9112 4589 5980 4685 4685 5980 4771 4685 4771 3487 3487 4771 3577 3487 3577 2290 2290 3577 2414 2290 2414 1552 1552 2414 1710 1552 1710 2070 2070 1710 2133 2070 2133 3135 3135 2133 3139 3135 3139 4246 4246 3139 4222 4246 4222 5249 5249 4222 5222 5249 5222 6410 6410 5222 6390 6410 6390 7681 7681 6390 7679 7681 7679 9073 9073 7679 9092 9073 9092 10331 10331 9092 10374 10331 10374 11681 1512 3355 1901 1901 3355 2095 1901 2095 1060 1060 2095 1366 1060 1366 1825 1825 1366 1973 1825 1973 3022 3022 1973 3097 3022 3097 4221 4221 3097 4245 4221 4245 5267 5267 4245 5265 5267 5265 6435 6435 5265 6430 6435 6430 7689 7689 6430 7685 7689 7685 9050 9050 7685 9060 9050 9060 10253 10253 9060 10286 10253 10286 11520 11520 10286 11593 11520 11593 12878 12878 11593 13013 12878 13013 14625 978 911 1293 1293 911 1499 1293 1499 2694 2694 1499 2922 2694 2922 3971 3971 2922 4037 3971 4037 5229 5229 4037 5254 5229 5254 6431 6431 5254 6438 6431 6438 7701 7701 6438 7696 7701 7696 9040 9040 7696 9041 9040 9041 10217 10217 9041 10227 10217 10227 11429 11429 10227 11470 11429 11470 12692 12692 11470 12769 12692 12769 14116 14116 12769 14323 14116 14323 15298 15298 14323 15390 15298 15390 15260 3801 2612 3853 3853 2612 3907 3853 3907 5136 5136 3907 5188 5136 5188 6399 6399 5188 6424 6399 6424 7708 7708 6424 7707 7708 7707 9057 9057 7707 9048 9057 9048 10215 10215 9048 10210 10215 10210 11404 11404 10210 11411 11404 11411 12612 12612 11411 12639 12612 12639 13853 13853 12639 13958 13853 13958 14834 14834 13958 15147 14834 15147 14737 14737 15147 14958 14737 14958 13672 13672 14958 13768 13672 13768 12519 6314 5087 6350 6350 5087 6377 6350 6377 7695 7695 6377 7700 7695 7700 9084 9084 7700 9067 9084 9067 10246 10246 9067 10225 10246 10225 11419 11419 10225 11408 11419 11408 12608 12608 11408 12601 12608 12601 13771 13771 12601 13794 13771 13794 14526 14526 13794 14661 14526 14661 14300 14300 14661 14431 14300 14431 13372 13372 14431 13598 13372 13598 12425 12425 13598 12476 12425 12476 11277 11277 12476 11310 11277 11310 10070 9142 7688 9121 9121 7688 9099 9121 9099 10315 10315 9099 10277 10315 10277 11489 11489 10277 11449 11489 11449 12653 12653 11449 12621 12653 12621 13811 13811 12621 13777 13811 13777 14437 14437 13777 14423 14437 14423 14151 14151 14423 14202 14151 14202 13200 13200 14202 13276 13200 13276 12293 12293 13276 12364 12293 12364 11177 11177 12364 11234 11177 11234 10009 10009 11234 10038 10009 10038 8708 8708 10038 8715 8708 8715 7267 11730 10365 11634 11634 10365 11553 11634 11553 12806 12806 11553 12719 12806 12719 13992 13992 12719 13879 13992 13879 14710 14710 13879 14565 14710 14565 14220 14220 14565 14159 14220 14159 13168 13168 14159 13163 13168 13163 12087 12087 13163 12109 12087 12109 11105 11105 12109 11134 11105 11134 9957 9957 11134 9980 9957 9980 8696 8696 9980 8698 8696 8698 7308 7308 8698 7286 7308 7286 6048 6048 7286 6004 6048 6004 4672 14733 12922 14371 14371 12922 14173 14371 14173 15197 15197 14173 14895 15197 14895 14477 14477 14895 14314 14477 14314 13281 13281 14314 13207 13281 13207 12110 12110 13207 12088 12110 12088 11088 11088 12088 11090 11088 11090 9935 9935 11090 9940 9935 9940 8686 8686 9940 8692 8686 8692 7329 7329 8692 7319 7329 7319 6122 6122 7319 6091 6122 6091 4832 4832 6091 4759 4832 4759 3436 3436 4759 3298 3436 3298 1669 15289 15347 14972 14972 15347 14769 14972 14769 13600 13600 14769 13376 13600 13376 12357 12357 13376 12291 12357 12291 11128 11128 12291 11100 11128 11100 9938 9938 11100 9932 9938 9932 8675 8675 9932 8681 8675 8681 7340 7340 8681 7337 7340 7337 6156 6156 7337 6147 6156 6147 4919 4919 6147 4880 4919 4880 3624 3624 4880 3546 3624 3546 2182 2182 3546 1967 2182 1967 963 963 1967 869 963 869 995 12521 13675 12475 12475 13675 12422 12475 12422 11221 11221 12422 11168 11221 11168 9969 9969 11168 9946 9969 9946 8672 8672 9946 8671 8672 8671 7322 7322 8671 7332 7322 7332 6158 6158 7332 6162 6158 6162 4945 4945 6162 4938 4945 4938 3701 3701 4938 3676 3701 3676 2453 2453 3676 2349 2453 2349 1432 1432 2349 1116 1432 1116 1517 1517 1116 1301 1517 1301 2607 2607 1301 2521 2607 2521 3792 10058 11268 10021 10021 11268 9994 10021 9994 8682 8682 9994 8677 8682 8677 7294 7294 8677 7313 7294 7313 6130 6130 7313 6149 6130 6149 4930 4930 6149 4940 4930 4940 3705 3705 4940 3712 3705 3712 2537 2537 3712 2513 2537 2513 1757 1757 2513 1608 1757 1608 1976 1976 1608 1833 1976 1833 2909 2909 1833 2682 2909 2682 3887 3887 2682 3834 3887 3834 5062 5062 3834 5032 5062 5032 6280 7237 8689 7257 7257 8689 7279 7257 7279 6064 6064 7279 6100 6064 6100 4860 4860 6100 4904 4860 4904 3662 3662 4904 3692 3662 3692 2496 2496 3692 2534 2496 2534 1843 1843 2534 1860 1843 1860 2123 2123 1860 2071 2123 2071 3073 3073 2071 3001 3073 3001 4007 4007 3001 3942 4007 3942 5144 5144 3942 5099 5144 5099 6331 6331 5099 6303 6331 6303 7637 7637 6303 7629 7637 7629 9081 4625 6014 4718 4718 6014 4798 4718 4798 3513 3513 4798 3598 3513 3598 2310 2310 3598 2427 2310 2427 1566 1566 2427 1717 1566 1717 2053 2053 1717 2114 2053 2114 3106 3106 2114 3112 3106 3112 4216 4216 3112 4053 4216 4053 5219 5219 4053 5192 5219 5192 6380 6380 5192 6360 6380 6360 7649 7649 6360 7647 7649 7647 9038 9038 7647 9059 9038 9059 10299 10299 9059 10343 10299 10343 11647 1550 3390 1917 1917 3390 2122 1917 2122 1063 1063 2122 1369 1063 1369 1775 1775 1369 1961 1775 1961 2995 2995 1961 3067 2995 3067 4052 4052 3067 4215 4052 4215 5236 5236 4215 5234 5236 5234 6403 6403 5234 6398 6403 6398 7661 7661 6398 7655 7661 7655 9022 9022 7655 9030 9022 9030 10226 10226 9030 10256 10226 10256 11494 11494 10256 11563 11494 11563 12850 12850 11563 12981 12850 12981 14585 966 915 1283 1283 915 1491 1283 1491 2680 2680 1491 2905 2680 2905 3947 3947 2905 4009 3947 4009 5198 5198 4009 5223 5198 5223 6400 6400 5223 6406 6400 6406 7673 7673 6406 7667 7673 7667 9012 9012 7667 9014 9012 9014 10195 10195 9014 10206 10195 10206 11412 11412 10206 11448 11412 11448 12674 12674 11448 12749 12674 12749 14089 14089 12749 14303 14089 14303 15294 15294 14303 15388 15294 15388 15266 3791 2604 3835 3835 2604 3889 3835 3889 5108 5108 3889 5157 5108 5157 6368 6368 5157 6392 6368 6392 7675 7675 6392 7676 7675 7676 9027 9027 7676 9018 9027 9018 10193 10193 9018 10190 10193 10190 11389 11389 10190 11395 11389 11395 12600 12600 11395 12624 12600 12624 13840 13840 12624 13941 13840 13941 14831 14831 13941 15143 14831 15143 14762 14762 15143 14964 14762 14964 13681 13681 14964 13788 13681 13788 12527 6286 5069 6319 6319 5069 6345 6319 6345 7664 7664 6345 7670 7664 7670 9051 9051 7670 9035 9051 9035 10220 10220 9035 10203 10220 10203 11403 11403 10203 11393 11403 11393 12596 12596 11393 12589 12596 12589 13755 13755 12589 13779 13755 13779 14518 14518 13779 14656 14518 14656 14310 14310 14656 14460 14310 14460 13388 13388 14460 13614 13388 13614 12442 12442 13614 12490 12442 12490 11295 11295 12490 11322 11295 11322 10091 9110 7656 9091 9091 7656 9068 9091 9068 10283 10283 9068 10249 10283 10249 11468 11468 10249 11426 11468 11426 12637 12637 11426 12609 12637 12609 13795 13795 12609 13764 13795 13764 14433 14433 13764 14416 14433 14416 14166 14166 14416 14219 14166 14219 13226 13226 14219 13304 13226 13304 12322 12322 13304 12385 12322 12385 11213 11213 12385 11259 11213 11259 10040 10040 11259 10068 10040 10068 8739 8739 10068 8747 8739 8747 7300 11698 10334 11600 11600 10334 11526 11600 11526 12781 12781 11526 12696 12781 12696 13972 13972 12696 13865 13972 13865 14700 14700 13865 14555 14700 14555 14236 14236 14555 14176 14236 14176 13195 13195 14176 13188 13195 13188 12114 12114 13188 12277 12114 12277 11135 11135 12277 11165 11135 11165 9989 9989 11165 10010 9989 10010 8727 8727 10010 8729 8727 8729 7342 7342 8729 7320 7342 7320 6078 6078 7320 6036 6078 6036 4709 14688 12895 14355 14355 12895 14147 14355 14147 15193 15193 14147 14883 15193 14883 14519 14519 14883 14327 14519 14327 13309 13309 14327 13236 13309 13236 12278 12278 13236 12118 12278 12118 11121 11121 12118 11122 11121 11122 9964 9964 11122 9970 9964 9970 8714 8714 9970 8722 8714 8722 7358 7358 8722 7350 7358 7350 6148 6148 7350 6119 6148 6119 4857 4857 6119 4790 4857 4790 3467 3467 4790 3330 3467 3330 1724 15300 15343 14982 14982 15343 14779 14982 14779 13616 13616 14779 13394 13616 13394 12382 12382 13394 12320 12382 12320 11159 11159 12320 11133 11159 11133 9968 9968 11133 9962 9968 9962 8704 8704 9962 8710 8704 8710 7367 7367 8710 7365 7367 7365 6177 6177 7365 6166 6177 6166 4937 4937 6166 4905 4937 4905 3644 3644 4905 3567 3644 3567 2210 2210 3567 1991 2210 1991 967 967 1991 871 967 871 988 12529 13686 12489 12489 13686 12439 12489 12439 11248 11248 12439 11202 11248 11202 10002 10002 11202 9976 10002 9976 8703 8703 9976 8700 8703 8700 7352 7352 8700 7361 7352 7361 6179 6179 7361 6183 6179 6183 4958 4958 6183 4953 4958 4953 3713 3713 4953 3690 3713 3690 2469 2469 3690 2365 2469 2365 1438 1438 2365 1118 1438 1118 1496 1496 1118 1294 1496 1294 2598 2598 1294 2501 2598 2501 3784 10086 11287 10053 10053 11287 10024 10053 10024 8713 8713 10024 8707 8713 8707 7326 7326 8707 7345 7326 7345 6153 6153 7345 6169 6153 6169 4946 4946 6169 4955 4946 4955 3719 3719 4955 3725 3719 3725 2551 2551 3725 2528 2551 2528 1761 1761 2528 1616 1761 1616 1963 1963 1616 1798 1963 1798 2893 2893 1798 2667 2893 2667 3869 3869 2667 3819 3869 3819 5046 5046 3819 5022 5046 5022 6264 7269 8719 7287 7287 8719 7312 7287 7312 6094 6094 7312 6127 6094 6127 4881 4881 6127 4921 4881 4921 3677 3677 4921 3704 3677 3704 2512 2512 3704 2543 2512 2543 1852 1852 2543 1867 1852 1867 2106 2106 1867 2054 2106 2054 3046 3046 2054 2975 3046 2975 3976 3976 2975 3920 3976 3920 5113 5113 3920 5078 5113 5078 6301 6301 5078 6281 6301 6281 7606 7606 6281 7598 7606 7598 9047 4657 6046 4753 4753 6046 4828 4753 4828 3537 3537 4828 3620 3537 3620 2330 2330 3620 2444 2330 2444 1575 1575 2444 1726 1575 1726 2037 2037 1726 2098 2037 2098 3081 3081 2098 3085 3081 3085 4048 4048 3085 4021 4048 4021 5191 5191 4021 5161 5191 5161 6351 6351 5161 6330 6351 6330 7619 7619 6330 7617 7619 7617 9008 9008 7617 9029 9008 9029 10268 10268 9029 10311 10268 10311 11611 1603 3419 1935 1935 3419 2152 1935 2152 1066 1066 2152 1382 1066 1382 1746 1746 1382 1947 1746 1947 2968 2968 1947 3038 2968 3038 4020 4020 3038 4047 4020 4047 5205 5205 4047 5204 5205 5204 6373 6373 5204 6367 6373 6367 7631 7631 6367 7624 7631 7624 8991 8991 7624 8999 8991 8999 10204 10204 8999 10229 10204 10229 11471 11471 10229 11533 11471 11533 12826 12826 11533 12946 12826 12946 14530 956 917 1270 1270 917 1478 1270 1478 2665 2665 1478 2887 2665 2887 3923 3923 2887 3978 3923 3978 5168 5168 3978 5193 5168 5193 6369 6369 5193 6375 6369 6375 7641 7641 6375 7636 7641 7636 8982 8982 7636 8984 8982 8984 10177 10177 8984 10185 10177 10185 11396 11396 10185 11425 11396 11425 12655 12655 11425 12726 12655 12726 14065 14065 12726 14280 14065 14280 15291 15291 14280 15386 15291 15386 15275 3783 2594 3820 3820 2594 3871 3820 3871 5083 5083 3871 5124 5083 5124 6338 6338 5124 6362 6338 6362 7642 7642 6362 7645 7642 7645 8997 8997 7645 8990 8997 8990 10175 10175 8990 10172 10175 10172 11376 11376 10172 11382 11376 11382 12588 12588 11382 12611 12588 12611 13821 13821 12611 13925 13821 13925 14827 14827 13925 15138 14827 15138 14775 14775 15138 14971 14775 14971 13693 13693 14971 13810 13693 13810 12533 6268 5051 6290 6290 5051 6317 6290 6317 7632 7632 6317 7638 7632 7638 9023 9023 7638 9005 9023 9005 10198 10198 9005 10183 10198 10183 11388 11388 10183 11379 11388 11379 12585 12585 11379 12576 12585 12576 13735 13735 12576 13767 13735 13767 14501 14501 13767 14652 14501 14652 14324 14324 14652 14498 14324 14498 13406 13406 14498 13627 13406 13627 12460 12460 13627 12503 12460 12503 11311 11311 12503 11333 11311 11333 10105 9079 7627 9058 9058 7627 9036 9058 9036 10255 10255 9036 10223 10255 10223 11447 11447 10223 11410 11447 11410 12623 12623 11410 12597 12623 12597 13780 13780 12597 13745 13780 13745 14424 14424 13745 14408 14424 14408 14183 14183 14408 14235 14183 14235 13256 13256 14235 13326 13256 13326 12352 12352 13326 12409 12352 12409 11240 11240 12409 11279 11240 11279 10069 10069 11279 10090 10069 10090 8770 8770 10090 8779 8770 8779 7336 11664 10302 11567 11567 10302 11496 11567 11496 12756 12756 11496 12677 12756 12677 13956 13956 12677 13847 13956 13847 14689 14689 13847 14543 14689 14543 14251 14251 14543 14191 14251 14191 13220 13220 14191 13215 13220 13215 12283 12283 13215 12306 12283 12306 11166 11166 12306 11199 11166 11199 10020 10020 11199 10041 10020 10041 8757 8757 10041 8759 8757 8759 7372 7372 8759 7351 7372 7351 6110 6110 7351 6067 6110 6067 4741 14655 12867 14334 14334 12867 14119 14334 14119 15185 15185 14119 14874 15185 14874 14542 14542 14874 14341 14542 14341 13334 13334 14341 13263 13334 13263 12308 12308 13263 12284 12308 12284 11151 11151 12284 11152 11151 11152 9997 9997 11152 10003 9997 10003 8745 8745 10003 8752 8745 8752 7388 7388 8752 7381 7388 7381 6168 6168 7381 6145 6168 6145 4878 4878 6145 4821 4878 4821 3494 3494 4821 3365 3494 3365 1769 15311 15339 15131 15131 15339 14792 15131 14792 13629 13629 14792 13411 13629 13411 12406 12406 13411 12351 12406 12351 11189 11189 12351 11163 11189 11163 10001 10001 11163 9995 10001 9995 8735 8735 9995 8740 8735 8740 7395 7395 8740 7394 7395 7394 6194 6194 7394 6186 6194 6186 4952 4952 6186 4922 4952 4922 3661 3661 4922 3590 3661 3590 2237 2237 3590 2012 2237 2012 971 971 2012 873 971 873 982 12536 13698 12502 12502 13698 12458 12502 12458 11274 11274 12458 11233 11274 11233 10033 10033 11233 10008 10033 10008 8734 8734 10008 8731 8734 8731 7383 7383 8731 7390 7383 7390 6196 6196 7390 6199 6196 6199 4970 4970 6199 4965 4970 4965 3726 3726 4965 3702 3726 3702 2488 2488 3702 2383 2488 2383 1441 1441 2383 1125 1441 1125 1486 1486 1125 1284 1486 1284 2588 2588 1284 2475 2588 2475 3779 10102 11305 10082 10082 11305 10056 10082 10056 8744 8744 10056 8738 8744 8738 7357 7357 8738 7376 7357 7376 6173 6173 7376 6188 6173 6188 4959 4959 6188 4967 4959 4967 3732 3732 4967 3737 3732 3737 2562 2562 3737 2541 2562 2541 1779 1779 2541 1622 1779 1622 1950 1950 1622 1759 1950 1759 2873 2873 1759 2652 2873 2652 3854 3854 2652 3809 3854 3809 5033 5033 3809 5010 5033 5010 6252 7303 8749 7321 7321 8749 7344 7321 7344 6120 6120 7344 6151 6120 6151 4906 4906 6151 4939 4906 4939 3691 3691 4939 3718 3691 3718 2527 2527 3718 2556 2527 2556 1861 1861 2556 1874 1861 1874 2091 2091 1874 2039 2091 2039 3019 3019 2039 2953 3019 2953 3951 3951 2953 3902 3951 3902 5091 5091 3902 5061 5091 5061 6282 6282 5061 6265 6282 6265 7574 7574 6265 7567 7574 7567 9013 4690 6077 4783 4783 6077 4854 4783 4854 3559 3559 4854 3641 3559 3641 2350 2350 3641 2462 2350 2462 1583 1583 2462 1734 1583 1734 2023 2023 1734 2083 2023 2083 3053 3053 2083 3058 3053 3058 4017 4017 3058 3992 4017 3992 5159 5159 3992 5128 5159 5128 6321 6321 5128 6300 6321 6300 7589 7589 6300 7586 7589 7586 8979 8979 7586 8998 8979 8998 10239 10239 8998 10280 10239 10280 11579 1628 3449 1959 1959 3449 2180 1959 2180 1083 1083 2180 1393 1083 1393 1720 1720 1393 1933 1720 1933 2946 2946 1933 3013 2946 3013 3991 3991 3013 4015 3991 4015 5174 5174 4015 5173 5174 5173 6343 6343 5173 6337 6343 6337 7601 7601 6337 7594 7601 7594 8965 8965 7594 8973 8965 8973 10184 10184 8973 10207 10184 10207 11450 11450 10207 11502 11450 11502 12799 12799 11502 12912 12799 12912 14470 942 921 1124 1124 921 1467 1124 1467 2649 2649 1467 2871 2649 2871 3904 3904 2871 3953 3904 3953 5133 5133 3953 5162 5133 5162 6339 6339 5162 6348 6339 6348 7611 7611 6348 7607 7611 7607 8959 8959 7607 8960 8959 8960 10162 10162 8960 10169 10162 10169 11383 11383 10169 11409 11383 11409 12638 12638 11409 12706 12638 12706 14040 14040 12706 14254 14040 14254 15287 15287 14254 15384 15287 15384 15281 3775 2584 3810 3810 2584 3856 3810 3856 5067 5067 3856 5101 5067 5101 6308 6308 5101 6332 6308 6332 7612 7612 6332 7615 7612 7615 8970 8970 7615 8964 8970 8964 10160 10160 8964 10157 10160 10157 11362 11362 10157 11369 11362 11369 12575 12575 11369 12599 12575 12599 13805 13805 12599 13907 13805 13907 14819 14819 13907 15135 14819 15135 14782 14782 15135 14981 14782 14981 13704 13704 14981 13835 13704 13835 12538 6256 5037 6270 6270 5037 6288 6270 6288 7602 7602 6288 7608 7602 7608 8992 8992 7608 8977 8992 8977 10180 10180 8977 10167 10180 10167 11375 11375 10167 11367 11375 11367 12573 12573 11367 12568 12573 12568 13721 13721 12568 13749 13721 13749 14490 14490 13749 14646 14490 14646 14336 14336 14646 14529 14336 14529 13424 13424 14529 13642 13424 13642 12474 12474 13642 12515 12474 12515 11321 11321 12515 11340 11321 11340 10115 9043 7597 9028 9028 7597 9006 9028 9006 10228 10228 9006 10200 10228 10200 11424 11424 10200 11394 11424 11394 12610 12610 11394 12586 12610 12586 13769 13769 12586 13729 13769 13729 14415 14415 13729 14400 14415 14400 14199 14199 14400 14248 14199 14248 13282 13282 14248 13344 13282 13344 12378 12378 13344 12426 12378 12426 11264 11264 12426 11296 11264 11296 10089 10089 11296 10104 10089 10104 8807 8807 10104 8814 8807 8814 7369 11629 10270 11542 11542 10270 11474 11542 11474 12735 12735 11474 12657 12735 12657 13940 13940 12657 13831 13940 13831 14680 14680 13831 14535 14680 14535 14264 14264 14535 14208 14264 14208 13249 13249 14208 13245 13249 13245 12312 12312 13245 12332 12312 12332 11200 11200 12332 11228 11200 11228 10050 10050 11228 10072 10050 10072 8789 8789 10072 8791 8789 8791 7398 7398 8791 7382 7398 7382 6137 6137 7382 6098 6137 6098 4774 14633 12840 14312 14312 12840 14091 14312 14091 15175 15175 14091 14867 15175 14867 14570 14570 14867 14351 14570 14351 13350 13350 14351 13288 13350 13288 12334 12334 13288 12313 12334 12313 11179 11179 12313 11181 11179 11181 10028 10028 11181 10034 10028 10034 8775 8775 10034 8781 8775 8781 7408 7408 8781 7404 7408 7404 6187 6187 7404 6165 6187 6165 4903 4903 6165 4849 4903 4849 3523 3523 4849 3401 3523 3401 1839 15333 15337 15142 15142 15337 14802 15142 14802 13644 13644 14802 13428 13644 13428 12423 12423 13428 12376 12423 12376 11224 11224 12376 11196 11224 11196 10032 10032 11196 10023 10032 10023 8765 8765 10023 8769 8765 8769 7416 7416 8769 7415 7416 7415 6207 6207 7415 6201 6207 6201 4964 4964 6201 4941 4964 4941 3678 3678 4941 3612 3678 3612 2260 2260 3612 2038 2260 2038 975 975 2038 877 975 877 974 12543 13709 12514 12514 13709 12472 12514 12472 11289 11289 12472 11257 11289 11257 10063 10063 11257 10037 10063 10037 8764 8764 10037 8761 8764 8761 7405 7405 8761 7411 7405 7411 6208 6208 7411 6212 6208 6212 4982 4982 6212 4976 4982 4976 3738 3738 4976 3714 3738 3714 2503 2503 3714 2400 2503 2400 1445 1445 2400 1131 1445 1131 1476 1476 1131 1275 1476 1275 2578 2578 1275 2455 2578 2455 3773 10114 11317 10099 10099 11317 10083 10099 10083 8774 8774 10083 8768 8774 8768 7387 7387 8768 7400 7387 7400 6191 6191 7400 6202 6191 6202 4971 4971 6202 4978 4971 4978 3739 3739 4978 3743 3739 3743 2574 2574 3743 2553 2574 2553 1799 1799 2553 1626 1799 1626 1939 1939 1626 1732 1939 1732 2854 2854 1732 2638 2854 2638 3837 3837 2638 3796 3837 3796 5023 5023 3796 5003 5023 5003 6245 7339 8780 7353 7353 8780 7375 7353 7375 6146 6146 7375 6171 6146 6171 4924 4924 6171 4954 4924 4954 3703 3703 4954 3731 3703 3731 2540 2540 3731 2568 2540 2568 1868 1868 2568 1881 1868 1881 2073 2073 1881 2026 2073 2026 2994 2994 2026 2934 2994 2934 3930 3930 2934 3885 3930 3885 5073 5073 3885 5045 5073 5045 6266 6266 5045 6253 6266 6253 7533 7533 6253 7529 7533 7529 8980 4727 6107 4808 4808 6107 4876 4808 4876 3583 3583 4876 3658 3583 3658 2368 2368 3658 2477 2368 2477 1596 1596 2477 1744 1596 1744 2009 2009 1744 2064 2009 2064 3024 3024 2064 3028 3024 3028 3986 3986 3028 3968 3986 3968 5127 5127 3968 5103 5127 5103 6293 6293 5103 6279 6293 6279 7539 7539 6279 7535 7539 7535 8956 8956 7535 8971 8956 8971 10214 10214 8971 10251 10214 10251 11548 1651 3481 1979 1979 3481 2208 1979 2208 1089 1089 2208 1412 1089 1412 1683 1683 1412 1922 1683 1922 2927 2927 1922 2987 2927 2987 3965 3965 2987 3985 3965 3985 5143 5143 3985 5142 5143 5142 6315 6315 5142 6307 6315 6307 7570 7570 6307 7545 7570 7545 8941 8941 7545 8949 8941 8949 10168 10168 8949 10186 10168 10186 11427 11427 10186 11478 11427 11478 12770 12770 11478 12884 12770 12884 14419 919 930 1112 1112 930 1457 1112 1457 2635 2635 1457 2850 2635 2850 3888 3888 2850 3932 3888 3932 5106 5106 3932 5130 5106 5130 6309 6309 5130 6318 6309 6318 7580 7580 6318 7576 7580 7576 8936 8936 7576 8937 8936 8937 10148 10148 8937 10153 10148 10153 11370 11370 10153 11392 11370 11392 12622 12622 11392 12685 12622 12685 14017 14017 12685 14230 14017 14230 15282 15282 14230 15380 15282 15380 15292 2853 2886 4205 4205 2886 4233 4334 4233 3010 3010 4233 2886 3010 2886 1314 1314 2886 2853 1314 2853 1277 4424 4334 3166 3166 4334 3010 3166 3010 1582 1582 3010 1314 1582 1314 843 843 1314 1277 843 1277 771 4500 4424 3297 3297 4424 3166 3297 3166 1903 1903 3166 1582 1903 1582 926 926 1582 843 926 843 1302 1302 843 771 1302 771 1123 4562 4500 3399 3399 4500 3297 3399 3297 2057 2057 3297 1903 2057 1903 1070 1070 1903 926 1070 926 1541 1541 926 1302 1541 1302 2863 2863 1302 1123 2863 1123 2692 4599 4562 3452 3452 4562 3399 3452 3399 2228 2228 3399 2057 2228 2057 1371 1371 2057 1070 1371 1070 1888 1888 1070 1541 1888 1541 2980 2980 1541 2863 2980 2863 4199 4199 2863 2692 4199 2692 4035 4620 4599 3477 3477 4599 3452 3477 3452 2312 2312 3452 2228 2312 2228 1554 1554 2228 1371 1554 1371 2040 2040 1371 1888 2040 1888 3134 3134 1888 2980 3134 2980 4296 4296 2980 4199 4296 4199 5396 5396 4199 4035 4035 5380 5396 5396 5380 5476 5396 5476 6692 6692 5476 6683 6692 6683 6776 4582 4608 3429 3429 4608 3464 3429 3464 2336 2336 3464 2348 2336 2348 1790 1790 2348 1691 1790 1691 2301 2301 1691 2213 2301 2213 3378 3378 2213 3269 3378 3269 4471 4471 3269 4391 4471 4391 5640 5640 4391 5591 5640 5591 6852 6852 5591 6692 6852 6692 8072 8072 6692 6776 6776 8071 8072 8072 8071 8211 8072 8211 9484 9484 8211 9494 9484 9494 9590 4466 4532 3256 3256 4532 3371 3256 3371 2190 2190 3371 2289 2190 2289 1652 1652 2289 1762 1652 1762 2334 2334 1762 2340 2334 2340 3465 3465 2340 3435 3465 3435 4584 4584 3435 4537 4584 4537 5721 5721 4537 5684 5721 5684 6895 6895 5684 6873 6895 6873 8076 8076 6873 8074 8076 8074 9460 9460 8074 9484 9460 9484 10760 10760 9484 9590 9590 10774 10760 10760 10774 10867 10760 10867 12068 12068 10867 12097 12068 12097 12196 4289 4385 2962 2962 4385 3120 2962 3120 1858 1858 3120 2015 1858 2015 1330 1330 2015 1509 1330 1509 2195 2195 1509 2291 2195 2291 3431 3431 2291 3461 3431 3461 4602 4602 3461 4604 4602 4604 5757 5757 4604 5745 5757 5745 6925 6925 5745 6916 6925 6916 8080 8080 6916 8078 8080 8078 9424 9424 8078 9444 9424 9444 10659 10659 9444 10706 10659 10706 11973 11973 10706 12068 11973 12068 13395 13395 12068 12196 12196 13423 13395 13395 13423 13513 13395 13513 14943 14943 13513 14979 14943 14979 15061 15061 15414 14943 14943 15414 14672 14943 14672 13261 13261 14672 13110 13261 13110 11882 11882 13110 11812 11882 11812 10617 10617 11812 10586 10617 10586 9414 9414 10586 9406 9414 9406 8082 8082 9406 8084 8082 8084 6933 6933 8084 6935 6933 6935 5759 5759 6935 5748 5759 5748 4585 4585 5748 4541 4585 4541 3375 3375 4541 3266 3375 3266 2022 2022 3266 1869 2022 1869 1028 1028 1869 885 1028 885 1492 1492 885 769 1492 769 1130 15061 15483 15414 15414 15483 15522 15414 15522 14963 14963 15522 15145 14963 15145 15062 15062 13436 14963 14963 13436 14739 14963 14739 15335 15335 14739 15190 15335 15190 14373 14373 15190 14212 14373 14212 12985 12985 14212 12889 12985 12889 11754 11754 12889 11720 11754 11720 10566 10566 11720 10557 10566 10557 9401 9401 10557 9410 9401 9410 8086 8086 9410 8088 8086 8088 6932 6932 8088 6924 6932 6924 5726 5726 6924 5694 5726 5694 4478 4478 5694 4400 4478 4400 3131 3131 4400 2971 3131 2971 1498 1498 2971 2845 1498 2845 1273 15062 13603 13436 13436 13603 13530 13436 13530 12267 12267 13530 12296 12267 12296 12187 12187 10961 12267 12267 10961 12038 12267 12038 13322 13322 12038 13170 13322 13170 14399 14399 13170 14252 14399 14252 14892 14892 14252 14715 14892 14715 14052 14052 14715 13975 14052 13975 12838 12838 13975 12818 12838 12818 11706 11706 12818 11716 11706 11716 10563 10563 11716 10580 10563 10580 9419 9419 10580 9429 9419 9429 8090 8090 9429 8093 8090 8093 6908 6908 8093 6892 6908 6892 5654 5654 6892 5603 5654 5603 4306 4306 5603 5546 4306 5546 4197 12187 10978 10961 10961 10978 10868 10961 10868 9682 9682 10868 9694 9682 9694 9577 9577 8324 9682 9682 8324 9659 9682 9659 10767 10767 9659 10719 10767 10719 11946 11946 10719 11868 11946 11868 13039 13039 11868 12932 13039 12932 14086 14086 12932 13998 14086 13998 14583 14583 13998 14488 14583 14488 13943 13943 14488 13953 13943 13953 12828 12828 13953 12860 12828 12860 11737 11737 12860 11780 11737 11780 10602 10602 11780 10643 10602 10643 9447 9447 10643 9468 9447 9468 8095 8095 9468 8286 8095 8286 6869 6869 8286 8288 6869 8288 6843 9577 8326 8324 8324 8326 8213 8324 8213 6890 6890 8213 6882 6890 6882 6767 6767 5600 6890 6890 5600 6911 6890 6911 8322 8322 6911 8320 8322 8320 9501 9501 8320 9479 9501 9479 10672 10672 9479 10633 10672 10633 11805 11805 10633 11761 11805 11761 12876 12876 11761 12849 12876 12849 13963 13963 12849 13968 13963 13968 14514 14514 13968 14621 14514 14621 13995 13995 14621 14087 13995 14087 12914 12914 14087 13023 12914 13023 11843 11843 13023 11922 11843 11922 10687 10687 11922 10737 10687 10737 9490 9490 10737 10796 9490 10796 9516 6767 5586 5600 5600 5586 5478 5600 5478 4266 4266 5478 4237 4266 4237 4090 4090 2906 4266 4266 2906 4366 4266 4366 5652 5652 4366 5697 5652 5697 6930 6930 5697 6951 6930 6951 8314 8314 6951 8312 8314 8312 9457 9457 8312 9449 9457 9449 10610 10610 9449 10597 10610 10597 11745 11745 10597 11746 11745 11746 12853 12853 11746 12880 12853 12880 14008 14008 12880 14103 14008 14103 14761 14761 14103 14935 14761 14935 14257 14257 14935 14410 14257 14410 13153 13153 14410 13315 13153 13315 12014 12014 13315 13443 12014 13443 12120 4090 2876 2906 2906 2876 2744 2906 2744 1325 1325 2744 1287 1325 1287 1182 1182 845 1325 1325 845 1610 1325 1610 3043 3043 1610 3201 3043 3201 4457 4457 3201 4530 4457 4530 5738 5738 4530 5770 5738 5770 6961 6961 5770 6968 6961 6968 8310 8310 6968 8308 8310 8308 9441 9441 8308 9437 9441 9437 10594 10594 9437 10606 10594 10606 11760 11760 10606 11802 11760 11802 12936 12936 11802 13041 12936 13041 14267 14267 13041 14426 14267 14426 15231 15231 14426 15373 15231 15373 14765 14765 15373 15485 14765 15485 14986 1182 775 845 845 775 734 845 734 1292 1292 734 1107 1292 1107 1183 1183 2702 1292 1292 2702 1507 1292 1507 928 928 1507 1072 928 1072 1915 1915 1072 2081 1915 2081 3324 3324 2081 3423 3324 3423 4593 4593 3423 4631 4593 4631 5788 5788 4631 5797 5788 5797 6972 6972 5797 6964 6972 6964 8306 8306 6964 8304 8306 8304 9442 9442 8304 9450 9442 9450 10628 10628 9450 10662 10628 10662 11862 11862 10662 11939 11862 11939 13173 13173 11939 13331 13173 13331 14774 14774 13331 13592 14774 13592 15133 1183 2676 2702 2702 2676 2745 2702 2745 4030 4030 2745 4001 4030 4001 4131 4131 5364 4030 4030 5364 4264 4030 4264 2956 2956 4264 3100 2956 3100 1871 1871 3100 2021 1871 2021 1373 1373 2021 1556 1373 1556 2247 2247 1556 2327 2247 2327 3479 3479 2327 3498 3479 3498 4646 4646 3498 4637 4646 4637 5791 5791 4637 5776 5791 5776 6956 6956 5776 6946 6956 6946 8302 8302 6946 8300 8302 8300 9465 9465 8300 9483 9465 9483 10705 10705 9483 10756 10705 10756 12030 12030 10756 10954 12030 10954 12271 4131 5350 5364 5364 5350 5458 5364 5458 6661 6661 5458 6651 6661 6651 6781 6781 8022 6661 6661 8022 6687 6661 6687 5561 5561 6687 5609 5561 5609 4359 4359 5609 4441 4359 4441 3238 3238 4441 3348 3238 3348 2193 2193 3348 2285 2193 2285 1693 1693 2285 1792 1693 1792 2362 2362 1792 2352 2362 2352 3490 3490 2352 3455 3490 3455 4612 4612 3455 4565 4612 4565 5751 5751 4565 5713 5751 5713 6927 6927 5713 6905 6927 6905 8298 8298 6905 8294 8298 8294 9506 9506 8294 8296 9506 8296 9669 6781 8020 8022 8022 8020 8150 8022 8150 9453 9453 8150 9462 9453 9462 9592 9592 10726 9453 9453 10726 9434 9453 9434 8024 8024 9434 8026 8024 8026 6845 6845 8026 6865 6845 6865 5655 5655 6865 5692 5655 5692 4506 4506 5692 4553 4506 4553 3412 3412 4553 3440 3412 3440 2324 2324 3440 2319 2324 2319 1764 1764 2319 1654 1764 1654 2304 2304 1654 2211 2304 2211 3396 3396 2211 3287 3396 3287 4499 4499 3287 4417 4499 4417 5668 5668 4417 5622 5668 5622 6884 6884 5622 5563 6884 5563 6859 9592 10742 10726 10726 10742 10871 10726 10871 12036 12036 10871 12063 12036 12063 12202 12202 13373 12036 12036 13373 11940 12036 11940 10673 10673 11940 10629 10673 10629 9416 9416 10629 9394 9416 9394 8028 8028 9394 8030 8028 8030 6886 6886 8030 6899 6886 6899 5715 5715 6899 5728 5715 5728 4573 4573 5728 4571 4573 4571 3437 3437 4571 3407 3437 3407 2274 2274 3407 2171 2274 2171 1513 1513 2171 1332 1513 1332 2035 2035 1332 1883 2035 1883 3150 3150 1883 2988 3150 2988 4323 4323 2988 2858 4323 2858 4214 12202 13402 13373 13373 13402 13515 13373 13515 14921 14921 13515 14968 14921 14968 15075 15075 15412 14921 14921 15412 14647 14921 14647 13229 13229 14647 13075 13229 13075 11851 11851 13075 11782 11851 11782 10587 10587 11782 10554 10587 10554 9383 9383 10554 9376 9383 9376 8032 8032 9376 8034 8032 8034 6903 6903 8034 6906 6903 6906 5730 5730 6906 5718 5730 5718 4557 4557 5718 4511 4557 4511 3344 3344 4511 3236 3344 3236 2004 2004 3236 1837 2004 1837 1030 1030 1837 887 1030 887 1508 1508 887 1180 1508 1180 1280 15075 15479 15412 15412 15479 15524 15412 15524 14974 14974 15524 15164 14974 15164 15044 15044 13596 14974 14974 13596 14766 14974 14766 15331 15331 14766 15188 15331 15188 14358 14358 15188 14189 14358 14189 12956 12956 14189 12865 12956 12865 11726 11726 12865 11692 11726 11692 10537 10537 11692 10528 10537 10528 9372 9372 10528 9379 9372 9379 8036 8036 9379 8045 8036 8045 6901 6901 8045 6897 6901 6897 5698 5698 6897 5665 5698 5665 4446 4446 5665 4367 4446 4367 3099 3099 4367 2948 3099 2948 1482 1482 2948 1181 1482 1181 1120 15044 13620 13596 13596 13620 13532 13596 13532 12300 12300 13532 12329 12300 12329 12189 12189 10994 12300 12300 10994 12070 12300 12070 13345 13345 12070 13204 13345 13204 14422 14422 13204 14269 14422 14269 14888 14888 14269 14713 14888 14713 14034 14034 14713 13960 14034 13960 12816 12816 13960 12797 12816 12797 11678 11678 12797 11688 11678 11688 10534 10534 11688 10548 10534 10548 9388 9388 10548 9398 9388 9398 8060 8060 9398 8062 8060 8062 6880 6880 8062 6861 6880 6861 5625 5625 6861 5572 5625 5572 4275 4275 5572 4130 4275 4130 4028 12189 11010 10994 10994 11010 10886 10994 10886 9714 9714 10886 9725 9714 9725 9579 9579 8355 9714 9714 8355 9688 9714 9688 10797 10797 9688 10749 10797 10749 11978 11978 10749 11898 11978 11898 13069 13069 11898 12961 13069 12961 14104 14104 12961 14013 14104 14013 14580 14580 14013 14486 14580 14486 13929 13929 14486 13939 13929 13939 12804 12804 13939 12834 12804 12834 11711 11711 12834 11750 11711 11750 10574 10574 11750 10612 10574 10612 9421 9421 10612 9439 9421 9439 8064 8064 9439 8069 8064 8069 6702 6702 8069 6777 6702 6777 6676 9579 8357 8355 8355 8357 8233 8355 8233 6921 6921 8233 6913 6921 6913 6761 6761 5633 6921 6921 5633 6941 6921 6941 8353 8353 6941 8351 8353 8351 9666 9666 8351 9509 9666 9509 10701 10701 9509 10664 10701 10664 11837 11837 10664 11788 11837 11788 12899 12899 11788 12872 12899 12872 13977 13977 12872 13983 13977 13983 14512 14512 13983 14619 14512 14619 13981 13981 14619 14067 13981 14067 12891 12891 14067 12994 12891 12994 11814 11814 12994 11889 11814 11889 10658 10658 11889 10707 10658 10707 9459 9459 10707 9591 9459 9591 9487 6761 5619 5633 5633 5619 5480 5633 5480 4300 4300 5480 4274 4300 4274 4092 4092 2928 4300 4300 2928 4397 4300 4397 5683 5683 4397 5727 5683 5727 6959 6959 5727 6981 6959 6981 8349 8349 6981 8347 8349 8347 9488 9488 8347 9474 9488 9474 10639 10639 9474 10626 10639 10626 11772 11772 10626 11773 11772 11773 12874 12874 11773 12904 12874 12904 14024 14024 12904 14124 14024 14124 14759 14759 14124 14933 14759 14933 14237 14237 14933 14390 14237 14390 13125 13125 14390 13285 13125 13285 11982 11982 13285 12201 11982 12201 12086 4092 2899 2928 2928 2899 2810 2928 2810 1356 1356 2810 1299 1356 1299 1186 1186 847 1356 1356 847 1633 1356 1633 3078 3078 1633 3231 3078 3231 4491 4491 3231 4563 4491 4563 5769 5769 4563 5800 5769 5800 6992 6992 5800 6998 6992 6998 8345 8345 6998 8343 8345 8343 9470 9470 8343 9467 9470 9467 10625 10625 9467 10636 10625 10636 11787 11787 10636 11830 11787 11830 12965 12965 11830 13071 12965 13071 14285 14285 13071 14464 14285 14464 15229 15229 14464 15371 15229 15371 14736 14736 15371 15063 14736 15063 14976 1186 779 847 847 779 736 847 736 1281 1281 736 1080 1281 1080 1187 1187 2684 1281 1281 2684 1493 1281 1493 931 931 1493 1074 931 1074 1929 1929 1074 2103 1929 2103 3352 3352 2103 3448 3352 3448 4627 4627 3448 4661 4627 4661 5816 5816 4661 5826 5816 5826 7000 7000 5826 6994 7000 6994 8341 8341 6994 8339 8341 8339 9472 9472 8339 9477 9472 9477 10657 10657 9477 10691 10657 10691 11893 11893 10691 11970 11893 11970 13205 13205 11970 13354 13205 13354 14787 14787 13354 15064 14787 15064 15149 1187 2661 2684 2684 2661 2748 2684 2748 3998 3998 2748 3970 3998 3970 4163 4163 5332 3998 3998 5332 4232 3998 4232 2931 2931 4232 3071 2931 3071 1841 1841 3071 2002 1841 2002 1375 1375 2002 1558 1375 1558 2265 2265 1558 2343 2265 2343 3501 3501 2343 3520 3501 3520 4674 4674 3520 4665 4674 4665 5820 5820 4665 5806 5820 5806 6987 6987 5806 6976 6987 6976 8337 8337 6976 8335 8337 8335 9492 9492 8335 9513 9492 9513 10734 10734 9513 10786 10734 10786 12059 12059 10786 12188 12059 12188 12302 4163 5315 5332 5332 5315 5460 5332 5460 6625 6625 5460 6617 6625 6617 6789 6789 7991 6625 6625 7991 6655 6625 6655 5389 5389 6655 5579 5389 5579 4329 4329 5579 4410 4329 4410 3208 3208 4410 3319 3208 3319 2169 2169 3319 2270 2169 2270 1695 1695 2270 1796 1695 1796 2377 2377 1796 2366 2377 2366 3514 3514 2366 3484 3514 3484 4641 4641 3484 4598 4641 4598 5780 5780 4598 5743 5780 5743 6954 6954 5743 6937 6954 6937 8330 8330 6937 8327 8330 8327 9673 9673 8327 9578 9673 9578 9700 6789 7990 7991 7991 7990 8152 7991 8152 9425 9425 8152 9433 9425 9433 9599 9599 10693 9425 9425 10693 9405 9425 9405 7993 7993 9405 7995 7993 7995 6678 6678 7995 6699 6678 6699 5627 5627 6699 5663 5627 5663 4476 4476 5663 4523 4476 4523 3387 3387 4523 3417 3387 3417 2309 2309 3417 2303 2309 2303 1766 1766 2303 1656 1766 1656 2320 2320 1656 2233 2320 2233 3421 3421 2233 3316 3421 3316 4528 4528 3316 4449 4528 4449 5699 5699 4449 5651 5699 5651 6914 6914 5651 6768 6914 6768 6888 9599 10709 10693 10693 10709 10873 10693 10873 12002 12002 10873 12028 12002 12028 12206 12206 13348 12002 12002 13348 11910 12002 11910 10644 10644 11910 10596 10644 10596 9385 9385 10596 9365 9385 9365 7997 7997 9365 7999 7997 7999 6860 6860 7999 6870 6860 6870 5688 5688 6870 5701 5688 5701 4542 4542 5701 4540 4542 4540 3414 3414 4540 3381 3414 3381 2257 2257 3381 2151 2257 2151 1515 1515 2151 1334 1515 1334 2056 2056 1334 1896 2056 1896 3181 3181 1896 3018 3181 3018 4355 4355 3018 4091 4355 4091 4249 12206 13383 13348 13348 13383 13494 13348 13494 14897 14897 13494 14955 14897 14955 15077 15077 15410 14897 14897 15410 14628 14897 14628 13194 13194 14628 13044 13194 13044 11820 11820 13044 11752 11820 11752 10555 10555 11752 10524 10555 10524 9352 9352 10524 9346 9352 9346 8001 8001 9346 8003 8001 8003 6877 6877 8003 6878 6877 6878 5703 5703 6878 5690 5703 5690 4524 4524 5690 4482 4524 4482 3315 3315 4482 3205 3315 3205 1988 1988 3205 1784 1988 1784 1032 1032 1784 889 1032 889 1542 1542 889 1184 1542 1184 1291 15077 15475 15410 15410 15475 15526 15410 15526 14984 14984 15526 15196 14984 15196 15046 15046 13612 14984 14984 13612 14780 14984 14780 15329 15329 14780 15184 15329 15184 14342 14342 15184 14167 14342 14167 12928 12928 14167 12842 12928 12842 11696 11696 12842 11661 11696 11661 10507 10507 11661 10498 10507 10498 9344 9344 10498 9350 9344 9350 8005 8005 9350 8007 8005 8007 6875 6875 8007 6867 6875 6867 5670 5670 6867 5636 5670 5636 4416 4416 5636 4338 4416 4338 3066 3066 4338 2923 3066 2923 1469 1469 2923 1185 1469 1185 1103 15046 13636 13612 13612 13636 13534 13612 13534 12330 12330 13534 12360 12330 12360 12182 12182 11024 12330 12330 11024 12100 12330 12100 13368 13368 12100 13234 13368 13234 14455 14455 13234 14286 14455 14286 14884 14884 14286 14711 14884 14711 14016 14016 14711 13948 14016 13948 12794 12794 13948 12774 12794 12774 11650 11650 12774 11657 11650 11657 10504 10504 11657 10520 10504 10520 9357 9357 10520 9368 9357 9368 8009 8009 9368 8011 8009 8011 6855 6855 8011 6696 6855 6696 5595 5595 6696 5401 5595 5401 4241 4241 5401 4132 4241 4132 3996 12182 11042 11024 11024 11042 10888 11024 10888 9747 9747 10888 9756 9747 9756 9568 9568 8385 9747 9747 8385 9720 9747 9720 10968 10968 9720 10779 10968 10779 12010 12010 10779 11928 12010 11928 13098 13098 11928 12988 13098 12988 14125 14125 12988 14029 14125 14029 14577 14577 14029 14482 14577 14482 13914 13914 14482 13924 13914 13924 12782 12782 13924 12810 12782 12810 11683 11683 12810 11721 11683 11721 10544 10544 11721 10582 10544 10582 9390 9390 10582 9413 9390 9413 8016 8016 9413 8017 8016 8017 6671 6671 8017 6782 6671 6782 6643 9568 8387 8385 8385 8387 8235 8385 8235 6950 6950 8235 6943 6950 6943 6763 6763 5664 6950 6950 5664 6970 6950 6970 8383 8383 6970 8381 8383 8381 9696 9696 8381 9676 9696 9676 10732 10732 9676 10692 10732 10692 11864 11864 10692 11819 11864 11819 12923 12923 11819 12894 12923 12894 13990 13990 12894 13997 13990 13997 14509 14509 13997 14617 14509 14617 13966 13966 14617 14048 13966 14048 12866 12866 14048 12963 12866 12963 11783 11783 12963 11860 11783 11860 10627 10627 11860 10675 10627 10675 9431 9431 10675 9598 9431 9598 9456 6763 5650 5664 5664 5650 5499 5664 5499 4337 4337 5499 4308 4337 4308 4094 4094 2955 4337 4337 2955 4435 4337 4435 5712 5712 4435 5758 5712 5758 6990 6990 5758 7010 6990 7010 8379 8379 7010 8377 8379 8377 9514 9514 8377 9504 9514 9504 10668 10668 9504 10655 10668 10655 11797 11797 10655 11801 11797 11801 12897 12897 11801 12930 12897 12930 14042 14042 12930 14142 14042 14142 14755 14755 14142 14931 14755 14931 14218 14218 14931 14378 14218 14378 13093 13093 14378 13253 13093 13253 11951 11951 13253 12203 11951 12203 12054 4094 2917 2955 2955 2917 2812 2955 2812 1388 1388 2812 1313 1388 1313 1190 1190 849 1388 1388 849 1649 1388 1649 3110 3110 1649 3265 3110 3265 4521 4521 3265 4596 4521 4596 5798 5798 4596 5830 5798 5830 7022 7022 5830 7029 7022 7029 8375 8375 7029 8373 8375 8373 9497 9497 8373 9496 9497 9496 10653 10653 9496 10665 10653 10665 11818 11818 10665 11859 11818 11859 12995 12995 11859 13100 12995 13100 14304 14304 13100 14516 14304 14516 15227 15227 14516 15369 15227 15369 14705 14705 15369 15076 14705 15076 14962 1190 783 849 849 783 738 849 738 1132 1132 738 1056 1132 1056 1191 1191 2666 1132 1132 2666 1477 1132 1477 933 933 1477 1076 933 1076 1948 1948 1076 2127 1948 2127 3384 3384 2127 3475 3384 3475 4655 4655 3475 4691 4655 4691 5847 5847 4691 5856 5847 5856 7031 7031 5856 7024 7031 7024 8371 8371 7024 8369 8371 8369 9499 9499 8369 9507 9499 9507 10686 10686 9507 10722 10686 10722 11923 11923 10722 12000 11923 12000 13239 13239 12000 13377 13239 13377 14801 14801 13377 15045 14801 15045 15172 1191 2644 2666 2666 2644 2750 2666 2750 3966 3966 2750 3944 3966 3944 4165 4165 5301 3966 3966 5301 4201 3966 4201 2911 2911 4201 3037 2911 3037 1794 1794 3037 1986 1794 1986 1378 1378 1986 1562 1378 1562 2282 2282 1562 2358 2282 2358 3524 3524 2358 3542 3524 3542 4705 4705 3542 4697 4705 4697 5849 5849 4697 5833 5849 5833 7017 7017 5833 7007 7017 7007 8367 8367 7007 8362 8367 8362 9655 9655 8362 9679 9655 9679 10764 10764 9679 10956 10764 10956 12092 12092 10956 12181 12092 12181 12337 4165 5280 5301 5301 5280 5462 5301 5462 6593 6593 5462 6585 6593 6585 6791 6791 7958 6593 6593 7958 6619 6593 6619 5357 5357 6619 5549 5357 5549 4293 4293 5549 4379 4293 4379 3176 3176 4379 3293 3176 3293 2147 2147 3293 2253 2147 2253 1698 1698 2253 1802 1698 1802 2392 2392 1802 2382 2392 2382 3536 3536 2382 3506 3536 3506 4671 4671 3506 4632 4671 4632 5808 5808 4632 5772 5808 5772 6985 6985 5772 6962 6985 6962 8358 8358 6962 8361 8358 8361 9705 9705 8361 9580 9705 9580 9732 6791 7957 7958 7958 7957 8154 7958 8154 9393 9393 8154 9404 9393 9404 9601 9601 10663 9393 9393 10663 9374 9393 9374 7962 7962 9374 7964 7962 7964 6649 6649 7964 6668 6649 6668 5596 5596 6668 5635 5596 5635 4447 4447 5635 4493 4447 4493 3358 3358 4493 3392 3358 3392 2294 2294 3392 2287 2294 2287 1768 1768 2287 1658 1768 1658 2337 2337 1658 2252 2337 2252 3447 3447 2252 3347 3447 3347 4561 4561 3347 4481 4561 4481 5729 5729 4481 5681 5729 5681 6944 6944 5681 6762 6944 6762 6919 9601 10677 10663 10663 10677 10843 10663 10843 11968 11968 10843 11996 11968 11996 12211 12211 13320 11968 11968 13320 11874 11968 11874 10611 10611 11874 10567 10611 10567 9353 9353 10567 9334 9353 9334 7966 7966 9334 7968 7966 7968 6694 6694 7968 6841 6694 6841 5659 5659 6841 5672 5659 5672 4516 4516 5672 4514 4516 4514 3389 3389 4514 3351 3389 3351 2240 2240 3351 2132 2240 2132 1518 1518 2132 1337 1518 1337 2078 2078 1337 1908 2078 1908 3212 3212 1908 3052 3212 3052 4387 4387 3052 2901 4387 2901 4093 12211 13360 13320 13320 13360 13496 13320 13496 14849 14849 13496 14945 14849 14945 15079 15079 15408 14849 14849 15408 14602 14849 14602 13161 13161 14602 13014 13161 13014 11790 11790 13014 11723 11790 11723 10526 10526 11723 10493 10526 10493 9322 9322 10493 9316 9322 9316 7970 7970 9316 7972 7970 7972 6850 6850 7972 6853 6850 6853 5673 5673 6853 5662 5673 5662 4494 4494 5662 4452 4494 4452 3288 3288 4452 3174 3288 3174 1969 1969 3174 1742 1969 1742 1036 1036 1742 891 1036 891 1584 1584 891 781 1584 781 1188 15079 15471 15408 15408 15471 15528 15408 15528 15137 15137 15528 15212 15137 15212 15048 15048 13628 15137 15137 13628 14794 15137 14794 15326 15326 14794 15182 15326 15182 14325 14325 15182 14144 14325 14144 12900 12900 14144 12819 12900 12819 11667 11667 12819 11631 11667 11631 10477 10477 11631 10468 10477 10468 9314 9314 10468 9320 9314 9320 7974 7974 9320 7976 7974 7976 6848 6848 7976 6701 6848 6701 5641 5641 6701 5606 5641 5606 4384 4384 5606 4303 4384 4303 3035 3035 4303 2903 3035 2903 1456 1456 2903 2656 1456 2656 1189 15048 13651 13628 13628 13651 13536 13628 13536 12365 12365 13536 12387 12365 12387 12175 12175 11058 12365 12365 11058 12265 12365 12265 13390 13390 12265 13266 13390 13266 14510 14510 13266 14305 14510 14305 14881 14881 14305 14708 14881 14708 14001 14001 14708 13932 14001 13932 12771 12771 13932 12753 12771 12753 11615 11615 12753 11625 11615 11625 10476 10476 11625 10490 10476 10490 9327 9327 10490 9337 9327 9337 7978 7978 9337 7984 7978 7984 6690 6690 7984 6665 6690 6665 5565 5565 6665 5370 5565 5370 4207 4207 5370 5309 4207 5309 4164 12175 11077 11058 11058 11077 10890 11058 10890 9780 9780 10890 9788 9780 9788 9570 9570 8415 9780 9780 8415 9753 9780 9753 11002 11002 9753 10948 11002 10948 12041 12041 10948 11958 12041 11958 13128 13128 11958 13015 13128 13015 14143 14143 13015 14045 14143 14045 14574 14574 14045 14480 14574 14480 13900 13900 14480 13910 13900 13910 12759 12759 13910 12789 12759 12789 11651 11651 12789 11691 11651 11691 10515 10515 11691 10552 10515 10552 9359 9359 10552 9381 9359 9381 7988 7988 9381 7985 7988 7985 6638 6638 7985 7980 6638 7980 6790 9570 8417 8415 8415 8417 8237 8415 8237 6983 6983 8237 6974 6983 6974 6748 6748 5693 6983 6983 5693 7002 6983 7002 8413 8413 7002 8411 8413 8411 9726 9726 8411 9706 9726 9706 10763 10763 9706 10723 10763 10723 11892 11892 10723 11849 11892 11849 12952 12952 11849 12919 12952 12919 14004 14004 12919 14009 14004 14009 14503 14503 14009 14614 14503 14614 13949 13949 14614 14028 13949 14028 12843 12843 14028 12934 12843 12934 11753 11753 12934 11829 11753 11829 10595 10595 11829 10648 10595 10648 9400 9400 10648 10703 9400 10703 9600 6748 5680 5693 5693 5680 5501 5693 5501 4369 4369 5501 4344 4369 4344 4096 4096 2982 4369 4369 2982 4465 4369 4465 5744 5744 4465 5787 5744 5787 7023 7023 5787 7041 7023 7041 8409 8409 7041 8407 8409 8407 9680 9680 8407 9670 9680 9670 10696 10696 9670 10684 10696 10684 11826 11826 10684 11827 11826 11827 12921 12921 11827 12957 12921 12957 14059 14059 12957 14162 14059 14162 14753 14753 14162 14929 14753 14929 14192 14192 14929 14365 14192 14365 13063 13063 14365 13217 13063 13217 11919 11919 13217 13379 11919 13379 12207 4096 2941 2982 2982 2941 2814 2982 2814 1427 1427 2814 1323 1427 1323 1194 1194 851 1427 1427 851 1686 1427 1686 3147 3147 1686 3296 3147 3296 4552 4552 3296 4629 4552 4629 5828 5828 4629 5862 5828 5862 7053 7053 5862 7061 7053 7061 8405 8405 7061 8403 8405 8403 9661 9661 8403 9658 9661 9658 10682 10682 9658 10694 10682 10694 11848 11848 10694 11887 11848 11887 13021 13021 11887 13134 13021 13134 14319 14319 13134 14546 14319 14546 15224 15224 14546 15367 15224 15367 14669 14669 15367 15473 14669 15473 15078 1194 787 851 851 787 740 851 740 1114 1114 740 1035 1114 1035 1195 1195 2650 1114 1114 2650 1461 1114 1461 935 935 1461 1081 935 1081 1965 1965 1081 2150 1965 2150 3411 3411 2150 3497 3411 3497 4684 4684 3497 4723 4684 4723 5879 5879 4723 5889 5879 5889 7063 7063 5889 7057 7063 7057 8401 8401 7057 8399 8401 8399 9663 9663 8399 9674 9663 9674 10717 10717 9674 10752 10717 10752 11952 11952 10752 12032 11952 12032 13268 13268 12032 13397 13268 13397 14815 14815 13397 13640 14815 13640 15047 1195 2629 2650 2650 2629 2752 2650 2752 3941 3941 2752 3919 3941 3919 4167 4167 5263 3941 3941 5263 4032 3941 4032 2890 2890 4032 3008 2890 3008 1752 1752 3008 1970 1752 1970 1381 1381 1970 1564 1381 1564 2299 2299 1564 2375 2299 2375 3545 3545 2375 3562 3545 3562 4736 4736 3562 4728 4736 4728 5880 5880 4728 5864 5880 5864 7048 7048 5864 7036 7048 7036 8394 8394 7036 8390 8394 8390 9684 9684 8390 9710 9684 9710 10793 10793 9710 10987 10793 10987 12262 12262 10987 11048 12262 11048 12183 4167 5248 5263 5263 5248 5427 5263 5427 6559 6559 5427 6552 6559 6552 6793 6793 7927 6559 6559 7927 6588 6559 6588 5323 5323 6588 5378 5323 5378 4262 4262 5378 4348 4262 4348 3148 3148 4348 3264 3148 3264 2130 2130 3264 2236 2130 2236 1702 1702 2236 1806 1702 1806 2407 2407 1806 2397 2407 2397 3556 3556 2397 3529 3556 3529 4704 4704 3529 4662 4704 4662 5839 5839 4662 5802 5839 5802 7016 7016 5802 6993 7016 6993 8389 8389 6993 8393 8389 8393 9736 9736 8393 8398 9736 8398 9569 6793 7926 7927 7927 7926 8156 7927 8156 9361 9361 8156 9371 9361 9371 9609 9609 10631 9361 9361 10631 9342 9361 9342 7929 7929 9342 7931 7929 7931 6615 6615 7931 6637 6615 6637 5566 5566 6637 5605 5566 5605 4418 4418 5605 4461 4418 4461 3332 3332 4461 3364 3332 3364 2278 2278 3364 2273 2278 2273 1771 1771 2273 1662 1771 1662 2357 2357 1662 2272 2357 2272 3474 3474 2272 3377 3474 3377 4595 4595 3377 4515 4595 4515 5760 5760 4515 5708 5760 5708 6975 6975 5708 5657 6975 5657 6764 9609 10647 10631 10631 10647 10845 10631 10845 11935 11935 10845 11963 11935 11963 12222 12222 13291 11935 11935 13291 11845 11935 11845 10581 10581 11845 10536 10581 10536 9321 9321 10536 9302 9321 9302 7933 7933 9302 7935 7933 7935 6664 6664 7935 6674 6664 6674 5630 5630 6674 5644 5630 5644 4485 4485 5644 4484 4485 4484 3361 3361 4484 3325 3361 3325 2221 2221 3325 2110 2221 2110 1520 1520 2110 1339 1520 1339 2102 2102 1339 1923 2102 1923 3245 3245 1923 3089 3245 3089 4421 4421 3089 2921 4421 2921 4095 12222 13336 13291 13291 13336 13498 13291 13498 14828 14828 13498 14924 14828 14924 15081 15081 15406 14828 14828 15406 14560 14828 14560 13127 13127 14560 12986 13127 12986 11762 11762 12986 11694 11762 11694 10495 10495 11694 10464 10495 10464 9290 9290 10464 9284 9290 9284 7937 7937 9284 7939 7937 7939 6686 6686 7939 6688 6686 6688 5645 5645 6688 5634 5645 5634 4463 4463 5634 4420 4463 4420 3257 3257 4420 3143 3257 3143 1955 1955 3143 1712 1955 1712 1038 1038 1712 893 1038 893 1615 1615 893 785 1615 785 1192 15081 15467 15406 15406 15467 15531 15406 15531 15154 15154 15531 15235 15154 15235 15013 15013 13643 15154 15154 13643 14808 15154 14808 15321 15321 14808 15179 15321 15179 14307 14307 15179 14123 14307 14123 12875 12875 14123 12796 12875 12796 11635 11635 12796 11599 11635 11599 10447 10447 11599 10438 10447 10438 9283 9283 10438 9288 9283 9288 7942 7942 9288 7944 7942 7944 6681 6681 7944 6669 6681 6669 5611 5611 6669 5576 5611 5576 4354 4354 5576 4270 4354 4270 3005 3005 4270 2883 3005 2883 1440 1440 2883 2637 1440 2637 1193 15013 13666 13643 13643 13666 13562 13643 13562 12392 12392 13562 12411 12392 12411 12163 12163 11092 12392 12392 11092 12297 12392 12297 13408 13408 12297 13294 13408 13294 14540 14540 13294 14317 14540 14317 14879 14879 14317 14703 14879 14703 13984 13984 14703 13915 13984 13915 12750 12750 13915 12733 12750 12733 11586 11586 12733 11594 11586 11594 10446 10446 11594 10461 10446 10461 9296 9296 10461 9310 9296 9310 7949 7949 9310 7953 7949 7953 6658 6658 7953 6633 6658 6633 5394 5394 6633 5339 5394 5339 4038 4038 5339 5274 4038 5274 4166 12163 11110 11092 11092 11110 10916 11092 10916 9813 9813 10916 9821 9813 9821 9548 9548 8447 9813 9813 8447 9783 9813 9783 11032 11032 9783 10979 11032 10979 12072 12072 10979 11986 12072 11986 13156 13156 11986 13043 13156 13043 14164 14164 13043 14063 14164 14063 14571 14571 14063 14474 14571 14474 13885 13885 14474 13893 13885 13893 12740 12740 13893 12766 12740 12766 11619 11619 12766 11660 11619 11660 10485 10485 11660 10523 10485 10523 9329 9329 10523 9351 9329 9351 7954 7954 9351 7950 7954 7950 6604 6604 7950 7946 6604 7946 6792 9548 8449 8447 8447 8449 8239 8447 8239 7014 7014 8239 7006 7014 7006 6750 6750 5724 7014 7014 5724 7034 7014 7034 8445 8445 7034 8443 8445 8443 9757 9757 8443 9737 9757 9737 10792 10792 9737 10754 10792 10754 11921 11921 10754 11877 11921 11877 12978 12978 11877 12942 12978 12942 14020 14020 12942 14026 14020 14026 14497 14497 14026 14612 14497 14612 13934 13934 14612 14010 13934 14010 12821 12821 14010 12907 12821 12907 11725 11725 12907 11795 11725 11795 10565 10565 11795 10616 10565 10616 9369 9369 10616 10671 9369 10671 9602 6750 5710 5724 5724 5710 5503 5724 5503 4403 4403 5503 4375 4403 4375 4098 4098 3015 4403 4403 3015 4498 4403 4498 5775 5775 4498 5818 5775 5818 7056 7056 5818 7073 7056 7073 8441 8441 7073 8439 8441 8439 9711 9711 8439 9698 9711 9698 10729 10729 9698 10714 10729 10714 11854 11854 10714 11855 11854 11855 12947 12947 11855 12982 12947 12982 14077 14077 12982 14184 14077 14184 14751 14751 14184 14926 14751 14926 14170 14170 14926 14349 14170 14349 13032 13032 14349 13181 13032 13181 11885 11885 13181 13356 11885 13356 12212 4098 2967 3015 3015 2967 2817 3015 2817 1447 1447 2817 1354 1447 1354 1198 1198 853 1447 1447 853 1735 1447 1735 3179 3179 1735 3326 3179 3326 4586 4586 3326 4659 4586 4659 5859 5859 4659 5895 5859 5895 7085 7085 5895 7091 7085 7091 8437 8437 7091 8434 8437 8434 9687 9687 8434 9686 9687 9686 10713 10713 9686 10724 10713 10724 11876 11876 10724 11918 11876 11918 13047 13047 11918 13162 13047 13162 14333 14333 13162 14587 14333 14587 15222 15222 14587 15365 15222 15365 14644 14644 15365 15469 14644 15469 15080 1198 791 853 853 791 743 853 743 1094 1094 743 1021 1094 1021 1246 1246 2634 1094 1094 2634 1450 1094 1450 938 938 1450 1084 938 1084 1985 1985 1084 2172 1985 2172 3438 3438 2172 3522 3438 3522 4715 4715 3522 4750 4715 4750 5927 5927 4750 5937 5927 5937 7092 7092 5937 7087 7092 7087 8431 8431 7087 8427 8431 8427 9691 9691 8427 9704 9691 9704 10747 10747 9704 10782 10747 10782 11983 11983 10782 12064 11983 12064 13300 13300 12064 13415 13300 13415 14832 14832 13415 13657 14832 13657 15049 1246 2614 2634 2634 2614 2755 2634 2755 3916 3916 2755 3900 3916 3900 4169 4169 5232 3916 3916 5232 4002 3916 4002 2870 2870 4002 2979 2870 2979 1718 1718 2979 1957 1718 1957 1384 1384 1957 1568 1384 1568 2318 2318 1568 2391 2318 2391 3564 3564 2391 3582 3564 3582 4767 4767 3582 4758 4767 4758 5930 5930 4758 5913 5930 5913 7079 7079 5913 7067 7079 7067 8423 8423 7067 8419 8423 8419 9717 9717 8419 9741 9717 9741 10963 10963 9741 11021 10963 11021 12292 12292 11021 11084 12292 11084 12176 4169 5216 5232 5232 5216 5428 5232 5428 6527 6527 5428 6521 6527 6521 6810 6810 7897 6527 6527 7897 6556 6527 6556 5292 5292 6556 5348 5292 5348 4230 4230 5348 4319 4230 4319 3119 3119 4319 3233 3119 3233 2108 2108 3233 2217 2108 2217 1708 1708 2217 1811 1708 1811 2423 2423 1811 2415 2423 2415 3575 3575 2415 3549 3575 3549 4735 4735 3549 4692 4735 4692 5870 5870 4692 5831 5870 5831 7046 7046 5831 7025 7046 7025 8420 8420 7025 8424 8420 8424 9768 9768 8424 8430 9768 8430 9571 6810 7896 7897 7897 7896 8119 7897 8119 9330 9330 8119 9339 9330 9339 9611 9611 10599 9330 9330 10599 9311 9330 9311 7899 7899 9311 7901 7899 7901 6583 6583 7901 6605 6583 6605 5395 5395 6605 5574 5395 5574 4386 4386 5574 4432 4386 4432 3304 3304 4432 3338 3304 3338 2263 2263 3338 2256 2263 2256 1774 1774 2256 1665 1774 1665 2372 2372 1665 2288 2372 2288 3496 3496 2288 3405 3496 3405 4628 4628 3405 4544 4628 4544 5789 5789 4544 5740 5789 5740 7004 7004 5740 5687 7004 5687 6749 9611 10614 10599 10599 10614 10847 10599 10847 11905 11905 10847 11932 11905 11932 12223 12223 13257 11905 11905 13257 11813 11905 11813 10549 10549 11813 10506 10549 10506 9289 9289 10506 9271 9289 9271 7903 7903 9271 7905 7903 7905 6632 6632 7905 6645 6632 6645 5599 5599 6645 5614 5599 5614 4456 4456 5614 4454 4456 4454 3334 3334 4454 3299 3334 3299 2204 2204 3299 2089 2204 2089 1522 1522 2089 1341 1522 1341 2126 2126 1341 1943 2126 1943 3279 3279 1943 3123 3279 3123 4455 4455 3123 2944 4455 2944 4097 12223 13307 13257 13257 13307 13500 13257 13500 14809 14809 13500 14899 14809 14899 15106 15106 15404 14809 14809 15404 14523 14809 14523 13097 13097 14523 12954 13097 12954 11732 11732 12954 11665 11732 11665 10467 10467 11665 10436 10467 10436 9258 9258 10436 9253 9258 9253 7907 7907 9253 7909 7907 7909 6657 6657 7909 6659 6657 6659 5616 5616 6659 5604 5616 5604 4433 4433 5604 4389 4433 4389 3230 3230 4389 3111 3230 3111 1938 1938 3111 1671 1938 1671 1040 1040 1671 895 1040 895 1637 1637 895 789 1637 789 1196 15106 15463 15404 15404 15463 15533 15404 15533 15180 15180 15533 15241 15180 15241 15014 15014 13659 15180 15180 13659 14821 15180 14821 15319 15319 14821 15176 15319 15176 14287 14287 15176 14098 14287 14098 12851 12851 14098 12772 12851 12772 11606 11606 12772 11573 11606 11573 10415 10415 11573 10405 10415 10405 9251 9251 10405 9256 9251 9256 7911 7911 9256 7916 7911 7916 6653 6653 7916 6639 6653 6639 5581 5581 6639 5547 5581 5547 4324 4324 5547 4240 4324 4240 2977 2977 4240 2864 2977 2864 1423 1423 2864 2625 1423 2625 1197 15014 13677 13659 13659 13677 13564 13659 13564 12414 12414 13564 12430 12414 12430 12164 12164 11126 12414 12414 11126 12326 12414 12326 13431 13431 12326 13321 13431 13321 14578 14578 13321 14331 14578 14331 14875 14875 14331 14701 14875 14701 13967 13967 14701 13901 13967 13901 12732 12732 13901 12715 12732 12715 11557 11557 12715 11565 11557 11565 10412 10412 11565 10429 10412 10429 9264 9264 10429 9278 9264 9278 7920 7920 9278 7924 7920 7924 6624 6624 7924 6601 6624 6601 5363 5363 6601 5304 5363 5304 4006 4006 5304 5241 4006 5241 4168 12164 11143 11126 11126 11143 10918 11126 10918 9845 9845 10918 9853 9845 9853 9549 9549 8477 9845 9845 8477 9814 9845 9814 11065 11065 9814 11008 11065 11008 12101 12101 11008 12018 12101 12018 13185 13185 12018 13072 13185 13072 14185 14185 13072 14080 14185 14080 14566 14566 14080 14468 14566 14468 13871 13871 14468 13880 13871 13880 12724 12724 13880 12746 12724 12746 11587 11587 12746 11627 11587 11627 10455 10455 11627 10492 10455 10492 9297 9297 10492 9319 9297 9319 7921 7921 9319 7917 7921 7917 6572 6572 7917 7913 6572 7913 6794 9549 8479 8477 8477 8479 8263 8477 8263 7045 7045 8263 7038 7045 7038 6752 6752 5755 7045 7045 5755 7066 7045 7066 8475 8475 7066 8473 8475 8473 9786 9786 8473 9767 9786 9767 10962 10962 9767 10784 10962 10784 11950 11950 10784 11909 11950 11909 13006 13006 11909 12970 13006 12970 14036 14036 12970 14041 14036 14041 14495 14495 14041 14608 14495 14608 13918 13918 14608 13994 13918 13994 12798 12798 13994 12882 12798 12882 11695 11695 12882 11770 11695 11770 10535 10535 11770 10585 10535 10585 9341 9341 10585 10641 9341 10641 9610 6752 5742 5755 5755 5742 5505 5755 5505 4437 4437 5505 4409 4437 4409 4100 4100 3047 4437 4437 3047 4531 4437 4531 5805 5805 4531 5848 5805 5848 7086 7086 5848 7103 7086 7103 8471 8471 7103 8469 8471 8469 9742 9742 8469 9729 9742 9729 10759 10759 9729 10744 10759 10744 11883 11883 10744 11884 11883 11884 12974 12974 11884 13012 12974 13012 14094 14094 13012 14204 14094 14204 14744 14744 14204 14922 14744 14922 14146 14146 14922 14329 14146 14329 13001 13001 14329 13150 13001 13150 11853 11853 13150 13330 11853 13330 12213 4100 2999 3047 3047 2999 2819 3047 2819 1462 1462 2819 1391 1462 1391 1200 1200 855 1462 1462 855 1780 1462 1780 3210 3210 1780 3356 3210 3356 4621 4621 3356 4687 4621 4687 5891 5891 4687 5940 5891 5940 7116 7116 5940 7121 7116 7121 8467 8467 7121 8465 8467 8465 9718 9718 8465 9716 9718 9716 10743 10743 9716 10755 10743 10755 11908 11908 10755 11948 11908 11948 13077 13077 11948 13189 13077 13189 14350 14350 13189 14623 14350 14623 15219 15219 14623 15363 15219 15363 14627 14627 15363 15465 14627 15465 15082 1200 795 855 855 795 745 855 745 1064 1064 745 1015 1064 1015 1248 1248 2619 1064 1064 2619 1437 1064 1437 943 943 1437 1086 943 1086 2005 2005 1086 2199 2005 2199 3463 3463 2199 3544 3463 3544 4746 4746 3544 4778 4746 4778 5957 5957 4778 5970 5957 5970 7123 7123 5970 7118 7123 7118 8461 8461 7118 8458 8461 8458 9722 9722 8458 9735 9722 9735 10778 10778 9735 10950 10778 10950 12013 12013 10950 12093 12013 12093 13327 13327 12093 13435 13327 13435 14856 14856 13435 13669 14856 13669 15050 1248 2603 2619 2619 2603 2757 2619 2757 3897 3897 2757 3882 3897 3882 4171 4171 5199 3897 3897 5199 3972 3897 3972 2846 2846 3972 2957 2846 2957 1679 1679 2957 1941 1679 1941 1389 1389 1941 1572 1389 1572 2335 2335 1572 2406 2335 2406 3584 3584 2406 3601 3584 3601 4793 4793 3601 4785 4793 4785 5960 5960 4785 5945 5960 5945 7109 7109 5945 7097 7109 7097 8454 8454 7097 8450 8454 8450 9748 9748 8450 9771 9748 9771 10995 10995 9771 11054 10995 11054 12323 12323 11054 11117 12323 11117 12177 4171 5183 5199 5199 5183 5430 5199 5430 6494 6494 5430 6484 6494 6484 6812 6812 7866 6494 6494 7866 6526 6494 6526 5258 5258 6526 5317 5258 5317 4200 4200 5317 4286 4200 4286 3088 3088 4286 3204 3088 3204 2088 2088 3204 2198 2088 2198 1714 1714 2198 1815 1714 1815 2435 2435 1815 2426 2435 2426 3592 3592 2426 3570 3592 3570 4766 4766 3570 4725 4766 4725 5917 5917 4725 5863 5917 5863 7078 7078 5863 7059 7078 7059 8453 8453 7059 8457 8453 8457 9798 9798 8457 8463 9798 8463 9572 6812 7865 7866 7866 7865 8121 7866 8121 9298 9298 8121 9307 9298 9307 9634 9634 10569 9298 9298 10569 9279 9298 9279 7868 7868 9279 7870 7868 7870 6553 6553 7870 6573 6553 6573 5365 5365 6573 5543 5365 5543 4356 4356 5543 4401 4356 4401 3276 3276 4401 3310 3276 3310 2248 2248 3310 2242 2248 2242 1781 1781 2242 1667 1781 1667 2387 2387 1667 2308 2387 2308 3521 3521 2308 3430 3521 3430 4658 4658 3430 4575 4658 4575 5819 5819 4575 5771 5819 5771 7035 7035 5771 5717 7035 5717 6751 9634 10584 10569 10569 10584 10849 10569 10849 11871 11871 10849 11897 11871 11897 12225 12225 13222 11871 11871 13222 11781 11871 11781 10517 10517 11781 10475 10517 10475 9257 9257 10475 9242 9257 9242 7872 7872 9242 7874 7872 7874 6600 6600 7874 6613 6600 6613 5571 5571 6613 5584 5571 5584 4425 4425 5584 4423 4425 4423 3308 3308 4423 3268 3308 3268 2181 2181 3268 2067 2181 2067 1524 1524 2067 1344 1524 1344 2149 2149 1344 1960 2149 1960 3312 3312 1960 3156 3312 3156 4489 4489 3156 2974 4489 2974 4099 12225 13273 13222 13222 13273 13465 13222 13465 14793 14793 13465 14847 14793 14847 15108 15108 15402 14793 14793 15402 14462 14793 14462 13065 13065 14462 12926 13065 12926 11702 11702 12926 11633 11702 11633 10437 10437 11633 10402 10437 10402 9229 9229 10402 9223 9229 9223 7877 7877 9223 7879 7877 7879 6623 6623 7879 6626 6623 6626 5587 5587 6626 5573 5587 5573 4402 4402 5573 4358 4402 4358 3200 3200 4358 3082 3200 3082 1924 1924 3082 1642 1924 1642 1042 1042 1642 897 1042 897 1660 1660 897 793 1660 793 1199 15108 15459 15402 15402 15459 15535 15402 15535 15202 15202 15535 15249 15202 15249 15016 15016 13670 15202 15202 13670 14836 15202 14836 15316 15316 14836 15173 15316 15173 14266 14266 15173 14076 14266 14076 12827 12827 14076 12751 12827 12751 11577 11577 12751 11546 11577 11546 10386 10386 11546 10377 10386 10377 9221 9221 10377 9226 9221 9226 7884 7884 9226 7888 7884 7888 6620 6620 7888 6606 6620 6606 5552 5552 6606 5375 5552 5375 4290 4290 5375 4209 4290 4209 2951 2951 4209 2703 2951 2703 1385 1385 2703 2611 1385 2611 1247 15016 13689 13670 13670 13689 13566 13670 13566 12432 12432 13566 12451 12432 12451 12166 12166 11158 12432 12432 11158 12358 12432 12358 13589 13589 12358 13343 13589 13343 14611 14611 13343 14348 14611 14348 14872 14872 14348 14694 14872 14694 13952 13952 14694 13884 13952 13884 12712 12712 13884 12693 12712 12693 11534 11534 12693 11540 11534 11540 10384 10384 11540 10397 10384 10397 9235 9235 10397 9247 9235 9247 7892 7892 9247 7893 7892 7893 6594 6594 7893 6569 6594 6569 5331 5331 6569 5270 5331 5270 3975 3975 5270 5208 3975 5208 4170 12166 11174 11158 11158 11174 10920 11158 10920 9879 9879 10920 9890 9879 9890 9551 9551 8507 9879 9879 8507 9846 9879 9846 11096 11096 9846 11039 11096 11039 12266 12266 11039 12047 12266 12047 13216 13216 12047 13102 13216 13102 14205 14205 13102 14096 14205 14096 14563 14563 14096 14463 14563 14463 13859 13859 14463 13866 13859 13866 12702 12702 13866 12729 12702 12729 11558 11558 12729 11598 11558 11598 10424 10424 11598 10462 10424 10462 9265 9265 10462 9286 9265 9286 7889 7889 9286 7885 7889 7885 6541 6541 7885 7881 6541 7881 6811 9551 8513 8507 8507 8513 8265 8507 8265 7077 7077 8265 7071 7077 7071 6722 6722 5786 7077 7077 5786 7096 7077 7096 8505 8505 7096 8503 8505 8503 9818 9818 8503 9795 9818 9795 10992 10992 9795 10952 10992 10952 11981 11981 10952 11936 11981 11936 13033 13033 11936 13000 13033 13000 14051 14051 13000 14057 14051 14057 14492 14492 14057 14604 14492 14604 13904 13904 14604 13979 13904 13979 12773 12773 13979 12859 12773 12859 11666 11666 12859 11740 11666 11740 10503 10503 11740 10553 10503 10553 9309 9309 10553 10609 9309 10609 9612 6722 5774 5786 5786 5774 5507 5786 5507 4469 4469 5507 4443 4469 4443 4102 4102 3084 4469 4469 3084 4564 4469 4564 5834 5834 4564 5882 5834 5882 7117 7117 5882 7132 7117 7132 8501 8501 7132 8499 8501 8499 9772 9772 8499 9758 9772 9758 10787 10787 9758 10772 10787 10772 11915 11915 10772 11916 11915 11916 13003 13003 11916 13038 13003 13038 14112 14112 13038 14223 14112 14223 14742 14742 14223 14918 14742 14918 14122 14122 14918 14311 14122 14311 12967 12967 14311 13117 12967 13117 11821 11821 13117 13299 11821 13299 12224 4102 3034 3084 3084 3034 2821 3084 2821 1479 1479 2821 1430 1479 1430 1202 1202 857 1479 1479 857 1842 1479 1842 3246 3246 1842 3388 3246 3388 4649 4649 3388 4719 4649 4719 5939 5939 4719 5974 5939 5974 7146 7146 5974 7152 7146 7152 8497 8497 7152 8495 8497 8495 9749 9749 8495 9746 9749 9746 10771 10771 9746 10783 10771 10783 11937 11937 10783 11979 11937 11979 13108 13108 11979 13221 13108 13221 14363 14363 13221 14635 14363 14635 15215 15215 14635 15361 15215 15361 14593 14593 15361 15461 14593 15461 15107 1202 799 857 857 799 747 857 747 1049 1049 747 1007 1049 1007 1250 1250 2609 1049 1049 2609 1417 1049 1417 945 945 1417 1091 945 1091 2027 2027 1091 2226 2027 2226 3491 3491 2226 3566 3491 3566 4776 4776 3566 4803 4776 4803 5991 5991 4803 6000 5991 6000 7153 7153 6000 7149 7153 7149 8490 8490 7149 8486 8490 8486 9752 9752 8486 9764 9752 9764 10945 10945 9764 10983 10945 10983 12044 12044 10983 12125 12044 12125 13349 13349 12125 13594 13349 13594 14896 14896 13594 13679 14896 13679 15015 1250 2593 2609 2609 2593 2759 2609 2759 3879 3879 2759 3864 3879 3864 4173 4173 5166 3879 3879 5166 3946 3879 3946 2690 2690 3946 2933 2690 2933 1647 1647 2933 1925 1647 1925 1395 1395 1925 1576 1395 1576 2353 2353 1576 2424 2353 2424 3605 3605 2424 3622 3605 3622 4819 4819 3622 4809 4819 4809 5993 5993 4809 5978 5993 5978 7140 7140 5978 7127 7140 7127 8482 8482 7127 8481 8482 8481 9777 9777 8481 9801 9777 9801 11026 11026 9801 11085 11026 11085 12354 12354 11085 11150 12354 11150 12165 4173 5149 5166 5166 5149 5432 5166 5432 6461 6461 5432 6451 6461 6451 6814 6814 7831 6461 6461 7831 6493 6461 6493 5227 5227 6493 5283 5227 5283 4033 4033 5283 4256 4033 4256 3056 3056 4256 3173 3056 3173 2068 2068 3173 2178 2068 2178 1716 1716 2178 1823 1716 1823 2449 2449 1823 2442 2449 2442 3614 3614 2442 3587 3614 3587 4791 4791 3587 4754 4791 4754 5948 5948 4754 5904 5948 5904 7110 7110 5904 7090 7110 7090 8485 8485 7090 8489 8485 8489 9830 9830 8489 8494 9830 8494 9550 6814 7827 7831 7831 7827 8123 7831 8123 9266 9266 8123 9274 9266 9274 9635 9635 10538 9266 9266 10538 9246 9266 9246 7837 7837 9246 7839 7837 7839 6523 6523 7839 6544 6523 6544 5334 5334 6544 5374 5334 5374 4325 4325 5374 4371 4325 4371 3244 3244 4371 3281 3244 3281 2230 2230 3281 2225 2230 2225 1786 1786 2225 1673 1786 1673 2401 2401 1673 2323 2401 2323 3543 3543 2323 3456 3543 3456 4686 4686 3456 4610 4686 4610 5851 5851 4610 5801 5851 5801 7068 7068 5801 5747 7068 5747 6753 9635 10551 10538 10538 10551 10816 10538 10816 11840 11840 10816 11867 11840 11867 12246 12246 13184 11840 11840 13184 11751 11840 11751 10489 10489 11751 10445 10489 10445 9227 9227 10445 9212 9227 9212 7841 7841 9212 7843 7841 7843 6567 6567 7843 6582 6567 6582 5402 5402 6582 5556 5402 5556 4393 4393 5556 4392 4393 4392 3278 3278 4392 3240 3278 3240 2160 2160 3240 2050 2160 2050 1526 1526 2050 1346 1526 1346 2173 2173 1346 1978 2173 1978 3343 3343 1978 3191 3343 3191 4522 4522 3191 3007 4522 3007 4101 12246 13238 13184 13184 13238 13466 13184 13466 14776 14776 13466 14825 14776 14825 15110 15110 15400 14776 14776 15400 14420 14776 14420 13031 13031 14420 12896 13031 12896 11674 11674 12896 11602 11674 11602 10403 10403 11602 10372 10403 10372 9199 9199 10372 9192 9199 9192 7845 7845 9192 7850 7845 7850 6592 6592 7850 6596 6592 6596 5557 5557 6596 5544 5557 5544 4370 4370 5544 4327 4370 4327 3167 3167 4327 3050 3167 3050 1911 1911 3050 1629 1911 1629 1044 1044 1629 899 1044 899 1704 1704 899 797 1704 797 1201 15110 15455 15400 15400 15455 15537 15400 15537 15220 15220 15537 15255 15220 15255 15018 15018 13680 15220 15220 13680 14871 15220 14871 15314 15314 14871 15167 15314 15167 14244 14244 15167 14054 14244 14054 12803 12803 14054 12731 12803 12731 11550 11550 12731 11519 11550 11519 10356 10356 11519 10348 10356 10348 9191 9191 10348 9195 9191 9195 7854 7854 9195 7857 7854 7857 6589 6589 7857 6577 6589 6577 5383 5383 6577 5344 5383 5344 4259 4259 5344 4039 4259 4039 2929 2929 4039 2685 2929 2685 1358 1358 2685 2601 1358 2601 1249 15018 13700 13680 13680 13700 13568 13680 13568 12452 12452 13568 12466 12452 12466 12140 12140 11194 12452 12452 11194 12383 12452 12383 13604 13604 12383 13365 13604 13365 14629 14629 13365 14361 14629 14361 14868 14868 14361 14690 14868 14690 13936 13936 14690 13868 13936 13868 12691 12691 13868 12676 12691 12676 11505 11505 12676 11513 11505 11513 10355 10355 11513 10368 10355 10368 9208 9208 10368 9217 9208 9217 7861 7861 9217 7862 7861 7862 6561 6561 7862 6538 6561 6538 5299 5299 6538 5239 5299 5239 3949 3949 5239 5176 3949 5176 4172 12140 11209 11194 11194 11209 10922 11194 10922 9910 9910 10922 9921 9910 9921 9525 9525 8543 9910 9910 8543 9880 9910 9880 11131 11131 9880 11073 11131 11073 12294 12294 11073 12077 12294 12077 13248 13248 12077 13133 13248 13133 14222 14222 13133 14113 14222 14113 14557 14557 14113 14450 14557 14450 13842 13842 14450 13849 13842 13849 12683 12683 13849 12709 12683 12709 11535 11535 12709 11568 11535 11568 10394 10394 11568 10430 10394 10430 9234 9234 10430 9252 9234 9252 7858 7858 9252 7853 7858 7853 6511 6511 7853 7849 6511 7849 6813 9525 8548 8543 8543 8548 8267 8543 8267 7107 7107 8267 7102 7107 7102 6723 6723 5817 7107 7107 5817 7128 7107 7128 8536 8536 7128 8534 8536 8534 9850 9850 8534 9827 9850 9827 11023 11023 9827 10982 11023 10982 12011 12011 10982 11965 12011 11965 13061 13061 11965 13028 13061 13028 14069 14069 13028 14072 14069 14072 14485 14485 14072 14600 14485 14600 13890 13890 14600 13962 13890 13962 12752 12752 13962 12832 12752 12832 11632 11632 12832 11713 11632 11713 10474 10474 11713 10522 10474 10522 9275 9275 10522 10579 9275 10579 9613 6723 5804 5817 5817 5804 5527 5817 5527 4504 4504 5527 4475 4504 4475 4104 4104 3122 4504 4504 3122 4597 4504 4597 5866 5866 4597 5931 5866 5931 7148 7148 5931 7163 7148 7163 8532 8532 7163 8530 8532 8530 9802 9802 8530 9785 9802 9785 10955 10955 9785 10942 10955 10942 11944 11944 10942 11945 11944 11945 13030 13030 11945 13067 13030 13067 14131 14131 13067 14241 14131 14241 14735 14735 14241 14914 14735 14914 14097 14097 14914 14290 14097 14290 12937 12937 14290 13083 12937 13083 11789 11789 13083 13265 11789 13265 12226 4104 3070 3122 3122 3070 2823 3122 2823 1497 1497 2823 1452 1497 1452 1204 1204 859 1497 1497 859 1875 1497 1875 3280 3280 1875 3416 3280 3416 4678 4678 3416 4748 4678 4748 5973 5973 4748 6005 5973 6005 7174 7174 6005 7184 7174 7184 8528 8528 7184 8523 8528 8523 9778 9778 8523 9776 9778 9776 10941 10941 9776 10951 10941 10951 11966 11966 10951 12009 11966 12009 13139 13139 12009 13251 13139 13251 14374 14374 13251 14651 14374 14651 15213 15213 14651 15359 15213 15359 14547 14547 15359 15457 14547 15457 15109 1204 803 859 859 803 749 859 749 1023 1023 749 1000 1023 1000 1252 1252 2599 1023 1023 2599 1376 1023 1376 949 949 1376 1093 949 1093 2049 2049 1093 2246 2049 2246 3515 3515 2246 3585 3515 3585 4800 4800 3585 4833 4800 4833 6021 6021 4833 6029 6021 6029 7185 7185 6029 7180 7185 7180 8519 8519 7180 8515 8519 8515 9782 9782 8515 9793 9782 9793 10972 10972 9793 11013 10972 11013 12074 12074 11013 12290 12074 12290 13370 13370 12290 13609 13370 13609 14913 14913 13609 13691 14913 13691 15017 1252 2583 2599 2599 2583 2761 2599 2761 3862 3862 2761 3847 3862 3847 4175 4175 5131 3862 3862 5131 3922 3862 3922 2674 2674 3922 2914 2674 2914 1635 1635 2914 1914 1635 1914 1401 1401 1914 1581 1401 1581 2370 2370 1581 2438 2370 2438 3623 3623 2438 3642 3623 3642 4845 4845 3642 4838 4845 4838 6023 6023 4838 6009 6023 6009 7167 7167 6009 7158 7167 7158 8509 8509 7158 8510 8509 8510 9809 9809 8510 9833 9809 9833 11061 11061 9833 11118 11061 11118 12380 12380 11118 11183 12380 11183 12167 4175 5116 5131 5131 5116 5434 5131 5434 6429 6429 5434 6417 6429 6417 6833 6833 7799 6429 6429 7799 6459 6429 6459 5195 5195 6459 5251 5195 5251 4003 4003 5251 4224 4003 4224 3025 3025 4224 3145 3025 3145 2051 2051 3145 2159 2051 2159 1723 1723 2159 1827 1723 1827 2467 2467 1827 2458 2467 2458 3632 3632 2458 3609 3632 3609 4817 4817 3609 4782 4817 4782 5982 5982 4782 5944 5982 5944 7141 7141 5944 7122 7141 7122 8516 8516 7122 8521 8516 8521 9864 9864 8521 8527 9864 8527 9552 6833 7795 7799 7799 7795 8125 7799 8125 9236 9236 8125 9241 9236 9241 9637 9637 10505 9236 9236 10505 9216 9236 9216 7807 7807 9216 7809 7807 7809 6489 6489 7809 6514 6489 6514 5302 5302 6514 5345 5302 5345 4292 4292 5345 4341 4292 4341 3219 3219 4341 3252 3219 3252 2212 2212 3252 2207 2212 2207 1803 1803 2207 1675 1803 1675 2419 2419 1675 2344 2419 2344 3565 3565 2344 3486 3565 3486 4720 4720 3486 4643 4720 4643 5883 5883 4643 5832 5883 5832 7099 7099 5832 5778 7099 5778 6754 9637 10519 10505 10505 10519 10817 10505 10817 11807 11807 10817 11834 11807 11834 12247 12247 13151 11807 11807 13151 11722 11807 11722 10459 10459 11722 10411 10459 10411 9196 9196 10411 9182 9196 9182 7811 7811 9182 7813 7811 7813 6537 6537 7813 6554 6537 6554 5371 5371 6554 5386 5371 5386 4362 4362 5386 4361 4362 4361 3248 3248 4361 3209 3248 3209 2143 2143 3209 2031 2143 2031 1529 1529 2031 1348 1529 1348 2201 2201 1348 1999 2201 1999 3376 3376 1999 3224 3376 3224 4556 4556 3224 3041 4556 3041 4103 12247 13203 13151 13151 13203 13468 13151 13468 14756 14756 13468 14807 14756 14807 15112 15112 15398 14756 14756 15398 14393 14756 14393 12998 12998 14393 12870 12998 12870 11641 11641 12870 11572 11641 11572 10373 10373 11572 10344 10373 10344 9170 9170 10344 9162 9170 9162 7815 7815 9162 7820 7815 7820 6562 6562 7820 6563 6562 6563 5388 5388 6563 5376 5388 5376 4340 4340 5376 4294 4340 4294 3136 3136 4294 3021 3136 3021 1902 1902 3021 1609 1902 1609 1047 1047 1609 901 1047 901 1748 1748 901 801 1748 801 1203 15112 15451 15398 15398 15451 15540 15398 15540 15238 15238 15540 15262 15238 15262 15020 15020 13692 15238 15238 13692 14901 15238 14901 15312 15312 14901 15162 15312 15162 14221 14221 15162 14032 14221 14032 12776 12776 14032 12711 12776 12711 11525 11525 12711 11493 11525 11493 10329 10329 11493 10321 10329 10321 9161 9161 10321 9167 9161 9167 7824 7824 9167 7830 7824 7830 6557 6557 7830 6546 6557 6546 5354 5354 6546 5312 5354 5312 4229 4229 5312 4008 4229 4008 2910 2910 4008 2669 2910 2669 1336 1336 2669 2591 1336 2591 1251 15020 13714 13692 13692 13714 13570 13692 13570 12467 12467 13570 12481 12467 12481 12141 12141 11226 12467 12467 11226 12408 12467 12408 13618 13618 12408 13386 13618 13386 14643 14643 13386 14372 14643 14372 14857 14857 14372 14683 14857 14683 13919 13919 14683 13855 13919 13855 12675 12675 13855 12658 12675 12658 11482 11482 12658 11488 11482 11488 10325 10325 11488 10340 10325 10340 9177 9177 10340 9186 9177 9186 7835 7835 9186 7832 7835 7832 6531 6531 7832 6508 6531 6508 5264 5264 6508 5209 5264 5209 3925 3925 5209 5139 3925 5139 4174 12141 11243 11226 11226 11243 10924 11226 10924 9941 9941 10924 9953 9941 9953 9526 9526 8577 9941 9941 8577 9912 9941 9912 11162 11162 9912 11104 11162 11104 12325 12325 11104 12107 12325 12107 13279 13279 12107 13159 13279 13159 14240 14240 13159 14134 14240 14134 14550 14550 14134 14445 14550 14445 13825 13825 14445 13836 13825 13836 12665 12665 13836 12688 12665 12688 11506 11506 12688 11543 11506 11543 10364 10364 11543 10398 10364 10398 9204 9204 10398 9222 9204 9222 7825 7825 9222 7821 7825 7821 6474 6474 7821 7817 6474 7817 6815 9526 8581 8577 8577 8581 8269 8577 8269 7139 7139 8269 7134 7139 7134 6725 6725 5850 7139 7139 5850 7159 7139 7159 8567 8567 7159 8565 8567 8565 9884 9884 8565 9860 9884 9860 11056 11056 9860 11012 11056 11012 12042 12042 11012 11993 12042 11993 13087 13087 11993 13054 13087 13054 14085 14085 13054 14090 14085 14090 14476 14476 14090 14595 14476 14595 13873 13873 14595 13947 13873 13947 12730 12730 13947 12808 12730 12808 11601 11601 12808 11680 11601 11680 10443 10443 11680 10491 10443 10491 9244 9244 10491 10546 9244 10546 9636 6725 5836 5850 5850 5836 5529 5850 5529 4535 4535 5529 4510 4535 4510 4106 4106 3157 4535 4535 3157 4633 4535 4633 5915 5915 4633 5962 5915 5962 7181 7181 5962 7194 7181 7194 8563 8563 7194 8561 8563 8561 9834 9834 8561 9817 9834 9817 10986 10986 9817 10970 10986 10970 11975 11975 10970 11976 11975 11976 13056 13056 11976 13096 13056 13096 14150 14150 13096 14258 14150 14258 14731 14731 14258 14910 14731 14910 14074 14074 14910 14272 14074 14272 12908 12908 14272 13050 12908 13050 11759 11759 13050 13232 11759 13232 12227 4106 3105 3157 3157 3105 2826 3157 2826 1531 1531 2826 1466 1531 1466 1206 1206 861 1531 1531 861 1895 1531 1895 3314 3314 1895 3443 3314 3443 4712 4712 3443 4779 4712 4779 6006 6006 4779 6034 6006 6034 7206 7206 6034 7214 7206 7214 8559 8559 7214 8554 8559 8554 9808 9808 8554 9807 9808 9807 10967 10967 9807 10981 10967 10981 11994 11994 10981 12040 11994 12040 13167 13167 12040 13283 13167 13283 14384 14384 13283 14670 14384 14670 15209 15209 14670 15357 15209 15357 14506 14506 15357 15453 14506 15453 15111 1206 807 861 861 807 752 861 752 1017 1017 752 994 1017 994 1254 1254 2589 1017 1017 2589 1352 1017 1352 951 951 1352 1099 951 1099 2072 2072 1099 2266 2072 2266 3540 3540 2266 3607 3540 3607 4831 4831 3607 4856 4831 4856 6050 6050 4856 6058 6050 6058 7215 7215 6058 7209 7215 7209 8549 8549 7209 8542 8549 8542 9812 9812 8542 9825 9812 9825 11004 11004 9825 11043 11004 11043 12102 12102 11043 12321 12102 12321 13389 13389 12321 13625 13389 13625 14937 14937 13625 13702 14937 13702 15019 1254 2567 2589 2589 2567 2764 2589 2764 3844 3844 2764 3830 3844 3830 4177 4177 5104 3844 3844 5104 3903 3844 3903 2662 2662 3903 2894 2662 2894 1619 1619 2894 1904 1619 1904 1415 1415 1904 1588 1415 1588 2388 2388 1588 2451 2388 2451 3643 3643 2451 3657 3643 3657 4868 4868 3657 4861 4868 4861 6052 6052 4861 6039 6052 6039 7199 7199 6039 7190 7199 7190 8538 8538 7190 8541 8538 8541 9842 9842 8541 9866 9842 9866 11091 11091 9866 11147 11091 11147 12404 12404 11147 11220 12404 11220 12168 4177 5089 5104 5104 5089 5436 5104 5436 6397 6397 5436 6386 6397 6386 6834 6834 7765 6397 6397 7765 6428 6397 6428 5164 5164 6428 5221 5164 5221 3973 3973 5221 4055 3973 4055 2996 2996 4055 3117 2996 3117 2034 2034 3117 2141 2034 2141 1727 1727 2141 1832 1727 1832 2482 2482 1832 2472 2482 2472 3650 3650 2472 3627 3650 3627 4844 4844 3627 4806 4844 4806 6013 6013 4806 5979 6013 5979 7171 7171 5979 7155 7171 7155 8546 8546 7155 8553 8546 8553 9895 9895 8553 8558 9895 8558 9553 6834 7764 7765 7765 7764 8127 7765 8127 9205 9205 8127 9211 9205 9211 9639 9639 10472 9205 9205 10472 9184 9205 9184 7777 7777 9184 7779 7777 7779 6457 6457 7779 6480 6457 6480 5269 5269 6480 5313 5269 5313 4261 4261 5313 4313 4261 4313 3192 3192 4313 3226 3192 3226 2194 2194 3226 2187 2194 2187 1812 1812 2187 1681 1812 1681 2433 2433 1681 2361 2433 2361 3586 3586 2361 3510 3586 3510 4749 4749 3510 4675 4749 4675 5934 5934 4675 5865 5934 5865 7131 7131 5865 5811 7131 5811 6724 9639 10488 10472 10472 10488 10819 10472 10819 11776 11776 10819 11799 11776 11799 12249 12249 13116 11776 11776 13116 11690 11776 11690 10425 10425 11690 10380 10425 10380 9165 9165 10380 9152 9165 9152 7781 7781 9152 7783 7781 7783 6507 6507 7783 6525 6507 6525 5343 5343 6525 5358 5343 5358 4332 4332 5358 4331 4332 4331 3221 3221 4331 3182 3221 3182 2124 2124 3182 2016 2124 2016 1535 1535 2016 1351 1535 1351 2227 2227 1351 2020 2227 2020 3403 3403 2020 3258 3403 3258 4587 4587 3258 3077 4587 3077 4105 12249 13166 13116 13116 13166 13470 13116 13470 14719 14719 13470 14789 14719 14789 15114 15114 15396 14719 14719 15396 14379 14719 14379 12966 12966 14379 12845 12966 12845 11608 11608 12845 11545 11608 11545 10342 10342 11545 10313 10342 10313 9140 9140 10313 9132 9140 9132 7787 7787 9132 7790 7787 7790 6532 6532 7790 6533 6532 6533 5359 5359 6533 5347 5359 5347 4312 4312 5347 4263 4312 4263 3107 3107 4263 2991 3107 2991 1889 1889 2991 1587 1889 1587 1050 1050 1587 903 1050 903 1808 1808 903 805 1808 805 1205 15114 15447 15396 15396 15447 15542 15396 15542 15242 15242 15542 15269 15242 15269 15022 15022 13703 15242 15242 13703 14919 15242 14919 15306 15306 14919 15159 15306 15159 14196 14196 15159 14014 14196 14014 12755 12755 14014 12690 12755 12690 11495 11495 12690 11472 11495 11472 10297 10297 11472 10289 10297 10289 9131 9131 10289 9137 9131 9137 7796 7796 9137 7801 7796 7801 6528 6528 7801 6517 6528 6517 5321 5321 6517 5281 5321 5281 4195 4195 5281 3977 4195 3977 2892 2892 3977 2654 2892 2654 1320 1320 2654 2581 1320 2581 1253 15022 13733 13703 13703 13733 13572 13703 13572 12483 12483 13572 12495 12483 12495 12143 12143 11254 12483 12483 11254 12427 12483 12427 13633 13633 12427 13405 13633 13405 14660 14660 13405 14383 14660 14383 14850 14850 14383 14679 14850 14679 13903 13903 14679 13841 13903 13841 12656 12656 13841 12642 12656 12642 11462 11462 12642 11467 11462 11467 10296 10296 11467 10309 10296 10309 9147 9147 10309 9156 9147 9156 7805 7805 9156 7802 7805 7802 6497 6497 7802 6472 6497 6472 5233 5233 6472 5177 5233 5177 3906 3906 5177 5110 3906 5110 4176 12143 11267 11254 11254 11267 10926 11254 10926 9972 9972 10926 9985 9972 9985 9527 9527 8617 9972 9972 8617 9943 9972 9943 11197 11197 9943 11136 11197 11136 12356 12356 11136 12275 12356 12275 13308 13308 12275 13187 13308 13187 14255 14255 13187 14152 14255 14152 14544 14544 14152 14440 14544 14440 13812 13812 14440 13819 13812 13819 12649 12649 13819 12670 12649 12670 11483 11483 12670 11515 11483 11515 10335 10335 11515 10367 10335 10367 9176 9176 10367 9189 9176 9189 7797 7797 9189 7791 7797 7791 6444 6444 7791 7786 6444 7786 6816 9527 8620 8617 8617 8620 8271 8617 8271 7168 7168 8271 7165 7168 7165 6727 6727 5885 7168 7168 5885 7192 7168 7192 8598 8598 7192 8596 8598 8596 9915 9915 8596 9893 9915 9893 11086 11086 9893 11040 11086 11040 12071 12071 11040 12023 12071 12023 13115 13115 12023 13079 13115 13079 14101 14101 13079 14106 14101 14106 14467 14467 14106 14590 14467 14590 13861 13861 14590 13928 13861 13928 12710 12710 13928 12785 12710 12785 11571 11571 12785 11648 11571 11648 10408 10408 11648 10460 10408 10460 9213 9213 10460 10513 9213 10513 9638 6727 5869 5885 5885 5869 5531 5885 5531 4569 4569 5531 4546 4569 4546 4108 4108 3194 4569 4569 3194 4663 4569 4663 5949 5949 4663 5998 5949 5998 7210 7210 5998 7224 7210 7224 8594 8594 7224 8592 8594 8592 9867 9867 8592 9847 9867 9847 11015 11015 9847 10999 11015 10999 12003 12003 10999 12005 12003 12005 13082 13082 12005 13122 13082 13122 14168 14168 13122 14273 14168 14273 14729 14729 14273 14907 14729 14907 14053 14053 14907 14250 14053 14250 12883 12883 14250 13019 12883 13019 11731 11731 13019 13193 11731 13193 12248 4108 3142 3194 3194 3142 2828 3194 2828 1578 1578 2828 1485 1578 1485 1208 1208 863 1578 1578 863 1910 1578 1910 3346 3346 1910 3472 3346 3472 4744 4744 3472 4804 4744 4804 6035 6035 4804 6065 6035 6065 7235 7235 6065 7244 7235 7244 8588 8588 7244 8583 8588 8583 9839 9839 8583 9838 9839 9838 10998 10998 9838 11011 10998 11011 12024 12024 11011 12069 12024 12069 13196 13196 12069 13311 13196 13311 14395 14395 13311 14696 14395 14696 15207 15207 14696 15355 15207 15355 14442 14442 15355 15449 14442 15449 15113 1208 811 863 863 811 754 863 754 1013 1013 754 986 1013 986 1256 1256 2579 1013 1013 2579 1328 1013 1328 953 953 1328 1104 953 1104 2101 2101 1104 2286 2101 2286 3560 3560 2286 3625 3560 3625 4855 4855 3625 4877 4855 4877 6080 6080 4877 6088 6080 6088 7246 7246 6088 7240 7246 7240 8575 8575 7240 8572 8575 8572 9844 9844 8572 9855 9844 9855 11034 11034 9855 11074 11034 11074 12269 12269 11074 12353 12269 12353 13407 13407 12353 13638 13407 13638 14947 14947 13638 13717 14947 13717 15021 1256 2549 2579 2579 2549 2766 2579 2766 3828 3828 2766 3817 3828 3817 4179 4179 5081 3828 3828 5081 3884 3828 3884 2646 2646 3884 2874 2646 2874 1599 1599 2874 1891 1599 1891 1419 1419 1891 1595 1419 1595 2404 2404 1595 2468 2404 2468 3659 3659 2468 3673 3659 3673 4888 4888 3673 4882 4888 4882 6081 6081 4882 6068 6081 6068 7230 7230 6068 7219 7230 7219 8569 8569 7219 8573 8569 8573 9874 9874 8573 9900 9874 9900 11124 11124 9900 11180 11124 11180 12424 12424 11180 11247 12424 11247 12142 4179 5071 5081 5081 5071 5438 5081 5438 6364 6364 5438 6355 6364 6355 6835 6835 7726 6364 6364 7726 6395 6364 6395 5129 5129 6395 5189 5129 5189 3948 3948 5189 4025 3948 4025 2969 2969 4025 3087 2969 3087 2017 2017 3087 2121 2017 2121 1733 1733 2121 1840 1733 1840 2494 2494 1840 2490 2494 2490 3665 3665 2490 3647 3665 3647 4866 4866 3647 4837 4866 4837 6044 6044 4837 6011 6044 6011 7200 7200 6011 7187 7200 7187 8578 8578 7187 8585 8578 8585 9926 9926 8585 8591 9926 8591 9554 6835 7724 7726 7726 7724 8129 7726 8129 9175 9175 8129 9180 9175 9180 9641 9641 10440 9175 9175 10440 9153 9175 9153 7739 7739 9153 7741 7739 7741 6425 6425 7741 6447 6425 6447 5238 5238 6447 5282 5238 5282 4231 4231 5282 4280 4231 4280 3161 3161 4280 3198 3161 3198 2175 2175 3198 2168 2175 2168 1816 1816 2168 1684 1816 1684 2448 2448 1684 2379 2448 2379 3608 3608 2379 3533 3608 3533 4780 4780 3533 4707 4780 4707 5965 5965 4707 5914 5965 5914 7162 7162 5914 5843 7162 5843 6726 9641 10458 10440 10440 10458 10821 10440 10821 11744 11744 10821 11766 11744 11766 12251 12251 13081 11744 11744 13081 11659 11744 11659 10393 10393 11659 10347 10393 10347 9136 9136 10347 9122 9136 9122 7743 7743 9122 7752 7743 7752 6471 6471 7752 6492 6471 6492 5310 5310 6492 5326 5310 5326 4301 4301 5326 4298 4301 4298 3195 3195 4298 3154 3195 3154 2105 2105 3154 2000 2105 2000 1540 1540 2000 1357 1540 1357 2249 2249 1357 2043 2249 2043 3428 3428 2043 3292 3428 3292 4622 4622 3292 3115 4622 3115 4107 12251 13130 13081 13081 13130 13472 13081 13472 14673 14673 13472 14772 14673 14772 15116 15116 15394 14673 14673 15394 14364 14673 14364 12933 12933 14364 12822 12933 12822 11578 11578 12822 11517 11578 11517 10312 10312 11517 10282 10312 10282 9113 9113 10282 9103 9113 9103 7757 7757 9103 7762 7757 7762 6500 6500 7762 6503 6500 6503 5328 5328 6503 5316 5328 5316 4279 4279 5316 4234 4279 4234 3080 3080 4234 2965 3080 2965 1877 1877 2965 1551 1877 1551 1054 1054 1551 905 1054 905 1857 1857 905 809 1857 809 1207 15116 15443 15394 15394 15443 15544 15394 15544 15250 15250 15544 15278 15250 15278 15024 15024 13719 15250 15250 13719 14938 15250 14938 15304 15304 14938 15155 15304 15155 14171 14171 15155 13996 14171 13996 12734 12734 13996 12673 12734 12673 11473 11473 12673 11451 11473 11451 10267 10267 11451 10260 10267 10260 9101 9101 10260 9107 9101 9107 7769 7769 9107 7773 7769 7773 6495 6495 7773 6486 6495 6486 5290 5290 6486 5250 5290 5250 4029 4029 5250 3950 4029 3950 2872 2872 3950 2639 2872 2639 1309 1309 2639 2565 1309 2565 1255 15024 13762 13719 13719 13762 13574 13719 13574 12496 12496 13574 12506 12496 12506 12145 12145 11276 12496 12496 11276 12447 12496 12447 13648 13648 12447 13421 13648 13421 14682 14682 13421 14392 14682 14392 14843 14843 14392 14675 14843 14675 13887 13887 14675 13823 13887 13823 12640 12640 13823 12626 12640 12626 11438 11438 12626 11446 11438 11446 10266 10266 11446 10279 10266 10279 9117 9117 10279 9127 9117 9127 7775 7775 9127 7770 7775 7770 6464 6464 7770 6440 6464 6440 5202 5202 6440 5141 5202 5141 3886 3886 5141 5086 3886 5086 4178 12145 11286 11276 11276 11286 10928 11276 10928 10006 10006 10928 10017 10006 10017 9528 9528 8650 10006 10006 8650 9974 10006 9974 11229 11229 9974 11167 11229 11167 12381 12381 11167 12305 12381 12305 13333 13333 12305 13214 13333 13214 14270 14270 13214 14169 14270 14169 14537 14537 14169 14434 14537 14434 13797 13797 14434 13803 13797 13803 12635 12635 13803 12652 12635 12652 11463 11463 12652 11490 11463 11490 10304 10304 11490 10338 10304 10338 9146 9146 10338 9159 9146 9159 7766 7766 9159 7758 7766 7758 6413 6413 7758 7754 6413 7754 6817 9528 8653 8650 8650 8653 8273 8650 8273 7203 7203 8273 7197 7203 7197 6729 6729 5938 7203 7203 5938 7223 7203 7223 8639 8639 7223 8635 8639 8635 9945 9945 8635 9922 9945 9922 11119 11119 9922 11072 11119 11072 12099 12099 11072 12049 12099 12049 13143 13143 12049 13107 13143 13107 14117 14117 13107 14126 14117 14126 14452 14452 14126 14586 14452 14586 13843 13843 14586 13912 13843 13912 12689 12689 13912 12761 12689 12761 11544 11544 12761 11612 11544 11612 10376 10376 11612 10428 10376 10428 9181 9181 10428 10481 9181 10481 9640 6729 5920 5938 5938 5920 5533 5938 5533 4606 4606 5533 4580 4606 4580 4110 4110 3227 4606 4606 3227 4695 4606 4695 5984 5984 4695 6031 5984 6031 7243 7243 6031 7256 7243 7256 8633 8633 7256 8630 8633 8630 9899 9899 8630 9881 9899 9881 11045 11045 9881 11029 11045 11029 12033 12033 11029 12034 12033 12034 13113 13113 12034 13148 13113 13148 14186 14186 13148 14288 14186 14288 14726 14726 14288 14905 14726 14905 14031 14031 14905 14228 14031 14228 12858 12858 14228 12987 12858 12987 11701 11701 12987 13155 11701 13155 12250 4110 3178 3227 3227 3178 2830 3227 2830 1613 1613 2830 1504 1613 1504 1210 1210 865 1613 1613 865 1926 1613 1926 3379 3379 1926 3499 3379 3499 4775 4775 3499 4835 4775 4835 6066 6066 4835 6095 6066 6095 7265 7265 6095 7274 7265 7274 8625 8625 7274 8618 8625 8618 9872 9872 8618 9870 9872 9870 11028 11028 9870 11038 11028 11038 12051 12051 11038 12098 12051 12098 13223 13223 12098 13337 13223 13337 14413 14413 13337 14728 14413 14728 15204 15204 14728 15351 15204 15351 14407 14407 15351 15445 14407 15445 15115 1210 815 865 865 815 756 865 756 1005 1005 756 980 1005 980 1258 1258 2561 1005 1005 2561 1319 1005 1319 957 957 1319 1108 957 1108 2128 2128 1108 2307 2128 2307 3581 3581 2307 3645 3581 3645 4875 4875 3645 4902 4875 4902 6109 6109 4902 6115 6109 6115 7276 7276 6115 7270 7276 7270 8613 8613 7270 8609 8613 8609 9878 9878 8609 9887 9878 9887 11067 11067 9887 11107 11067 11107 12299 12299 11107 12379 12299 12379 13425 13425 12379 13655 13425 13655 14957 14957 13655 13738 14957 13738 15023 1258 2530 2561 2561 2530 2768 2561 2768 3815 3815 2768 3804 3815 3804 4181 4181 5063 3815 3815 5063 3867 3815 3867 2632 2632 3867 2855 2632 2855 1571 1571 2855 1880 1571 1880 1422 1422 1880 1601 1422 1601 2422 2422 1601 2484 2422 2484 3675 3675 2484 3688 3675 3688 4911 4911 3688 4907 4911 4907 6111 6111 4907 6097 6111 6097 7258 7258 6097 7250 7258 7250 8607 8607 7250 8612 8607 8612 9908 9908 8612 9930 9908 9930 11156 11156 9930 11217 11156 11217 12443 12443 11217 11273 12443 11273 12144 4181 5053 5063 5063 5053 5440 5063 5440 6334 6334 5440 6324 6334 6324 6836 6836 7693 6334 6334 7693 6363 6334 6363 5102 5102 6363 5158 5102 5158 3924 3924 5158 3993 3924 3993 2949 2949 3993 3057 2949 3057 2003 2003 3057 2104 2003 2104 1739 1739 2104 1847 1739 1847 2511 2511 1847 2502 2511 2502 3680 3680 2502 3663 3680 3663 4887 4887 3663 4859 4887 4859 6074 6074 4859 6040 6074 6040 7231 7231 6040 7217 7231 7217 8616 8616 7217 8623 8616 8623 9956 9956 8623 8629 9956 8629 9555 6836 7691 7693 7693 7691 8131 7693 8131 9143 9143 8131 9150 9143 9150 9643 9643 10404 9143 9143 10404 9123 9143 9123 7705 7705 9123 7711 7705 7711 6393 6393 7711 6419 6393 6419 5210 5210 6419 5253 5210 5253 4202 4202 5253 4254 4202 4254 3130 3130 4254 3169 3130 3169 2156 2156 3169 2148 2156 2148 1828 1828 2148 1696 1828 1696 2466 2466 1696 2395 2466 2395 3626 3626 2395 3555 3626 3555 4805 4805 3555 4740 4805 4740 6002 6002 4740 5946 6002 5946 7195 7195 5946 5877 7195 5877 6728 9643 10422 10404 10404 10422 10823 10404 10823 11715 11715 10823 11735 11715 11735 12253 12253 13046 11715 11715 13046 11626 11715 11626 10362 10362 11626 10316 10362 10316 9104 9104 10316 9093 9104 9093 7713 7713 9093 7715 7713 7715 6441 6441 7715 6460 6441 6460 5278 5278 6460 5295 5278 5295 4272 4272 5295 4269 4272 4269 3164 3164 4269 3126 3164 3126 2085 2085 3126 1987 2085 1987 1546 1546 1987 1363 1546 1363 2269 2269 1363 2066 2269 2066 3458 3458 2066 3323 3458 3323 4654 4654 3323 3152 4654 3152 4109 12253 13095 13046 13046 13095 13474 13046 13474 14642 14642 13474 14741 14642 14741 15118 15118 15392 14642 14642 15392 14345 14642 14345 12905 12905 14345 12795 12905 12795 11549 11549 12795 11492 11549 11492 10281 10281 11492 10254 10281 10254 9083 9083 10254 9074 9083 9074 7720 7720 9074 7727 7720 7727 6466 6466 7727 6468 6466 6468 5297 5297 6468 5284 5297 5284 4253 4253 5284 4203 4253 4203 3049 3049 4203 2942 3049 2942 1854 1854 2942 1527 1854 1527 1058 1058 1527 907 1058 907 1885 1885 907 813 1885 813 1209 15118 15437 15392 15392 15437 15546 15392 15546 15256 15256 15546 15285 15256 15285 15026 15026 13741 15256 15256 13741 14948 15256 14948 15302 15302 14948 15151 15302 15151 14140 14140 15151 13978 14140 13978 12714 12714 13978 12654 12714 12654 11453 11453 12654 11428 11453 11428 10241 10241 11428 10233 10241 10233 9072 9072 10233 9080 9072 9080 7731 7731 9080 7736 7731 7736 6462 6462 7736 6454 6462 6454 5259 5259 6454 5218 5259 5218 3999 3999 5218 3926 3999 3926 2851 2851 3926 2626 2851 2626 1300 1300 2626 2546 1300 2546 1257 15026 13782 13741 13741 13782 13576 13741 13576 12507 12507 13576 12518 12507 12518 12147 12147 11294 12507 12507 11294 12462 12507 12462 13661 13661 12462 13445 13661 13445 14720 14720 13445 14406 14720 14406 14837 14837 14406 14668 14837 14668 13869 13869 14668 13809 13869 13809 12625 12625 13809 12613 12625 12613 11420 11420 12613 11423 11420 11423 10240 10240 11423 10252 10240 10252 9090 9090 10252 9098 9090 9098 7737 7737 9098 7732 7737 7732 6432 6432 7732 6408 6432 6408 5170 5170 6408 5111 5170 5111 3868 3868 5111 5066 3868 5066 4180 12147 11304 11294 11294 11304 10930 11294 10930 10039 10039 10930 10048 10039 10048 9529 9529 8684 10039 10039 8684 10007 10039 10007 11256 11256 10007 11203 11256 11203 12405 12405 11203 12333 12405 12333 13351 13351 12333 13246 13351 13246 14284 14284 13246 14187 14284 14187 14531 14531 14187 14427 14531 14427 13783 13783 14427 13791 13783 13791 12620 12620 13791 12636 12620 12636 11437 11437 12636 11469 11437 11469 10273 10273 11469 10308 10273 10308 9115 9115 10308 9129 9115 9129 7728 7728 9129 7721 7728 7721 6381 6381 7721 7717 6381 7717 6818 9529 8688 8684 8684 8688 8275 8684 8275 7234 7234 8275 7228 7234 7228 6731 6731 5972 7234 7234 5972 7255 7234 7255 8674 8674 7255 8668 8674 8668 9975 9975 8668 9949 9975 9949 11146 11146 9949 11101 11146 11101 12264 12264 11101 12079 12264 12079 13172 13172 12079 13137 13172 13137 14135 14135 13137 14141 14135 14141 14444 14444 14141 14573 14444 14573 13824 13824 14573 13895 13824 13895 12672 12672 13895 12739 12672 12739 11516 11516 12739 11582 11516 11582 10345 10345 11582 10396 10345 10396 9151 9151 10396 10450 9151 10450 9642 6731 5952 5972 5972 5952 5535 5972 5535 4639 4639 5535 4619 4639 4619 4112 4112 3263 4639 4639 3263 4729 4639 4729 6016 6016 4729 6061 6016 6061 7275 7275 6061 7285 7275 7285 8666 8666 7285 8659 8666 8659 9929 9929 8659 9911 9929 9911 11075 11075 9911 11062 11075 11062 12057 12057 11062 12061 12057 12061 13140 13140 12061 13175 13140 13175 14203 14203 13175 14302 14203 14302 14722 14722 14302 14902 14722 14902 14011 14011 14902 14200 14011 14200 12831 12831 14200 12955 12831 12955 11668 11668 12955 13124 11668 13124 12252 4112 3214 3263 3263 3214 2832 3263 2832 1639 1639 2832 1545 1639 1545 1212 1212 867 1639 1639 867 1946 1639 1946 3408 3408 1946 3525 3408 3525 4801 4801 3525 4858 4801 4858 6096 6096 4858 6121 6096 6121 7295 7295 6121 7306 7295 7306 8656 8656 7306 8649 8656 8649 9905 9905 8649 9902 9905 9902 11059 11059 9902 11070 11059 11070 12080 12080 11070 12263 12080 12263 13252 13252 12263 13357 13252 13357 14438 14438 13357 14757 14438 14757 15201 15201 14757 15349 15201 15349 14386 14386 15349 15441 14386 15441 15117 1212 821 867 867 821 758 867 758 1001 1001 758 970 1001 970 1260 1260 2542 1001 1001 2542 1308 1001 1308 961 961 1308 1111 961 1111 2153 2153 1111 2326 2153 2326 3604 3604 2326 3660 3604 3660 4900 4900 3660 4920 4900 4920 6133 6133 4920 6141 6133 6141 7307 7307 6141 7297 7307 7297 8645 8645 7297 8640 8645 8640 9909 9909 8640 9916 9909 9916 11095 11095 9916 11138 11095 11138 12327 12327 11138 12403 12327 12403 13586 13586 12403 13667 13586 13667 14965 14965 13667 13766 14965 13766 15025 1260 2508 2542 2542 2508 2770 2542 2770 3802 3802 2770 3794 3802 3794 4183 4183 5047 3802 3802 5047 3852 3802 3852 2617 2617 3852 2698 2617 2698 1538 1538 2698 1862 1538 1862 1426 1426 1862 1605 1426 1605 2440 2440 1605 2498 2440 2498 3689 3689 2498 3700 3689 3700 4929 4929 3700 4923 4929 4923 6136 6136 4923 6123 6136 6123 7288 7288 6123 7280 7288 7280 8638 8638 7280 8644 8638 8644 9939 9939 8644 9960 9939 9960 11187 11187 9960 11245 11187 11245 12461 12461 11245 11291 12461 11291 12146 4183 5039 5047 5047 5039 5442 5047 5442 6302 6302 5442 6292 6302 6292 6837 6837 7662 6302 6302 7662 6333 6302 6333 5080 5080 6333 5123 5080 5123 3905 3905 5123 3964 3905 3964 2926 2926 3964 3027 2926 3027 1989 1989 3027 2086 1989 2086 1749 1749 2086 1855 1749 1855 2523 2523 1855 2516 2523 2516 3693 3693 2516 3679 3693 3679 4912 4912 3679 4879 4912 4879 6104 6104 4879 6070 6104 6070 7263 7263 6070 7248 7263 7248 8648 8648 7248 8655 8648 8655 9990 9990 8655 8661 9990 8661 9556 6837 7658 7662 7662 7658 8133 7662 8133 9112 9112 8133 9119 9112 9119 9645 9645 10374 9112 9112 10374 9092 9112 9092 7671 7671 9092 7679 7671 7679 6361 6361 7679 6390 6361 6390 5179 5179 6390 5222 5179 5222 4036 4036 5222 4222 4036 4222 3101 3101 4222 3139 3101 3139 2138 2138 3139 2133 2138 2133 1835 1835 2133 1710 1835 1710 2483 2483 1710 2414 2483 2414 3646 3646 2414 3577 3646 3577 4836 4836 3577 4771 4836 4771 6033 6033 4771 5980 6033 5980 7225 7225 5980 5926 7225 5926 6730 9645 10390 10374 10374 10390 10825 10374 10825 11681 11681 10825 11704 11681 11704 12255 12255 13013 11681 11681 13013 11593 11681 11593 10331 10331 11593 10286 10331 10286 9073 9073 10286 9060 9073 9060 7681 7681 9060 7685 7681 7685 6410 6410 7685 6430 6410 6430 5249 5249 6430 5265 5249 5265 4246 4246 5265 4245 4246 4245 3135 3135 4245 3097 3135 3097 2070 2070 3097 1973 2070 1973 1552 1552 1973 1366 1552 1366 2290 2290 1366 2095 2290 2095 3487 3487 2095 3355 3487 3355 4685 4685 3355 3187 4685 3187 4111 12255 13059 13013 13013 13059 13476 13013 13476 14625 14625 13476 14699 14625 14699 15120 15120 15390 14625 14625 15390 14323 14625 14323 12878 12878 14323 12769 12878 12769 11520 11520 12769 11470 11520 11470 10253 10253 11470 10227 10253 10227 9050 9050 10227 9041 9050 9041 7689 7689 9041 7696 7689 7696 6435 6435 7696 6438 6435 6438 5267 5267 6438 5254 5267 5254 4221 4221 5254 4037 4221 4037 3022 3022 4037 2922 3022 2922 1825 1825 2922 1499 1825 1499 1060 1060 1499 911 1060 911 1901 1901 911 819 1901 819 1211 15120 15433 15390 15390 15433 15548 15390 15548 15260 15260 15548 15296 15260 15296 15028 15028 13768 15260 15260 13768 14958 15260 14958 15298 15298 14958 15147 15298 15147 14116 14116 15147 13958 14116 13958 12692 12692 13958 12639 12692 12639 11429 11429 12639 11411 11429 11411 10217 10217 11411 10210 10217 10210 9040 9040 10210 9048 9040 9048 7701 7701 9048 7707 7701 7707 6431 6431 7707 6424 6431 6424 5229 5229 6424 5188 5229 5188 3971 3971 5188 3907 3971 3907 2694 2694 3907 2612 2694 2612 1293 1293 2612 2525 1293 2525 1259 15028 13802 13768 13768 13802 13578 13768 13578 12519 12519 13578 12526 12519 12526 12149 12149 11310 12519 12519 11310 12476 12519 12476 13672 13672 12476 13598 13672 13598 14737 14737 13598 14431 14737 14431 14834 14834 14431 14661 14834 14661 13853 13853 14661 13794 13853 13794 12612 12612 13794 12601 12612 12601 11404 11404 12601 11408 11404 11408 10215 10215 11408 10225 10215 10225 9057 9057 10225 9067 9057 9067 7708 7708 9067 7700 7708 7700 6399 6399 7700 6377 6399 6377 5136 5136 6377 5087 5136 5087 3853 3853 5087 5049 3853 5049 4182 12149 11316 11310 11310 11316 10932 11310 10932 10070 10070 10932 10081 10070 10081 9530 9530 8715 10070 10070 8715 10038 10070 10038 11277 11277 10038 11234 11277 11234 12425 12425 11234 12364 12425 12364 13372 13372 12364 13276 13372 13276 14300 14300 13276 14202 14300 14202 14526 14526 14202 14423 14526 14423 13771 13771 14423 13777 13771 13777 12608 12608 13777 12621 12608 12621 11419 11419 12621 11449 11419 11449 10246 10246 11449 10277 10246 10277 9084 9084 10277 9099 9084 9099 7695 7695 9099 7688 7695 7688 6350 6350 7688 7684 6350 7684 6819 9530 8721 8715 8715 8721 8277 8715 8277 7267 7267 8277 7261 7267 7261 6733 6733 6004 7267 7267 6004 7286 7267 7286 8708 8708 7286 8698 8708 8698 10009 10009 8698 9980 10009 9980 11177 11177 9980 11134 11177 11134 12293 12293 11134 12109 12293 12109 13200 13200 12109 13163 13200 13163 14151 14151 13163 14159 14151 14159 14437 14437 14159 14565 14437 14565 13811 13811 14565 13879 13811 13879 12653 12653 13879 12719 12653 12719 11489 11489 12719 11553 11489 11553 10315 10315 11553 10365 10315 10365 9121 9121 10365 10414 9121 10414 9644 6733 5987 6004 6004 5987 5537 6004 5537 4672 4672 5537 4651 4672 4651 4114 4114 3298 4672 4672 3298 4759 4672 4759 6048 6048 4759 6091 6048 6091 7308 7308 6091 7319 7308 7319 8696 8696 7319 8692 8696 8692 9957 9957 8692 9940 9957 9940 11105 11105 9940 11090 11105 11090 12087 12087 11090 12088 12087 12088 13168 13168 12088 13207 13168 13207 14220 14220 13207 14314 14220 14314 14710 14710 14314 14895 14710 14895 13992 13992 14895 14173 13992 14173 12806 12806 14173 12922 12806 12922 11634 11634 12922 13085 11634 13085 12254 4114 3251 3298 3298 3251 2834 3298 2834 1669 1669 2834 1594 1669 1594 1214 1214 869 1669 1669 869 1967 1669 1967 3436 3436 1967 3546 3436 3546 4832 4832 3546 4880 4832 4880 6122 6122 4880 6147 6122 6147 7329 7329 6147 7337 7329 7337 8686 8686 7337 8681 8686 8681 9935 9935 8681 9932 9935 9932 11088 11088 9932 11100 11088 11100 12110 12110 11100 12291 12110 12291 13281 13281 12291 13376 13281 13376 14477 14477 13376 14769 14477 14769 15197 15197 14769 15347 15197 15347 14371 14371 15347 15435 14371 15435 15119 1214 825 869 869 825 760 869 760 995 995 760 960 995 960 1262 1262 2521 995 995 2521 1301 995 1301 963 963 1301 1116 963 1116 2182 2182 1116 2349 2182 2349 3624 3624 2349 3676 3624 3676 4919 4919 3676 4938 4919 4938 6156 6156 4938 6162 6156 6162 7340 7340 6162 7332 7340 7332 8675 8675 7332 8671 8675 8671 9938 9938 8671 9946 9938 9946 11128 11128 9946 11168 11128 11168 12357 12357 11168 12422 12357 12422 13600 13600 12422 13675 13600 13675 14972 14972 13675 13787 14972 13787 15027 1262 2486 2521 2521 2486 2772 2521 2772 3792 3792 2772 3786 3792 3786 4185 4185 5032 3792 3792 5032 3834 3792 3834 2607 2607 3834 2682 2607 2682 1517 1517 2682 1833 1517 1833 1432 1432 1833 1608 1432 1608 2453 2453 1608 2513 2453 2513 3701 3701 2513 3712 3701 3712 4945 4945 3712 4940 4945 4940 6158 6158 4940 6149 6158 6149 7322 7322 6149 7313 7322 7313 8672 8672 7313 8677 8672 8677 9969 9969 8677 9994 9969 9994 11221 11221 9994 11268 11221 11268 12475 12475 11268 11309 12475 11309 12148 4185 5028 5032 5032 5028 5444 5032 5444 6280 6280 5444 6272 6280 6272 6838 6838 7629 6280 6280 7629 6303 6280 6303 5062 5062 6303 5099 5062 5099 3887 3887 5099 3942 3887 3942 2909 2909 3942 3001 2909 3001 1976 1976 3001 2071 1976 2071 1757 1757 2071 1860 1757 1860 2537 2537 1860 2534 2537 2534 3705 3705 2534 3692 3705 3692 4930 4930 3692 4904 4930 4904 6130 6130 4904 6100 6130 6100 7294 7294 6100 7279 7294 7279 8682 8682 7279 8689 8682 8689 10021 10021 8689 8695 10021 8695 9557 6838 7626 7629 7629 7626 8135 7629 8135 9081 9081 8135 9088 9081 9088 9647 9647 10343 9081 9081 10343 9059 9081 9059 7637 7637 9059 7647 7637 7647 6331 6331 7647 6360 6331 6360 5144 5144 6360 5192 5144 5192 4007 4007 5192 4053 4007 4053 3073 3073 4053 3112 3073 3112 2123 2123 3112 2114 2123 2114 1843 1843 2114 1717 1843 1717 2496 2496 1717 2427 2496 2427 3662 3662 2427 3598 3662 3598 4860 4860 3598 4798 4860 4798 6064 6064 4798 6014 6064 6014 7257 7257 6014 5959 7257 5959 6732 9647 10360 10343 10343 10360 10827 10343 10827 11647 11647 10827 11672 11647 11672 12257 12257 12981 11647 11647 12981 11563 11647 11563 10299 10299 11563 10256 10299 10256 9038 9038 10256 9030 9038 9030 7649 7649 9030 7655 7649 7655 6380 6380 7655 6398 6380 6398 5219 5219 6398 5234 5219 5234 4216 4216 5234 4215 4216 4215 3106 3106 4215 3067 3106 3067 2053 2053 3067 1961 2053 1961 1566 1566 1961 1369 1566 1369 2310 2310 1369 2122 2310 2122 3513 3513 2122 3390 3513 3390 4718 4718 3390 3223 4718 3223 4113 12257 13026 12981 12981 13026 13478 12981 13478 14585 14585 13478 14659 14585 14659 15122 15122 15388 14585 14585 15388 14303 14585 14303 12850 12850 14303 12749 12850 12749 11494 11494 12749 11448 11494 11448 10226 10226 11448 10206 10226 10206 9022 9022 10206 9014 9022 9014 7661 7661 9014 7667 7661 7667 6403 6403 7667 6406 6403 6406 5236 5236 6406 5223 5236 5223 4052 4052 5223 4009 4052 4009 2995 2995 4009 2905 2995 2905 1775 1775 2905 1491 1775 1491 1063 1063 1491 915 1063 915 1917 1917 915 823 1917 823 1213 15122 15429 15388 15388 15429 15550 15388 15550 15266 15266 15550 15308 15266 15308 15030 15030 13788 15266 15266 13788 14964 15266 14964 15294 15294 14964 15143 15294 15143 14089 14089 15143 13941 14089 13941 12674 12674 13941 12624 12674 12624 11412 11412 12624 11395 11412 11395 10195 10195 11395 10190 10195 10190 9012 9012 10190 9018 9012 9018 7673 7673 9018 7676 7673 7676 6400 6400 7676 6392 6400 6392 5198 5198 6392 5157 5198 5157 3947 3947 5157 3889 3947 3889 2680 2680 3889 2604 2680 2604 1283 1283 2604 2505 1283 2505 1261 15030 13827 13788 13788 13827 13580 13788 13580 12527 12527 13580 12532 12527 12532 12151 12151 11322 12527 12527 11322 12490 12527 12490 13681 13681 12490 13614 13681 13614 14762 14762 13614 14460 14762 14460 14831 14831 14460 14656 14831 14656 13840 13840 14656 13779 13840 13779 12600 12600 13779 12589 12600 12589 11389 11389 12589 11393 11389 11393 10193 10193 11393 10203 10193 10203 9027 9027 10203 9035 9027 9035 7675 7675 9035 7670 7675 7670 6368 6368 7670 6345 6368 6345 5108 5108 6345 5069 5108 5069 3835 3835 5069 5036 3835 5036 4184 12151 11327 11322 11322 11327 10934 11322 10934 10091 10091 10934 10098 10091 10098 9531 9531 8747 10091 10091 8747 10068 10091 10068 11295 11295 10068 11259 11295 11259 12442 12442 11259 12385 12442 12385 13388 13388 12385 13304 13388 13304 14310 14310 13304 14219 14310 14219 14518 14518 14219 14416 14518 14416 13755 13755 14416 13764 13755 13764 12596 12596 13764 12609 12596 12609 11403 11403 12609 11426 11403 11426 10220 10220 11426 10249 10220 10249 9051 9051 10249 9068 9051 9068 7664 7664 9068 7656 7664 7656 6319 6319 7656 7652 6319 7652 6820 9531 8751 8747 8747 8751 8279 8747 8279 7300 7300 8279 7292 7300 7292 6735 6735 6036 7300 7300 6036 7320 7300 7320 8739 8739 7320 8729 8739 8729 10040 10040 8729 10010 10040 10010 11213 11213 10010 11165 11213 11165 12322 12322 11165 12277 12322 12277 13226 13226 12277 13188 13226 13188 14166 14166 13188 14176 14166 14176 14433 14433 14176 14555 14433 14555 13795 13795 14555 13865 13795 13865 12637 12637 13865 12696 12637 12696 11468 11468 12696 11526 11468 11526 10283 10283 11526 10334 10283 10334 9091 9091 10334 10383 9091 10383 9646 6735 6020 6036 6036 6020 5539 6036 5539 4709 4709 5539 4683 4709 4683 4116 4116 3330 4709 4709 3330 4790 4709 4790 6078 6078 4790 6119 6078 6119 7342 7342 6119 7350 7342 7350 8727 8727 7350 8722 8727 8722 9989 9989 8722 9970 9989 9970 11135 11135 9970 11122 11135 11122 12114 12114 11122 12118 12114 12118 13195 13195 12118 13236 13195 13236 14236 14236 13236 14327 14236 14327 14700 14700 14327 14883 14700 14883 13972 13972 14883 14147 13972 14147 12781 12781 14147 12895 12781 12895 11600 11600 12895 13052 11600 13052 12256 4116 3286 3330 3330 3286 2836 3330 2836 1724 1724 2836 1624 1724 1624 1216 1216 871 1724 1724 871 1991 1724 1991 3467 3467 1991 3567 3467 3567 4857 4857 3567 4905 4857 4905 6148 6148 4905 6166 6148 6166 7358 7358 6166 7365 7358 7365 8714 8714 7365 8710 8714 8710 9964 9964 8710 9962 9964 9962 11121 11121 9962 11133 11121 11133 12278 12278 11133 12320 12278 12320 13309 13309 12320 13394 13309 13394 14519 14519 13394 14779 14519 14779 15193 15193 14779 15343 15193 15343 14355 14355 15343 15431 14355 15431 15121 1216 829 871 871 829 762 871 762 988 988 762 947 988 947 1264 1264 2501 988 988 2501 1294 988 1294 967 967 1294 1118 967 1118 2210 2210 1118 2365 2210 2365 3644 3644 2365 3690 3644 3690 4937 4937 3690 4953 4937 4953 6177 6177 4953 6183 6177 6183 7367 7367 6183 7361 7367 7361 8704 8704 7361 8700 8704 8700 9968 9968 8700 9976 9968 9976 11159 11159 9976 11202 11159 11202 12382 12382 11202 12439 12382 12439 13616 13616 12439 13686 13616 13686 14982 14982 13686 13808 14982 13808 15029 1264 2461 2501 2501 2461 2774 2501 2774 3784 3784 2774 3778 3784 3778 4187 4187 5022 3784 3784 5022 3819 3784 3819 2598 2598 3819 2667 2598 2667 1496 1496 2667 1798 1496 1798 1438 1438 1798 1616 1438 1616 2469 2469 1616 2528 2469 2528 3713 3713 2528 3725 3713 3725 4958 4958 3725 4955 4958 4955 6179 6179 4955 6169 6179 6169 7352 7352 6169 7345 7352 7345 8703 8703 7345 8707 8703 8707 10002 10002 8707 10024 10002 10024 11248 11248 10024 11287 11248 11287 12489 12489 11287 11320 12489 11320 12150 4187 5015 5022 5022 5015 5446 5022 5446 6264 6264 5446 6259 6264 6259 6839 6839 7598 6264 6264 7598 6281 6264 6281 5046 5046 6281 5078 5046 5078 3869 3869 5078 3920 3869 3920 2893 2893 3920 2975 2893 2975 1963 1963 2975 2054 1963 2054 1761 1761 2054 1867 1761 1867 2551 2551 1867 2543 2551 2543 3719 3719 2543 3704 3719 3704 4946 4946 3704 4921 4946 4921 6153 6153 4921 6127 6153 6127 7326 7326 6127 7312 7326 7312 8713 8713 7312 8719 8713 8719 10053 10053 8719 8726 10053 8726 9558 6839 7596 7598 7598 7596 8137 7598 8137 9047 9047 8137 9053 9047 9053 9649 9649 10311 9047 9047 10311 9029 9047 9029 7606 7606 9029 7617 7606 7617 6301 6301 7617 6330 6301 6330 5113 5113 6330 5161 5113 5161 3976 3976 5161 4021 3976 4021 3046 3046 4021 3085 3046 3085 2106 2106 3085 2098 2106 2098 1852 1852 2098 1726 1852 1726 2512 2512 1726 2444 2512 2444 3677 3677 2444 3620 3677 3620 4881 4881 3620 4828 4881 4828 6094 6094 4828 6046 6094 6046 7287 7287 6046 5995 7287 5995 6734 9649 10327 10311 10311 10327 10829 10311 10829 11611 11611 10829 11637 11611 11637 12259 12259 12946 11611 11611 12946 11533 11611 11533 10268 10268 11533 10229 10268 10229 9008 9008 10229 8999 9008 8999 7619 7619 8999 7624 7619 7624 6351 6351 7624 6367 6351 6367 5191 5191 6367 5204 5191 5204 4048 4048 5204 4047 4048 4047 3081 3081 4047 3038 3081 3038 2037 2037 3038 1947 2037 1947 1575 1575 1947 1382 1575 1382 2330 2330 1382 2152 2330 2152 3537 3537 2152 3419 3537 3419 4753 4753 3419 3261 4753 3261 4115 12259 12991 12946 12946 12991 13480 12946 13480 14530 14530 13480 14637 14530 14637 15124 15124 15386 14530 14530 15386 14280 14530 14280 12826 12826 14280 12726 12826 12726 11471 11471 12726 11425 11471 11425 10204 10204 11425 10185 10204 10185 8991 8991 10185 8984 8991 8984 7631 7631 8984 7636 7631 7636 6373 6373 7636 6375 6373 6375 5205 5205 6375 5193 5205 5193 4020 4020 5193 3978 4020 3978 2968 2968 3978 2887 2968 2887 1746 1746 2887 1478 1746 1478 1066 1066 1478 917 1066 917 1935 1935 917 827 1935 827 1215 15124 15425 15386 15386 15425 15552 15386 15552 15275 15275 15552 15325 15275 15325 15032 15032 13810 15275 15275 13810 14971 15275 14971 15291 15291 14971 15138 15291 15138 14065 14065 15138 13925 14065 13925 12655 12655 13925 12611 12655 12611 11396 11396 12611 11382 11396 11382 10177 10177 11382 10172 10177 10172 8982 8982 10172 8990 8982 8990 7641 7641 8990 7645 7641 7645 6369 6369 7645 6362 6369 6362 5168 5168 6362 5124 5168 5124 3923 3923 5124 3871 3923 3871 2665 2665 3871 2594 2665 2594 1270 1270 2594 2481 1270 2481 1263 15032 13851 13810 13810 13851 13582 13810 13582 12533 12533 13582 12540 12533 12540 12152 12152 11333 12533 12533 11333 12503 12533 12503 13693 13693 12503 13627 13693 13627 14775 14775 13627 14498 14775 14498 14827 14827 14498 14652 14827 14652 13821 13821 14652 13767 13821 13767 12588 12588 13767 12576 12588 12576 11376 11376 12576 11379 11376 11379 10175 10175 11379 10183 10175 10183 8997 8997 10183 9005 8997 9005 7642 7642 9005 7638 7642 7638 6338 6338 7638 6317 6338 6317 5083 5083 6317 5051 5083 5051 3820 3820 5051 5025 3820 5025 4186 12152 11336 11333 11333 11336 10936 11333 10936 10105 10105 10936 10110 10105 10110 9532 9532 8779 10105 10105 8779 10090 10105 10090 11311 11311 10090 11279 11311 11279 12460 12460 11279 12409 12460 12409 13406 13406 12409 13326 13406 13326 14324 14324 13326 14235 14324 14235 14501 14501 14235 14408 14501 14408 13735 13735 14408 13745 13735 13745 12585 12585 13745 12597 12585 12597 11388 11388 12597 11410 11388 11410 10198 10198 11410 10223 10198 10223 9023 9023 10223 9036 9023 9036 7632 7632 9036 7627 7632 7627 6290 6290 7627 7621 6290 7621 6821 9532 8783 8779 8779 8783 8281 8779 8281 7336 7336 8281 7328 7336 7328 6737 6737 6067 7336 7336 6067 7351 7336 7351 8770 8770 7351 8759 8770 8759 10069 10069 8759 10041 10069 10041 11240 11240 10041 11199 11240 11199 12352 12352 11199 12306 12352 12306 13256 13256 12306 13215 13256 13215 14183 14183 13215 14191 14183 14191 14424 14424 14191 14543 14424 14543 13780 13780 14543 13847 13780 13847 12623 12623 13847 12677 12623 12677 11447 11447 12677 11496 11447 11496 10255 10255 11496 10302 10255 10302 9058 9058 10302 10352 9058 10352 9648 6737 6054 6067 6067 6054 5541 6067 5541 4741 4741 5541 4717 4741 4717 4118 4118 3365 4741 4741 3365 4821 4741 4821 6110 6110 4821 6145 6110 6145 7372 7372 6145 7381 7372 7381 8757 8757 7381 8752 8757 8752 10020 10020 8752 10003 10020 10003 11166 11166 10003 11152 11166 11152 12283 12283 11152 12284 12283 12284 13220 13220 12284 13263 13220 13263 14251 14251 13263 14341 14251 14341 14689 14689 14341 14874 14689 14874 13956 13956 14874 14119 13956 14119 12756 12756 14119 12867 12756 12867 11567 11567 12867 13017 11567 13017 12258 4118 3322 3365 3365 3322 2838 3365 2838 1769 1769 2838 1645 1769 1645 1218 1218 873 1769 1769 873 2012 1769 2012 3494 3494 2012 3590 3494 3590 4878 4878 3590 4922 4878 4922 6168 6168 4922 6186 6168 6186 7388 7388 6186 7394 7388 7394 8745 8745 7394 8740 8745 8740 9997 9997 8740 9995 9997 9995 11151 11151 9995 11163 11151 11163 12308 12308 11163 12351 12308 12351 13334 13334 12351 13411 13334 13411 14542 14542 13411 14792 14542 14792 15185 15185 14792 15339 15185 15339 14334 14334 15339 15427 14334 15427 15123 1218 835 873 873 835 764 873 764 982 982 764 923 982 923 1266 1266 2475 982 982 2475 1284 982 1284 971 971 1284 1125 971 1125 2237 2237 1125 2383 2237 2383 3661 3661 2383 3702 3661 3702 4952 4952 3702 4965 4952 4965 6194 6194 4965 6199 6194 6199 7395 7395 6199 7390 7395 7390 8735 8735 7390 8731 8735 8731 10001 10001 8731 10008 10001 10008 11189 11189 10008 11233 11189 11233 12406 12406 11233 12458 12406 12458 13629 13629 12458 13698 13629 13698 15131 15131 13698 13833 15131 13833 15031 1266 2437 2475 2475 2437 2776 2475 2776 3779 3779 2776 3772 3779 3772 4189 4189 5010 3779 3779 5010 3809 3779 3809 2588 2588 3809 2652 2588 2652 1486 1486 2652 1759 1486 1759 1441 1441 1759 1622 1441 1622 2488 2488 1622 2541 2488 2541 3726 3726 2541 3737 3726 3737 4970 4970 3737 4967 4970 4967 6196 6196 4967 6188 6196 6188 7383 7383 6188 7376 7383 7376 8734 8734 7376 8738 8734 8738 10033 10033 8738 10056 10033 10056 11274 11274 10056 11305 11274 11305 12502 12502 11305 11332 12502 11332 12169 4189 5008 5010 5010 5008 5448 5010 5448 6252 6252 5448 6249 6252 6249 6840 6840 7567 6252 6252 7567 6265 6252 6265 5033 5033 6265 5061 5033 5061 3854 3854 5061 3902 3854 3902 2873 2873 3902 2953 2873 2953 1950 1950 2953 2039 1950 2039 1779 1779 2039 1874 1779 1874 2562 2562 1874 2556 2562 2556 3732 3732 2556 3718 3732 3718 4959 4959 3718 4939 4959 4939 6173 6173 4939 6151 6173 6151 7357 7357 6151 7344 7357 7344 8744 8744 7344 8749 8744 8749 10082 10082 8749 8756 10082 8756 9559 6840 7544 7567 7567 7544 8139 7567 8139 9013 9013 8139 9021 9013 9021 9651 9651 10280 9013 9013 10280 8998 9013 8998 7574 7574 8998 7586 7574 7586 6282 6282 7586 6300 6282 6300 5091 5091 6300 5128 5091 5128 3951 3951 5128 3992 3951 3992 3019 3019 3992 3058 3019 3058 2091 2091 3058 2083 2091 2083 1861 1861 2083 1734 1861 1734 2527 2527 1734 2462 2527 2462 3691 3691 2462 3641 3691 3641 4906 4906 3641 4854 4906 4854 6120 6120 4854 6077 6120 6077 7321 7321 6077 6028 7321 6028 6736 9651 10294 10280 10280 10294 10830 10280 10830 11579 11579 10830 11604 11579 11604 12260 12260 12912 11579 11579 12912 11502 11579 11502 10239 10239 11502 10207 10239 10207 8979 8979 10207 8973 8979 8973 7589 7589 8973 7594 7589 7594 6321 6321 7594 6337 6321 6337 5159 5159 6337 5173 5159 5173 4017 4017 5173 4015 4017 4015 3053 3053 4015 3013 3053 3013 2023 2023 3013 1933 2023 1933 1583 1583 1933 1393 1583 1393 2350 2350 1393 2180 2350 2180 3559 3559 2180 3449 3559 3449 4783 4783 3449 3295 4783 3295 4117 12260 12959 12912 12912 12959 13482 12912 13482 14470 14470 13482 14606 14470 14606 15126 15126 15384 14470 14470 15384 14254 14470 14254 12799 12799 14254 12706 12799 12706 11450 11450 12706 11409 11450 11409 10184 10184 11409 10169 10184 10169 8965 8965 10169 8960 8965 8960 7601 7601 8960 7607 7601 7607 6343 6343 7607 6348 6343 6348 5174 5174 6348 5162 5174 5162 3991 3991 5162 3953 3991 3953 2946 2946 3953 2871 2946 2871 1720 1720 2871 1467 1720 1467 1083 1083 1467 921 1083 921 1959 1959 921 833 1959 833 1217 15126 15421 15384 15384 15421 15554 15384 15554 15281 15281 15554 15342 15281 15342 15034 15034 13835 15281 15281 13835 14981 15281 14981 15287 15287 14981 15135 15287 15135 14040 14040 15135 13907 14040 13907 12638 12638 13907 12599 12638 12599 11383 11383 12599 11369 11383 11369 10162 10162 11369 10157 10162 10157 8959 8959 10157 8964 8959 8964 7611 7611 8964 7615 7611 7615 6339 6339 7615 6332 6339 6332 5133 5133 6332 5101 5133 5101 3904 3904 5101 3856 3904 3856 2649 2649 3856 2584 2649 2584 1124 1124 2584 2457 1124 2457 1265 15034 13876 13835 13835 13876 13584 13835 13584 12538 12538 13584 12545 12538 12545 12153 12153 11340 12538 12538 11340 12515 12538 12515 13704 13704 12515 13642 13704 13642 14782 14782 13642 14529 14782 14529 14819 14819 14529 14646 14819 14646 13805 13805 14646 13749 13805 13749 12575 12575 13749 12568 12575 12568 11362 11362 12568 11367 11362 11367 10160 10160 11367 10167 10160 10167 8970 8970 10167 8977 8970 8977 7612 7612 8977 7608 7612 7608 6308 6308 7608 6288 6308 6288 5067 5067 6288 5037 5067 5037 3810 3810 5037 5012 3810 5012 4188 12153 11343 11340 11340 11343 10938 11340 10938 10115 10115 10938 10118 10115 10118 9561 9561 8814 10115 10115 8814 10104 10115 10104 11321 11321 10104 11296 11321 11296 12474 12474 11296 12426 12474 12426 13424 13424 12426 13344 13424 13344 14336 14336 13344 14248 14336 14248 14490 14490 14248 14400 14490 14400 13721 13721 14400 13729 13721 13729 12573 12573 13729 12586 12573 12586 11375 11375 12586 11394 11375 11394 10180 10180 11394 10200 10180 10200 8992 8992 10200 9006 8992 9006 7602 7602 9006 7597 7602 7597 6270 6270 7597 7591 6270 7591 6822 9561 8817 8814 8814 8817 8283 8814 8283 7369 7369 8283 7360 7369 7360 6738 6738 6098 7369 7369 6098 7382 7369 7382 8807 8807 7382 8791 8807 8791 10089 10089 8791 10072 10089 10072 11264 11264 10072 11228 11264 11228 12378 12378 11228 12332 12378 12332 13282 13282 12332 13245 13282 13245 14199 14199 13245 14208 14199 14208 14415 14415 14208 14535 14415 14535 13769 13769 14535 13831 13769 13831 12610 12610 13831 12657 12610 12657 11424 11424 12657 11474 11424 11474 10228 10228 11474 10270 10228 10270 9028 9028 10270 10319 9028 10319 9650 6738 6085 6098 6098 6085 5542 6098 5542 4774 4774 5542 4752 4774 4752 4120 4120 3401 4774 4774 3401 4849 4774 4849 6137 6137 4849 6165 6137 6165 7398 7398 6165 7404 7398 7404 8789 8789 7404 8781 8789 8781 10050 10050 8781 10034 10050 10034 11200 11200 10034 11181 11200 11181 12312 12312 11181 12313 12312 12313 13249 13249 12313 13288 13249 13288 14264 14264 13288 14351 14264 14351 14680 14680 14351 14867 14680 14867 13940 13940 14867 14091 13940 14091 12735 12735 14091 12840 12735 12840 11542 11542 12840 12984 11542 12984 12228 4120 3354 3401 3401 3354 2840 3401 2840 1839 1839 2840 1689 1839 1689 1220 1220 877 1839 1839 877 2038 1839 2038 3523 3523 2038 3612 3523 3612 4903 4903 3612 4941 4903 4941 6187 6187 4941 6201 6187 6201 7408 7408 6201 7415 7408 7415 8775 8775 7415 8769 8775 8769 10028 10028 8769 10023 10028 10023 11179 11179 10023 11196 11179 11196 12334 12334 11196 12376 12334 12376 13350 13350 12376 13428 13350 13428 14570 14570 13428 14802 14570 14802 15175 15175 14802 15337 15175 15337 14312 14312 15337 15423 14312 15423 15125 1220 839 877 877 839 766 877 766 974 974 766 913 974 913 1268 1268 2455 974 974 2455 1275 974 1275 975 975 1275 1131 975 1131 2260 2260 1131 2400 2260 2400 3678 3678 2400 3714 3678 3714 4964 4964 3714 4976 4964 4976 6207 6207 4976 6212 6207 6212 7416 7416 6212 7411 7416 7411 8765 8765 7411 8761 8765 8761 10032 10032 8761 10037 10032 10037 11224 11224 10037 11257 11224 11257 12423 12423 11257 12472 12423 12472 13644 13644 12472 13709 13644 13709 15142 15142 13709 13857 15142 13857 15033 1268 2413 2455 2455 2413 2778 2455 2778 3773 3773 2778 3766 3773 3766 4191 4191 5003 3773 3773 5003 3796 3773 3796 2578 2578 3796 2638 2578 2638 1476 1476 2638 1732 1476 1732 1445 1445 1732 1626 1445 1626 2503 2503 1626 2553 2503 2553 3738 3738 2553 3743 3738 3743 4982 4982 3743 4978 4982 4978 6208 6208 4978 6202 6208 6202 7405 7405 6202 7400 7405 7400 8764 8764 7400 8768 8764 8768 10063 10063 8768 10083 10063 10083 11289 11289 10083 11317 11289 11317 12514 12514 11317 11339 12514 11339 12170 4191 5001 5003 5003 5001 5450 5003 5450 6245 6245 5450 6243 6245 6243 6824 6824 7529 6245 6245 7529 6253 6245 6253 5023 5023 6253 5045 5023 5045 3837 3837 5045 3885 3837 3885 2854 2854 3885 2934 2854 2934 1939 1939 2934 2026 1939 2026 1799 1799 2026 1881 1799 1881 2574 2574 1881 2568 2574 2568 3739 3739 2568 3731 3739 3731 4971 4971 3731 4954 4971 4954 6191 6191 4954 6171 6191 6171 7387 7387 6171 7375 7387 7375 8774 8774 7375 8780 8774 8780 10099 10099 8780 8788 10099 8788 9560 6824 7528 7529 7529 7528 8141 7529 8141 8980 8980 8141 8989 8980 8989 9652 9652 10251 8980 8980 10251 8971 8980 8971 7533 7533 8971 7535 7533 7535 6266 6266 7535 6279 6266 6279 5073 5073 6279 5103 5073 5103 3930 3930 5103 3968 3930 3968 2994 2994 3968 3028 2994 3028 2073 2073 3028 2064 2073 2064 1868 1868 2064 1744 1868 1744 2540 2540 1744 2477 2540 2477 3703 3703 2477 3658 3703 3658 4924 4924 3658 4876 4924 4876 6146 6146 4876 6107 6146 6107 7353 7353 6107 6063 7353 6063 6755 9652 10262 10251 10251 10262 10831 10251 10831 11548 11548 10831 11570 11548 11570 12261 12261 12884 11548 11548 12884 11478 11548 11478 10214 10214 11478 10186 10214 10186 8956 8956 10186 8949 8956 8949 7539 7539 8949 7545 7539 7545 6293 6293 7545 6307 6293 6307 5127 5127 6307 5142 5127 5142 3986 3986 5142 3985 3986 3985 3024 3024 3985 2987 3024 2987 2009 2009 2987 1922 2009 1922 1596 1596 1922 1412 1596 1412 2368 2368 1412 2208 2368 2208 3583 3583 2208 3481 3583 3481 4808 4808 3481 3328 4808 3328 4119 12261 12925 12884 12884 12925 13483 12884 13483 14419 14419 13483 14554 14419 14554 15128 15128 15380 14419 14419 15380 14230 14419 14230 12770 12770 14230 12685 12770 12685 11427 11427 12685 11392 11427 11392 10168 10168 11392 10153 10168 10153 8941 8941 10153 8937 8941 8937 7570 7570 8937 7576 7570 7576 6315 6315 7576 6318 6315 6318 5143 5143 6318 5130 5143 5130 3965 3965 5130 3932 3965 3932 2927 2927 3932 2850 2927 2850 1683 1683 2850 1457 1683 1457 1089 1089 1457 930 1089 930 1979 1979 930 837 1979 837 1219 15128 15417 15380 15380 15417 15556 15380 15556 15292 15292 15556 15353 15292 15353 15036 2431 1112 2570 2570 1112 2635 2570 2635 3840 3840 2635 3888 3840 3888 5079 5079 3888 5106 5079 5106 6304 6304 5106 6309 6304 6309 7584 7584 6309 7580 7584 7580 8940 8940 7580 8936 8940 8936 10144 10144 8936 10148 10144 10148 11358 11358 10148 11370 11358 11370 12587 12587 11370 12622 12587 12622 13888 13888 12622 14017 13888 14017 15130 15130 14017 15282 15130 15282 14988 14988 15282 15292 14988 15292 13858 13858 15292 15036 13858 15036 13899 5152 5151 6222 11193 11192 10698 11193 10699 11644 11644 10699 11645 11644 11645 12561 12561 11645 12780 4995 5152 6223 6223 4996 4995 4995 4996 4694 4995 4694 3849 3849 4694 3850 3849 3850 3750 3750 3850 2621 5152 6222 6223 6223 6222 7177 6223 7177 7178 7178 7177 7959 7178 7959 7960 7960 7959 8951 7960 8951 8952 8952 8951 10128 8952 10128 10129 10129 10128 11269 10129 11269 11270 11270 11269 12116 11270 12116 12117 12117 12116 13323 12117 13323 13324 13324 13323 15273 13324 15273 15274 15274 15273 15572 15274 15572 15573 15573 15572 15586 15573 15586 15587 15587 15586 15600 15587 15600 15601 15601 15600 15606 15601 15606 15607 15607 15606 15598 15607 15598 15599 15599 15598 15582 15599 15582 15583 15583 15582 15563 15583 15563 15564 15564 15563 14504 15564 14504 14505 14505 14504 12779 14505 12779 12780 12780 12779 12560 12780 12560 12561 11193 10698 10699 10699 10698 9977 10699 9977 9978 9978 9977 8829 9978 8829 8830 8830 8829 7530 8830 7530 7531 7531 7530 6628 7531 6628 6629 6629 6628 5896 6629 5896 5897 5897 5896 4927 5897 4927 4928 4928 4927 3716 4928 3716 3717 3717 3716 2188 3717 2188 2189 2189 2188 693 2189 693 694 694 693 674 694 674 675 675 674 658 675 658 659 659 658 650 659 650 651 651 650 652 651 652 653 653 652 666 653 666 667 667 666 679 667 679 680 680 679 830 680 830 831 831 830 2620 831 2620 2621 2621 2620 3749 2621 3749 3750 11292 11293 10142 10142 11293 10143 10142 10143 9304 9304 10143 9305 9304 9305 8663 8663 9305 8664 8663 8664 7513 7513 8664 7514 7513 7514 6478 6478 7514 6479 6478 6479 5928 5928 6479 5929 5928 5929 4990 4990 5929 4991 4990 4991 3874 3874 4991 3875 3874 3875 3183 3183 3875 3184 3183 3184 2163 2163 3184 2164 2163 2164 1009 1009 2164 1010 1009 1010 816 816 1010 817 816 817 875 875 817 876 875 876 1413 1413 876 1414 1413 1414 2531 2531 1414 2532 2531 2532 3602 3602 2532 3603 3602 3603 4426 4426 3603 4427 4426 4427 5055 5055 4427 5056 5055 5056 6224 6224 5056 6225 6224 6225 7054 7054 6225 7055 7054 7055 7702 7702 7055 7703 7702 7703 8832 8832 7703 8833 8832 8833 9876 9876 8833 9877 9876 9877 10431 10431 9877 10432 10431 10432 11349 11349 10432 11350 11349 11350 12444 12444 11350 12445 12444 12445 13105 13105 12445 13106 13105 13106 14120 14120 13106 14121 14120 14121 15246 15246 14121 15247 15246 15247 15438 15438 15247 15439 15438 15439 15381 15381 15439 15382 15381 15382 14852 14852 15382 14853 14852 14853 13772 13772 14853 13773 13772 13773 12704 12704 13773 12705 12704 12705 11899 11899 12705 11900 11899 11900 11292 11292 11900 11293 7054 6222 6224 6224 6222 5151 6224 5151 5055 5055 5151 4693 5055 4693 4426 11292 12560 11899 11899 12560 12779 11899 12779 12704 12704 12779 14504 12704 14504 13772 13772 14504 15563 13772 15563 14852 14852 15563 15582 14852 15582 15381 15381 15582 15598 15381 15598 15438 10142 11192 11292 11292 11192 11643 11292 11643 12560 15598 15606 15438 15438 15606 15600 15438 15600 15246 15246 15600 15586 15246 15586 14120 14120 15586 15572 14120 15572 13105 13105 15572 15273 13105 15273 12444 12444 15273 13323 12444 13323 11349 11349 13323 12116 11349 12116 10431 10431 12116 11269 10431 11269 9876 9876 11269 10128 9876 10128 8832 8832 10128 8951 8832 8951 7702 7702 8951 7959 7702 7959 7054 7054 7959 7177 7054 7177 6222 4693 3749 4426 4426 3749 2620 4426 2620 3602 3602 2620 830 3602 830 2531 2531 830 679 2531 679 1413 1413 679 666 1413 666 875 875 666 652 875 652 816 816 652 650 816 650 1009 1009 650 658 1009 658 2163 2163 658 674 2163 674 3183 3183 674 693 3183 693 3874 3874 693 2188 3874 2188 4990 4990 2188 3716 4990 3716 5928 3716 4927 5928 5928 4927 5896 5928 5896 6478 6478 5896 6628 6478 6628 7513 7513 6628 7530 7513 7530 8663 8663 7530 8829 8663 8829 9304 9304 8829 9977 9304 9977 10142 10142 9977 10698 10142 10698 11192 5056 4996 6225 6225 4996 6223 6225 6223 7055 7055 6223 7178 7055 7178 7703 7703 7178 7960 7703 7960 8833 8833 7960 8952 8833 8952 9877 9877 8952 10129 9877 10129 10432 10432 10129 11270 10432 11270 11350 11350 11270 12117 11350 12117 12445 12445 12117 13324 12445 13324 13106 13106 13324 15274 13106 15274 14121 14121 15274 15573 14121 15573 15247 4427 3850 5056 5056 3850 4694 5056 4694 4996 15573 15587 15247 15247 15587 15601 15247 15601 15439 15439 15601 15607 15439 15607 15382 15382 15607 15599 15382 15599 14853 14853 15599 15583 14853 15583 13773 13773 15583 15564 13773 15564 12705 12705 15564 14505 12705 14505 11900 11900 14505 12780 11900 12780 11293 11293 12780 11645 11293 11645 10143 10143 11645 10699 10143 10699 9305 9305 10699 9978 9305 9978 8664 8664 9978 8830 8664 8830 7514 7514 8830 7531 7514 7531 6479 7531 6629 6479 6479 6629 5897 6479 5897 5929 5929 5897 4928 5929 4928 4991 4991 4928 3717 4991 3717 3875 3875 3717 2189 3875 2189 3184 3184 2189 694 3184 694 2164 2164 694 675 2164 675 1010 1010 675 659 1010 659 817 817 659 651 817 651 876 876 651 653 876 653 1414 1414 653 667 1414 667 2532 2532 667 680 2532 680 3603 3603 680 831 3603 831 4427 4427 831 2621 4427 2621 3850 2861 2862 676 676 2862 677 2862 5152 4995 2862 4995 677 677 4995 3849 677 3849 3750 2861 5150 2862 2862 5150 5151 2862 5151 5152 3748 676 3749 3749 676 677 3749 677 3750 13426 11191 13427 13427 11191 11192 13427 11192 11193 12559 15578 12560 12560 15578 15579 12560 15579 12561 12561 15579 11644 11644 15579 13427 11644 13427 11193 15579 15578 13427 13427 15578 13426 3748 3749 4304 4304 3749 4693 4304 4693 4973 4973 4693 5151 4973 5151 5150 4894 3839 989 989 2657 4894 4894 2657 3760 4894 3760 5224 5224 3760 4765 5224 4765 6204 6204 4765 5096 6204 5096 6422 6422 5096 5327 6422 5327 6634 5990 5327 7511 7511 7512 7519 8551 8823 8934 678 676 3748 8934 8823 9883 11115 10155 9708 5340 5867 5327 3748 3751 678 678 3751 3753 678 3753 2958 2958 989 697 8823 8856 9883 9883 8856 8969 9883 8969 10155 10155 8969 9269 10155 9269 9708 5327 5096 2958 2958 5096 4765 5340 5327 5013 5867 6174 5327 5327 6174 6234 5327 6234 6240 7311 6595 7511 7511 6595 6235 7511 6235 5990 9708 10011 11115 11115 10011 10126 11115 10126 11445 4765 3760 2958 2958 3760 2657 2958 2657 989 6240 6498 5327 5327 6498 6969 5327 6969 7511 7511 6969 7315 7511 7315 7512 8551 8934 8021 8021 8934 8584 8021 8584 7519 7519 8584 7526 7519 7526 7511 7511 7526 7518 7511 7518 7311 697 688 2958 2958 688 681 2958 681 678 5013 5327 4696 4696 5327 2958 4696 2958 3780 3780 2958 3753 3780 3753 3767 10126 10140 11445 11445 10140 10300 11445 10300 12478 12478 10300 10607 12478 10607 11055 7252 7504 7517 7517 7504 7523 7517 7523 7650 7650 7523 7761 7650 7761 7981 7981 7761 8292 7981 8292 8518 8518 8292 8631 8518 8631 8786 8786 8631 8835 8786 8290 8518 8518 8290 7541 8518 7541 7981 7981 7541 7510 7981 7510 7650 7650 7510 7424 7650 7424 7517 7517 7424 7108 7517 7108 7252 7252 7108 6695 8290 7665 7541 7541 7665 7505 7541 7505 7510 7510 7505 7373 7510 7373 7424 7424 7373 7033 7424 7033 7108 7108 7033 6568 7108 6568 6695 6695 6568 6244 6234 6244 6240 6240 6244 6568 6240 6568 6498 6498 6568 7033 6498 7033 6969 6969 7033 7373 6969 7373 7315 7315 7373 7505 7315 7505 7512 7512 7505 7665 6422 6634 4979 5163 4979 5190 5190 4979 5296 5190 5296 5260 10166 11198 10132 6634 7410 7136 3466 3746 4979 4979 3746 3839 4979 3839 4894 5150 2861 5163 5163 2861 2897 5163 2897 4979 4979 2897 3093 4979 3093 3466 6634 7226 8834 8834 7226 7515 8834 7515 7846 7761 7523 6634 6634 7523 7504 6634 7504 7410 11347 11306 12549 10132 10111 10166 10166 10111 9803 10166 9803 9840 9840 9803 9340 9840 9340 8931 8931 9340 8858 8931 8858 8834 7846 8624 8834 8834 8624 8857 8834 8857 8931 8858 8835 8834 8834 8835 8631 8834 8631 6634 6634 8631 8292 6634 8292 7761 4894 5224 4979 4979 5224 6204 4979 6204 6422 12549 11306 11575 11306 10993 11575 11575 10993 10521 11575 10521 11198 11198 10521 10202 11198 10202 10132 7136 6646 6634 6634 6646 6283 6634 6283 4979 4979 6283 6180 4979 6180 5296 11347 12549 11457 11457 12549 13632 11457 13632 11810 11810 13632 12344 12344 13632 15270 12344 15270 12537 2861 676 678 2861 678 2897 2897 678 681 2897 681 3093 3093 681 688 3093 688 3466 3466 688 697 3466 697 3746 3746 697 989 3746 989 3839 3751 3748 4304 3753 3751 4322 3753 4322 4244 4244 4322 4977 4244 4977 4883 5163 5190 4977 4977 5190 5004 4977 5004 4883 3751 4304 4322 4322 4304 4973 4322 4973 4977 4977 4973 5150 4977 5150 5163 3806 3767 3753 3806 3753 4865 5190 5260 5004 5004 5260 4994 5004 4994 4883 4883 4994 4865 4883 4865 4244 4244 4865 3753 6244 6234 6221 6221 6234 6174 6221 6174 6003 6003 6174 5867 6003 5867 5594 5594 5867 5340 5594 5340 5064 5064 5340 5013 5064 5013 4827 4827 5013 4696 4827 4696 3823 3823 4696 3780 3823 3780 3806 3806 3780 3767 3806 4865 3823 3823 4865 4895 3823 4895 4827 4827 4895 5126 4827 5126 5064 5064 5126 6038 5064 6038 5594 5594 6038 6230 5594 6230 6003 6003 6230 6241 6003 6241 6221 6221 6241 6453 6221 6453 6244 6244 6453 6695 4865 4994 4895 4895 4994 4997 4895 4997 5126 5126 4997 5731 5126 5731 6038 6038 5731 6233 6038 6233 6230 6230 6233 6254 6230 6254 6241 6241 6254 6586 6241 6586 6453 6453 6586 7003 6453 7003 6695 6695 7003 7252 7504 7252 7410 7410 7252 7003 7410 7003 7136 7136 7003 6586 7136 6586 6646 6646 6586 6254 6646 6254 6283 6283 6254 6233 6283 6233 6180 6180 6233 5731 6180 5731 5296 5296 5731 4997 5296 4997 5260 5260 4997 4994 12559 12560 12015 12015 12560 11643 12015 11643 11368 11368 11643 11192 11368 11192 11191 6634 5327 5990 6634 5990 7226 7226 5990 6235 7226 6235 7515 7515 6235 6595 7515 6595 7846 7846 6595 7311 7846 7311 8624 8624 7311 7518 8624 7518 8857 11445 12478 15270 15270 13632 11445 11445 13632 12549 11445 12549 11115 11115 12549 11575 11115 11575 10155 10155 11575 11198 10155 11198 9883 9883 11198 10166 9883 10166 8934 8934 10166 9840 8934 9840 8584 8584 9840 8931 8584 8931 7526 7526 8931 8857 7526 8857 7518 11348 11055 10728 10728 11055 10607 10728 10607 10419 10419 10607 10300 10419 10300 10156 10156 10300 10140 10156 10140 10130 10130 10140 10126 10130 10126 10103 10103 10126 10011 10103 10011 9815 9815 10011 9708 9815 9708 9382 9382 9708 9269 9382 9269 9069 9069 9269 8969 9069 8969 8930 8930 8969 8856 8930 8856 8827 8827 8856 8823 8827 8823 8665 8665 8823 8551 8665 8551 8331 8331 8551 8021 8331 8021 7524 7524 8021 7519 7524 7519 7665 7665 7519 7512 8290 8786 8436 8436 8786 8821 8436 8821 8831 8831 8821 8954 8831 8954 8932 8932 8954 9277 8932 9277 9203 9203 9277 9739 9203 9739 9656 9656 9739 10071 9656 10071 9986 9986 10071 10127 9986 10127 10125 10125 10127 10151 10125 10151 10141 10141 10151 10427 10141 10427 10314 10314 10427 10753 10314 10753 10638 10638 10753 11231 10638 11231 11102 11102 11231 11346 11102 11346 11337 11337 11346 11381 11337 11381 11351 11351 11381 11676 12344 11676 11810 11810 11676 11381 11810 11381 11457 11457 11381 11346 11457 11346 11347 11347 11346 11231 11347 11231 11306 11306 11231 10753 11306 10753 10993 10993 10753 10427 10993 10427 10521 10521 10427 10151 10521 10151 10202 10202 10151 10127 10202 10127 10132 10132 10127 10071 10132 10071 10111 10111 10071 9739 10111 9739 9803 9803 9739 9277 9803 9277 9340 9340 9277 8954 9340 8954 8858 8858 8954 8821 8858 8821 8835 8835 8821 8786 7665 8290 7524 7524 8290 8436 7524 8436 8331 8331 8436 8831 8331 8831 8665 8665 8831 8932 8665 8932 8827 8827 8932 9203 8827 9203 8930 8930 9203 9656 8930 9656 9069 9069 9656 9986 9069 9986 9382 9382 9986 10125 9382 10125 9815 9815 10125 10141 9815 10141 10103 10103 10141 10314 10103 10314 10130 10130 10314 10638 10130 10638 10156 10156 10638 11102 10156 11102 10419 10419 11102 11337 10419 11337 10728 10728 11337 11351 10728 11351 11348 11348 11351 11676 11348 11676 11841 11841 11676 12344 11841 12344 12537 13426 15578 15577 13426 15577 13393 13393 15577 15576 13393 15576 13198 13198 15576 15567 13198 15567 12835 12835 15567 15558 12835 15558 12562 12562 15558 15270 12562 15270 12478 12537 15270 12548 12548 15270 15558 12548 15558 12556 15578 12559 15577 15577 12559 12558 15577 12558 15576 15576 12558 12556 15576 12556 15567 15567 12556 15558 12559 12015 12558 12558 12015 12007 12558 12007 12556 12556 12007 11969 12556 11969 12548 12548 11969 11906 12548 11906 12537 12537 11906 11841 12015 11368 12007 12007 11368 11363 12007 11363 11969 11969 11363 11353 11969 11353 11906 11906 11353 11352 11906 11352 11841 11841 11352 11348 11368 11191 11363 11363 11191 11185 11363 11185 11353 11353 11185 11154 11353 11154 11352 11352 11154 11106 11352 11106 11348 11348 11106 11055 11185 11191 13426 12478 11055 12562 12562 11055 11106 12562 11106 12835 12835 11106 11154 12835 11154 13198 13198 11154 11185 13198 11185 13393 13393 11185 13426 </p>
                </triangles>
            </mesh>
        </geometry>
    </library_geometries>
    <library_visual_scenes>
        <visual_scene id="Scene-1" name="Scene-1">
            <node id="Object-1" name="Object-1">
                <instance_geometry url="#Mesh-1"><bind_material><technique_common><instance_material symbol="buoy-material-symbol" target="#buoy-material" /></technique_common></bind_material><bind_material><technique_common><instance_material symbol="buoy_material_symbol" target="#buoy_material" /></technique_common></bind_material></instance_geometry>
            </node>
        </visual_scene>
    </library_visual_scenes>
    <scene>
        <instance_visual_scene url="#Scene-1" />
    </scene>
<library_effects><effect id="buoy_effect"><profile_COMMON><technique sid="common"><lambert><emission><color>0 0 0 1</color></emission><ambient><color>1.0 0.05 0.02 1.0</color></ambient><diffuse><color>1.0 0.05 0.02 1.0</color></diffuse></lambert></technique></profile_COMMON></effect></library_effects><library_materials><material id="buoy_material" name="buoy_material"><instance_effect url="#buoy_effect" /></material></library_materials></COLLADA>